GrupoID,Estado,FechaReporte,Minas,Compañía minera,Pueblos,Departamento,Pueblos_actualizados,Año,Sem,Semestre
Grupo_191,Activo,2004-10-31,Yanacocha,Newmont,"['Quilish-38', 'Choropampa', 'San Juan']",CAJAMARCA,"['Quilish', 'Choropampa', 'San Juan']",2004,2,2004-S2
Grupo_191,Activo,2004-09-30,Yanacocha,Newmont,"['Quilish-38', 'Choropampa', 'San Juan']",CAJAMARCA,"['Quilish', 'Choropampa', 'San Juan']",2004,2,2004-S2
Grupo_250,Activo,2005-04-30,"Pierina, Antamina","Barrick,Antamina","['Ciudad de Huaraz', 'Caseríos y anexos cercanos al cerro Condorhuain']",ÁNCASH,"['Ciudad de Huaraz', 'Rondos Lauricocha']",2005,1,2005-S1
Grupo_256,Activo,2005-04-30,Yanacocha,Newmont,"['CP Ingatambo', 'CP Negritos', 'CP Lagunas', 'CP San Cirilo', 'CP Yanacanchilla Alta', 'CP Yanacanchilla Bajo']",CAJAMARCA,"['CP Ingatambo', 'CP Negritos', 'CP Lagunas', 'CP San Cirilo', 'CP Yanacanchilla Alta', 'Encañada Cajamarca']",2005,1,2005-S1
Grupo_250,Activo,2005-08-31,"Pierina, Antamina","Barrick,Antamina","['Ciudad de Huaraz', 'Caseríos y anexos cercanos al cerro Condorhuain']",ÁNCASH,"['Ciudad de Huaraz', 'Rondos Lauricocha']",2005,2,2005-S2
Grupo_278,Activo,2005-08-31,Las Bambas,Las Bambas,"['Cotabambas (Provincia)', 'Tambobamba', 'Chuquilambila']",APURÍMAC,"['Cotabambas', 'Tambobamba', 'Chuquibambilla']",2005,2,2005-S2
Grupo_250,Activo,2005-02-28,"Pierina, Antamina","Barrick,Antamina","['Ciudad de Huaraz', 'Caseríos y anexos cercanos al cerro Condorhuain']",ÁNCASH,"['Ciudad de Huaraz', 'Rondos Lauricocha']",2005,1,2005-S1
Grupo_336,Activo,2005-02-28,"San Nicolas, Cerro Corona","San Nicolas, Gold Fields","['Distrito de Bambamarca', 'CP Tingo']",CAJAMARCA,"['Bambamarca', 'CP Tingo']",2005,1,2005-S1
Grupo_250,Activo,2005-07-31,"Pierina, Antamina","Barrick,Antamina","['Ciudad de Huaraz', 'Caseríos y anexos cercanos al cerro Condorhuain']",ÁNCASH,"['Ciudad de Huaraz', 'Rondos Lauricocha']",2005,2,2005-S2
Grupo_256,Activo,2005-07-31,Yanacocha,Newmont,"['CP Ingatambo', 'CP Negritos', 'CP Lagunas', 'CP San Cirilo', 'CP Yanacanchilla Alta', 'CP Yanacanchilla Bajo']",CAJAMARCA,"['CP Ingatambo', 'CP Negritos', 'CP Lagunas', 'CP San Cirilo', 'CP Yanacanchilla Alta', 'Encañada Cajamarca']",2005,2,2005-S2
Grupo_350,Activo,2005-07-31,Yanacocha,Newmont,"['CP Quishuar corral', 'CP Aliso Colorado', 'CP San José']",CAJAMARCA,"['CP Quishuar corral', 'CP Aliso Colorado', 'CP San Jose']",2005,2,2005-S2
Grupo_250,Activo,2005-03-31,"Pierina, Antamina","Barrick,Antamina","['Ciudad de Huaraz', 'Caseríos y anexos cercanos al cerro Condorhuain']",ÁNCASH,"['Ciudad de Huaraz', 'Rondos Lauricocha']",2005,1,2005-S1
Grupo_250,Activo,2005-05-31,"Pierina, Antamina","Barrick,Antamina","['Ciudad de Huaraz', 'Caseríos y anexos cercanos al cerro Condorhuain']",ÁNCASH,"['Ciudad de Huaraz', 'Rondos Lauricocha']",2005,1,2005-S1
Grupo_256,Activo,2005-05-31,Yanacocha,Newmont,"['CP Ingatambo', 'CP Negritos', 'CP Lagunas', 'CP San Cirilo', 'CP Yanacanchilla Alta', 'CP Yanacanchilla Bajo']",CAJAMARCA,"['CP Ingatambo', 'CP Negritos', 'CP Lagunas', 'CP San Cirilo', 'CP Yanacanchilla Alta', 'Encañada Cajamarca']",2005,1,2005-S1
Grupo_250,Activo,2005-06-30,"Pierina, Antamina","Barrick,Antamina","['Ciudad de Huaraz', 'Caseríos y anexos cercanos al cerro Condorhuain']",ÁNCASH,"['Ciudad de Huaraz', 'Rondos Lauricocha']",2005,1,2005-S1
Grupo_256,Activo,2005-06-30,Yanacocha,Newmont,"['CP Ingatambo', 'CP Negritos', 'CP Lagunas', 'CP San Cirilo', 'CP Yanacanchilla Alta', 'CP Yanacanchilla Bajo']",CAJAMARCA,"['CP Ingatambo', 'CP Negritos', 'CP Lagunas', 'CP San Cirilo', 'CP Yanacanchilla Alta', 'Encañada Cajamarca']",2005,1,2005-S1
Grupo_350,Activo,2005-06-30,Yanacocha,Newmont,"['CP Quishuar corral', 'CP Aliso Colorado', 'CP San José']",CAJAMARCA,"['CP Quishuar corral', 'CP Aliso Colorado', 'CP San Jose']",2005,1,2005-S1
Grupo_278,Activo,2005-09-30,Las Bambas,Las Bambas,"['Cotabambas (Provincia)', 'Tambobamba', 'Chuquilambila']",APURÍMAC,"['Cotabambas', 'Tambobamba', 'Chuquibambilla']",2005,2,2005-S2
Grupo_250,Activo,2006-04-30,"Pierina, Antamina","Barrick,Antamina","['Ciudad de Huaraz', 'Caseríos y anexos cercanos al cerro Condorhuain']",ÁNCASH,"['Ciudad de Huaraz', 'Rondos Lauricocha']",2006,1,2006-S1
Grupo_417,Activo,2006-08-31,Yanacocha,Newmont,"['CP Combayo', 'CP Bellavista Alta']",CAJAMARCA,"['CP Combayo', 'CP Bellavista Alta']",2006,2,2006-S2
Grupo_417,Activo,2006-09-30,Yanacocha,Newmont,"['CP Combayo', 'CP Bellavista Alta']",CAJAMARCA,"['CP Combayo', 'CP Bellavista Alta']",2006,2,2006-S2
Grupo_434,Activo,2006-10-31,Cerro Corona,Gold Fields,"['Distrito de Hualgayoc', 'CP Coymolache Bajo', 'CP Coymolache Alto']",CAJAMARCA,"['Hualgayoc', 'Coimolache', 'Coimolache']",2006,2,2006-S2
Grupo_434,Activo,2006-11-30,Cerro Corona,Gold Fields,"['Distrito de Hualgayoc', 'CP Coymolache Bajo', 'CP Coymolache Alto']",CAJAMARCA,"['Hualgayoc', 'Coimolache', 'Coimolache']",2006,2,2006-S2
Grupo_434,Activo,2006-12-31,Cerro Corona,Gold Fields,"['Distrito de Hualgayoc', 'CP Coymolache Bajo', 'CP Coymolache Alto']",CAJAMARCA,"['Hualgayoc', 'Coimolache', 'Coimolache']",2006,2,2006-S2
Grupo_434,Activo,2007-01-31,Cerro Corona,Gold Fields,"['Distrito de Hualgayoc', 'CP Coymolache Bajo', 'CP Coymolache Alto']",CAJAMARCA,"['Hualgayoc', 'Coimolache', 'Coimolache']",2007,1,2007-S1
Grupo_455,Activo,2007-01-31,Pucamarca,Minsur,['CP Vilavilani'],TACNA,['CP Vilavilani'],2007,1,2007-S1
Grupo_463,Activo,2007-02-28,Yanacocha,Newmont,['CP Chanta Alta'],CAJAMARCA,['CP Chanta Alta'],2007,1,2007-S1
Grupo_455,Activo,2007-02-28,Pucamarca,Minsur,['CP Vilavilani'],TACNA,['CP Vilavilani'],2007,1,2007-S1
Grupo_463,Activo,2007-03-31,Yanacocha,Newmont,['CP Chanta Alta'],CAJAMARCA,['CP Chanta Alta'],2007,1,2007-S1
Grupo_455,Activo,2007-03-31,Pucamarca,Minsur,['CP Vilavilani'],TACNA,['CP Vilavilani'],2007,1,2007-S1
Grupo_481,Activo,2007-04-30,Antamina,Antamina,"['CP Ayash Pichiú', 'CP Santa Cruz Pichiú']",ÁNCASH,"['CP Ayash Pichiu', 'Santa Cruz Pichiu']",2007,1,2007-S1
Grupo_463,Activo,2007-04-30,Yanacocha,Newmont,['CP Chanta Alta'],CAJAMARCA,['CP Chanta Alta'],2007,1,2007-S1
Grupo_256,Activo,2007-04-30,Yanacocha,Newmont,"['CP Ingatambo', 'CP Negritos', 'CP Lagunas', 'CP San Cirilo', 'CP Yanacanchilla Alta', 'CP Yanacanchilla Bajo']",CAJAMARCA,"['CP Ingatambo', 'CP Negritos', 'CP Lagunas', 'CP San Cirilo', 'CP Yanacanchilla Alta', 'Encañada Cajamarca']",2007,1,2007-S1
Grupo_455,Activo,2007-04-30,Pucamarca,Minsur,['CP Vilavilani'],TACNA,['CP Vilavilani'],2007,1,2007-S1
Grupo_463,Activo,2007-05-31,Yanacocha,Newmont,['CP Chanta Alta'],CAJAMARCA,['CP Chanta Alta'],2007,1,2007-S1
Grupo_256,Activo,2007-05-31,Yanacocha,Newmont,"['CP Ingatambo', 'CP Negritos', 'CP Lagunas', 'CP San Cirilo', 'CP Yanacanchilla Alta', 'CP Yanacanchilla Bajo']",CAJAMARCA,"['CP Ingatambo', 'CP Negritos', 'CP Lagunas', 'CP San Cirilo', 'CP Yanacanchilla Alta', 'Encañada Cajamarca']",2007,1,2007-S1
Grupo_505,Activo,2007-05-31,Quellaveco,Angloamerican,['Distrito de Torata'],MOQUEGUA,['Distrito de Torata'],2007,1,2007-S1
Grupo_455,Activo,2007-05-31,Pucamarca,Minsur,['CP Vilavilani'],TACNA,['CP Vilavilani'],2007,1,2007-S1
Grupo_463,Activo,2007-06-30,Yanacocha,Newmont,['CP Chanta Alta'],CAJAMARCA,['CP Chanta Alta'],2007,1,2007-S1
Grupo_256,Activo,2007-06-30,Yanacocha,Newmont,"['CP Ingatambo', 'CP Negritos', 'CP Lagunas', 'CP San Cirilo', 'CP Yanacanchilla Alta', 'CP Yanacanchilla Bajo']",CAJAMARCA,"['CP Ingatambo', 'CP Negritos', 'CP Lagunas', 'CP San Cirilo', 'CP Yanacanchilla Alta', 'Encañada Cajamarca']",2007,1,2007-S1
Grupo_505,Activo,2007-06-30,Quellaveco,Angloamerican,['Distrito de Torata'],MOQUEGUA,['Distrito de Torata'],2007,1,2007-S1
Grupo_525,Activo,2007-06-30,Atacocha,Nexa Resources,['Distrito de San Francisco de Asís de Yarusyacan'],PASCO,['San Francisco de Asis de Yarusyacan'],2007,1,2007-S1
Grupo_455,Activo,2007-06-30,Pucamarca,Minsur,['CP Vilavilani'],TACNA,['CP Vilavilani'],2007,1,2007-S1
Grupo_278,Activo,2009-12-31,Las Bambas,Las Bambas,"['Cotabambas (Provincia)', 'Tambobamba', 'Chuquilambila']",APURÍMAC,"['Cotabambas', 'Tambobamba', 'Chuquibambilla']",2009,2,2009-S2
Grupo_463,Activo,2007-07-31,Yanacocha,Newmont,['CP Chanta Alta'],CAJAMARCA,['CP Chanta Alta'],2007,2,2007-S2
Grupo_455,Activo,2007-07-31,Pucamarca,Minsur,['CP Vilavilani'],TACNA,['CP Vilavilani'],2007,2,2007-S2
Grupo_278,Activo,2008-12-31,Las Bambas,Las Bambas,"['Cotabambas (Provincia)', 'Tambobamba', 'Chuquilambila']",APURÍMAC,"['Cotabambas', 'Tambobamba', 'Chuquibambilla']",2008,2,2008-S2
Grupo_463,Activo,2007-08-31,Yanacocha,Newmont,['CP Chanta Alta'],CAJAMARCA,['CP Chanta Alta'],2007,2,2007-S2
Grupo_455,Activo,2007-08-31,Pucamarca,Minsur,['CP Vilavilani'],TACNA,['CP Vilavilani'],2007,2,2007-S2
Grupo_463,Activo,2007-09-30,Yanacocha,Newmont,['CP Chanta Alta'],CAJAMARCA,['CP Chanta Alta'],2007,2,2007-S2
Grupo_455,Activo,2007-09-30,Pucamarca,Minsur,['CP Vilavilani'],TACNA,['CP Vilavilani'],2007,2,2007-S2
Grupo_278,Activo,2009-10-31,Las Bambas,Las Bambas,"['Cotabambas (Provincia)', 'Tambobamba', 'Chuquilambila']",APURÍMAC,"['Cotabambas', 'Tambobamba', 'Chuquibambilla']",2009,2,2009-S2
Grupo_463,Activo,2007-10-31,Yanacocha,Newmont,['CP Chanta Alta'],CAJAMARCA,['CP Chanta Alta'],2007,2,2007-S2
Grupo_256,Activo,2007-10-31,Yanacocha,Newmont,"['CP Ingatambo', 'CP Negritos', 'CP Lagunas', 'CP San Cirilo', 'CP Yanacanchilla Alta', 'CP Yanacanchilla Bajo']",CAJAMARCA,"['CP Ingatambo', 'CP Negritos', 'CP Lagunas', 'CP San Cirilo', 'CP Yanacanchilla Alta', 'Encañada Cajamarca']",2007,2,2007-S2
Grupo_455,Activo,2007-10-31,Pucamarca,Minsur,['CP Vilavilani'],TACNA,['CP Vilavilani'],2007,2,2007-S2
Grupo_278,Activo,2008-10-31,Las Bambas,Las Bambas,"['Cotabambas (Provincia)', 'Tambobamba', 'Chuquilambila']",APURÍMAC,"['Cotabambas', 'Tambobamba', 'Chuquibambilla']",2008,2,2008-S2
Grupo_463,Activo,2007-11-30,Yanacocha,Newmont,['CP Chanta Alta'],CAJAMARCA,['CP Chanta Alta'],2007,2,2007-S2
Grupo_256,Activo,2007-11-30,Yanacocha,Newmont,"['CP Ingatambo', 'CP Negritos', 'CP Lagunas', 'CP San Cirilo', 'CP Yanacanchilla Alta', 'CP Yanacanchilla Bajo']",CAJAMARCA,"['CP Ingatambo', 'CP Negritos', 'CP Lagunas', 'CP San Cirilo', 'CP Yanacanchilla Alta', 'Encañada Cajamarca']",2007,2,2007-S2
Grupo_455,Activo,2007-11-30,Pucamarca,Minsur,['CP Vilavilani'],TACNA,['CP Vilavilani'],2007,2,2007-S2
Grupo_278,Activo,2007-10-31,Las Bambas,Las Bambas,"['Cotabambas (Provincia)', 'Tambobamba', 'Chuquilambila']",APURÍMAC,"['Cotabambas', 'Tambobamba', 'Chuquibambilla']",2007,2,2007-S2
Grupo_463,Activo,2008-01-31,Yanacocha,Newmont,['CP Chanta Alta'],CAJAMARCA,['CP Chanta Alta'],2008,1,2008-S1
Grupo_455,Activo,2008-01-31,Pucamarca,Minsur,['CP Vilavilani'],TACNA,['CP Vilavilani'],2008,1,2008-S1
Grupo_278,Activo,2009-08-31,Las Bambas,Las Bambas,"['Cotabambas (Provincia)', 'Tambobamba', 'Chuquilambila']",APURÍMAC,"['Cotabambas', 'Tambobamba', 'Chuquibambilla']",2009,2,2009-S2
Grupo_463,Activo,2008-02-29,Yanacocha,Newmont,['CP Chanta Alta'],CAJAMARCA,['CP Chanta Alta'],2008,1,2008-S1
Grupo_606,Activo,2008-02-29,Toromocho,Chinalco,"['CP Morococha', 'CP Nueva Ciudad Morococha']",JUNÍN,"['CP Morococha', 'CP Morococha']",2008,1,2008-S1
Grupo_455,Activo,2008-02-29,Pucamarca,Minsur,['CP Vilavilani'],TACNA,['CP Vilavilani'],2008,1,2008-S1
Grupo_278,Activo,2008-08-31,Las Bambas,Las Bambas,"['Cotabambas (Provincia)', 'Tambobamba', 'Chuquilambila']",APURÍMAC,"['Cotabambas', 'Tambobamba', 'Chuquibambilla']",2008,2,2008-S2
Grupo_606,Activo,2008-03-31,Toromocho,Chinalco,"['CP Morococha', 'CP Nueva Ciudad Morococha']",JUNÍN,"['CP Morococha', 'CP Morococha']",2008,1,2008-S1
Grupo_505,Activo,2008-03-31,Quellaveco,Angloamerican,['Distrito de Torata'],MOQUEGUA,['Distrito de Torata'],2008,1,2008-S1
Grupo_455,Activo,2008-03-31,Pucamarca,Minsur,['CP Vilavilani'],TACNA,['CP Vilavilani'],2008,1,2008-S1
Grupo_278,Activo,2007-08-31,Las Bambas,Las Bambas,"['Cotabambas (Provincia)', 'Tambobamba', 'Chuquilambila']",APURÍMAC,"['Cotabambas', 'Tambobamba', 'Chuquibambilla']",2007,2,2007-S2
Grupo_463,Activo,2007-12-31,Yanacocha,Newmont,['CP Chanta Alta'],CAJAMARCA,['CP Chanta Alta'],2007,2,2007-S2
Grupo_455,Activo,2007-12-31,Pucamarca,Minsur,['CP Vilavilani'],TACNA,['CP Vilavilani'],2007,2,2007-S2
Grupo_638,Activo,2009-04-30,Antamina,Antamina,['CP San Antonio de Juprog'],ÁNCASH,['CP San Antonio de Juprog'],2009,1,2009-S1
Grupo_278,Activo,2009-07-31,Las Bambas,Las Bambas,"['Cotabambas (Provincia)', 'Tambobamba', 'Chuquilambila']",APURÍMAC,"['Cotabambas', 'Tambobamba', 'Chuquibambilla']",2009,2,2009-S2
Grupo_668,Activo,2009-04-30,Yanacocha,Newmont,"['CP LLanomayo', 'CP Llushcapampa Baja', 'CP Huambocancha Chica']",CAJAMARCA,"['CP LLanomayo', 'CP Llushcapampa Baja', 'Huambocancha']",2009,1,2009-S1
Grupo_674,Activo,2009-04-30,Yanacocha,Newmont,['CP La Ramada'],CAJAMARCA,['CP La Ramada'],2009,1,2009-S1
Grupo_682,Activo,2009-04-30,Yanacocha,Newmont,"['CP Huambocancha Alta', 'CP El Batán']",CAJAMARCA,"['Cumbancha Alta', 'CP El Batán']",2009,1,2009-S1
Grupo_606,Activo,2009-04-30,Toromocho,Chinalco,"['CP Morococha', 'CP Nueva Ciudad Morococha']",JUNÍN,"['CP Morococha', 'CP Morococha']",2009,1,2009-S1
Grupo_505,Activo,2009-04-30,Quellaveco,Angloamerican,['Distrito de Torata'],MOQUEGUA,['Distrito de Torata'],2009,1,2009-S1
Grupo_784,Activo,2009-04-30,Chungar,Volcan,['CP Huayllay'],PASCO,['CP Huayllay'],2009,1,2009-S1
Grupo_829,Activo,2009-09-30,Antamina,Antamina,"['CP Carhuayoc', 'CP Cátac']",ÁNCASH,"['CP Carhuayoc', 'CP Catac']",2009,2,2009-S2
Grupo_638,Activo,2009-09-30,Antamina,Antamina,['CP San Antonio de Juprog'],ÁNCASH,['CP San Antonio de Juprog'],2009,2,2009-S2
Grupo_278,Activo,2008-07-31,Las Bambas,Las Bambas,"['Cotabambas (Provincia)', 'Tambobamba', 'Chuquilambila']",APURÍMAC,"['Cotabambas', 'Tambobamba', 'Chuquibambilla']",2008,2,2008-S2
Grupo_682,Activo,2009-09-30,Yanacocha,Newmont,"['CP Huambocancha Alta', 'CP El Batán']",CAJAMARCA,"['Cumbancha Alta', 'CP El Batán']",2009,2,2009-S2
Grupo_847,Activo,2009-09-30,Yanacocha,Newmont,"['CP Pachachaca', 'CP Chanta Alta', 'CP El Alumbre', 'CP Totoracocha']",CAJAMARCA,"['Pachachaca', 'CP Chanta Alta', 'CP El Alumbre', 'CP Totoracocha']",2009,2,2009-S2
Grupo_848,Activo,2009-09-30,Yanacocha,Newmont,"['CP Magdalena', 'CP Choropampa', 'CP San Juan']",CAJAMARCA,"['CP Magdalena', 'CP Choropampa', 'San Juan']",2009,2,2009-S2
Grupo_674,Activo,2009-09-30,Yanacocha,Newmont,['CP La Ramada'],CAJAMARCA,['CP La Ramada'],2009,2,2009-S2
Grupo_606,Activo,2009-09-30,Toromocho,Chinalco,"['CP Morococha', 'CP Nueva Ciudad Morococha']",JUNÍN,"['CP Morococha', 'CP Morococha']",2009,2,2009-S2
Grupo_505,Activo,2009-09-30,Quellaveco,Angloamerican,['Distrito de Torata'],MOQUEGUA,['Distrito de Torata'],2009,2,2009-S2
Grupo_638,Activo,2008-07-31,Antamina,Antamina,['CP San Antonio de Juprog'],ÁNCASH,['CP San Antonio de Juprog'],2008,2,2008-S2
Grupo_278,Activo,2007-07-31,Las Bambas,Las Bambas,"['Cotabambas (Provincia)', 'Tambobamba', 'Chuquilambila']",APURÍMAC,"['Cotabambas', 'Tambobamba', 'Chuquibambilla']",2007,2,2007-S2
Grupo_350,Activo,2008-07-31,Yanacocha,Newmont,"['CP Quishuar corral', 'CP Aliso Colorado', 'CP San José']",CAJAMARCA,"['CP Quishuar corral', 'CP Aliso Colorado', 'CP San Jose']",2008,2,2008-S2
Grupo_682,Activo,2008-07-31,Yanacocha,Newmont,"['CP Huambocancha Alta', 'CP El Batán']",CAJAMARCA,"['Cumbancha Alta', 'CP El Batán']",2008,2,2008-S2
Grupo_606,Activo,2008-07-31,Toromocho,Chinalco,"['CP Morococha', 'CP Nueva Ciudad Morococha']",JUNÍN,"['CP Morococha', 'CP Morococha']",2008,2,2008-S2
Grupo_940,Activo,2008-07-31,Atacocha,Nexa Resources,['Distrito de Ticlacayán'],PASCO,['Ticlacayán'],2008,2,2008-S2
Grupo_829,Activo,2009-10-31,Antamina,Antamina,"['CP Carhuayoc', 'CP Cátac']",ÁNCASH,"['CP Carhuayoc', 'CP Catac']",2009,2,2009-S2
Grupo_638,Activo,2009-10-31,Antamina,Antamina,['CP San Antonio de Juprog'],ÁNCASH,['CP San Antonio de Juprog'],2009,2,2009-S2
Grupo_278,Activo,2009-05-31,Las Bambas,Las Bambas,"['Cotabambas (Provincia)', 'Tambobamba', 'Chuquilambila']",APURÍMAC,"['Cotabambas', 'Tambobamba', 'Chuquibambilla']",2009,1,2009-S1
Grupo_682,Activo,2009-10-31,Yanacocha,Newmont,"['CP Huambocancha Alta', 'CP El Batán']",CAJAMARCA,"['Cumbancha Alta', 'CP El Batán']",2009,2,2009-S2
Grupo_848,Activo,2009-10-31,Yanacocha,Newmont,"['CP Magdalena', 'CP Choropampa', 'CP San Juan']",CAJAMARCA,"['CP Magdalena', 'CP Choropampa', 'San Juan']",2009,2,2009-S2
Grupo_674,Activo,2009-10-31,Yanacocha,Newmont,['CP La Ramada'],CAJAMARCA,['CP La Ramada'],2009,2,2009-S2
Grupo_606,Activo,2009-10-31,Toromocho,Chinalco,"['CP Morococha', 'CP Nueva Ciudad Morococha']",JUNÍN,"['CP Morococha', 'CP Morococha']",2009,2,2009-S2
Grupo_505,Activo,2009-10-31,Quellaveco,Angloamerican,['Distrito de Torata'],MOQUEGUA,['Distrito de Torata'],2009,2,2009-S2
Grupo_965,Activo,2010-02-28,Antamina,Antamina,['CP Cajacay'],ÁNCASH,['CP Cajacay'],2010,1,2010-S1
Grupo_481,Activo,2010-02-28,Antamina,Antamina,"['CP Ayash Pichiú', 'CP Santa Cruz Pichiú']",ÁNCASH,"['CP Ayash Pichiu', 'Santa Cruz Pichiu']",2010,1,2010-S1
Grupo_967,Activo,2010-02-28,Antamina,Antamina,['CP Racrachaca'],ÁNCASH,['CP Racrachaca'],2010,1,2010-S1
Grupo_829,Activo,2010-02-28,Antamina,Antamina,"['CP Carhuayoc', 'CP Cátac']",ÁNCASH,"['CP Carhuayoc', 'CP Catac']",2010,1,2010-S1
Grupo_638,Activo,2010-02-28,Antamina,Antamina,['CP San Antonio de Juprog'],ÁNCASH,['CP San Antonio de Juprog'],2010,1,2010-S1
Grupo_278,Activo,2008-05-31,Las Bambas,Las Bambas,"['Cotabambas (Provincia)', 'Tambobamba', 'Chuquilambila']",APURÍMAC,"['Cotabambas', 'Tambobamba', 'Chuquibambilla']",2008,1,2008-S1
Grupo_682,Activo,2010-02-28,Yanacocha,Newmont,"['CP Huambocancha Alta', 'CP El Batán']",CAJAMARCA,"['Cumbancha Alta', 'CP El Batán']",2010,1,2010-S1
Grupo_848,Activo,2010-02-28,Yanacocha,Newmont,"['CP Magdalena', 'CP Choropampa', 'CP San Juan']",CAJAMARCA,"['CP Magdalena', 'CP Choropampa', 'San Juan']",2010,1,2010-S1
Grupo_674,Activo,2010-02-28,Yanacocha,Newmont,['CP La Ramada'],CAJAMARCA,['CP La Ramada'],2010,1,2010-S1
Grupo_606,Activo,2010-02-28,Toromocho,Chinalco,"['CP Morococha', 'CP Nueva Ciudad Morococha']",JUNÍN,"['CP Morococha', 'CP Morococha']",2010,1,2010-S1
Grupo_505,Activo,2010-02-28,Quellaveco,Angloamerican,['Distrito de Torata'],MOQUEGUA,['Distrito de Torata'],2010,1,2010-S1
Grupo_278,Latente,2007-05-31,Las Bambas,Las Bambas,"['Cotabambas (Provincia)', 'Tambobamba', 'Chuquilambila']",APURÍMAC,"['Cotabambas', 'Tambobamba', 'Chuquibambilla']",2007,1,2007-S1
Grupo_682,Activo,2008-05-31,Yanacocha,Newmont,"['CP Huambocancha Alta', 'CP El Batán']",CAJAMARCA,"['Cumbancha Alta', 'CP El Batán']",2008,1,2008-S1
Grupo_606,Activo,2008-05-31,Toromocho,Chinalco,"['CP Morococha', 'CP Nueva Ciudad Morococha']",JUNÍN,"['CP Morococha', 'CP Morococha']",2008,1,2008-S1
Grupo_505,Activo,2008-05-31,Quellaveco,Angloamerican,['Distrito de Torata'],MOQUEGUA,['Distrito de Torata'],2008,1,2008-S1
Grupo_940,Activo,2008-05-31,Atacocha,Nexa Resources,['Distrito de Ticlacayán'],PASCO,['Ticlacayán'],2008,1,2008-S1
Grupo_638,Activo,2009-02-28,Antamina,Antamina,['CP San Antonio de Juprog'],ÁNCASH,['CP San Antonio de Juprog'],2009,1,2009-S1
Grupo_278,Activo,2009-03-31,Las Bambas,Las Bambas,"['Cotabambas (Provincia)', 'Tambobamba', 'Chuquilambila']",APURÍMAC,"['Cotabambas', 'Tambobamba', 'Chuquibambilla']",2009,1,2009-S1
Grupo_674,Activo,2009-02-28,Yanacocha,Newmont,['CP La Ramada'],CAJAMARCA,['CP La Ramada'],2009,1,2009-S1
Grupo_682,Activo,2009-02-28,Yanacocha,Newmont,"['CP Huambocancha Alta', 'CP El Batán']",CAJAMARCA,"['Cumbancha Alta', 'CP El Batán']",2009,1,2009-S1
Grupo_606,Activo,2009-02-28,Toromocho,Chinalco,"['CP Morococha', 'CP Nueva Ciudad Morococha']",JUNÍN,"['CP Morococha', 'CP Morococha']",2009,1,2009-S1
Grupo_505,Activo,2009-02-28,Quellaveco,Angloamerican,['Distrito de Torata'],MOQUEGUA,['Distrito de Torata'],2009,1,2009-S1
Grupo_784,Activo,2009-02-28,Chungar,Volcan,['CP Huayllay'],PASCO,['CP Huayllay'],2009,1,2009-S1
Grupo_965,Activo,2010-09-30,Antamina,Antamina,['CP Cajacay'],ÁNCASH,['CP Cajacay'],2010,2,2010-S2
Grupo_481,Activo,2010-09-30,Antamina,Antamina,"['CP Ayash Pichiú', 'CP Santa Cruz Pichiú']",ÁNCASH,"['CP Ayash Pichiu', 'Santa Cruz Pichiu']",2010,2,2010-S2
Grupo_967,Activo,2010-09-30,Antamina,Antamina,['CP Racrachaca'],ÁNCASH,['CP Racrachaca'],2010,2,2010-S2
Grupo_829,Activo,2010-09-30,Antamina,Antamina,"['CP Carhuayoc', 'CP Cátac']",ÁNCASH,"['CP Carhuayoc', 'CP Catac']",2010,2,2010-S2
Grupo_638,Activo,2010-09-30,Antamina,Antamina,['CP San Antonio de Juprog'],ÁNCASH,['CP San Antonio de Juprog'],2010,2,2010-S2
Grupo_848,Activo,2010-09-30,Yanacocha,Newmont,"['CP Magdalena', 'CP Choropampa', 'CP San Juan']",CAJAMARCA,"['CP Magdalena', 'CP Choropampa', 'San Juan']",2010,2,2010-S2
Grupo_1045,Activo,2010-09-30,Yanacocha,Newmont,['CP Quishuar corral'],CAJAMARCA,['CP Quishuar corral'],2010,2,2010-S2
Grupo_505,Activo,2010-09-30,Quellaveco,Angloamerican,['Distrito de Torata'],MOQUEGUA,['Distrito de Torata'],2010,2,2010-S2
Grupo_638,Activo,2008-12-31,Antamina,Antamina,['CP San Antonio de Juprog'],ÁNCASH,['CP San Antonio de Juprog'],2008,2,2008-S2
Grupo_278,Activo,2008-03-31,Las Bambas,Las Bambas,"['Cotabambas (Provincia)', 'Tambobamba', 'Chuquilambila']",APURÍMAC,"['Cotabambas', 'Tambobamba', 'Chuquibambilla']",2008,1,2008-S1
Grupo_674,Activo,2008-12-31,Yanacocha,Newmont,['CP La Ramada'],CAJAMARCA,['CP La Ramada'],2008,2,2008-S2
Grupo_682,Activo,2008-12-31,Yanacocha,Newmont,"['CP Huambocancha Alta', 'CP El Batán']",CAJAMARCA,"['Cumbancha Alta', 'CP El Batán']",2008,2,2008-S2
Grupo_606,Activo,2008-12-31,Toromocho,Chinalco,"['CP Morococha', 'CP Nueva Ciudad Morococha']",JUNÍN,"['CP Morococha', 'CP Morococha']",2008,2,2008-S2
Grupo_505,Activo,2008-12-31,Quellaveco,Angloamerican,['Distrito de Torata'],MOQUEGUA,['Distrito de Torata'],2008,2,2008-S2
Grupo_784,Activo,2008-12-31,Chungar,Volcan,['CP Huayllay'],PASCO,['CP Huayllay'],2008,2,2008-S2
Grupo_638,Activo,2009-03-31,Antamina,Antamina,['CP San Antonio de Juprog'],ÁNCASH,['CP San Antonio de Juprog'],2009,1,2009-S1
Grupo_278,Activo,2010-01-31,Las Bambas,Las Bambas,"['Cotabambas (Provincia)', 'Tambobamba', 'Chuquilambila']",APURÍMAC,"['Cotabambas', 'Tambobamba', 'Chuquibambilla']",2010,1,2010-S1
Grupo_674,Activo,2009-03-31,Yanacocha,Newmont,['CP La Ramada'],CAJAMARCA,['CP La Ramada'],2009,1,2009-S1
Grupo_682,Activo,2009-03-31,Yanacocha,Newmont,"['CP Huambocancha Alta', 'CP El Batán']",CAJAMARCA,"['Cumbancha Alta', 'CP El Batán']",2009,1,2009-S1
Grupo_606,Activo,2009-03-31,Toromocho,Chinalco,"['CP Morococha', 'CP Nueva Ciudad Morococha']",JUNÍN,"['CP Morococha', 'CP Morococha']",2009,1,2009-S1
Grupo_505,Activo,2009-03-31,Quellaveco,Angloamerican,['Distrito de Torata'],MOQUEGUA,['Distrito de Torata'],2009,1,2009-S1
Grupo_784,Activo,2009-03-31,Chungar,Volcan,['CP Huayllay'],PASCO,['CP Huayllay'],2009,1,2009-S1
Grupo_278,Activo,2009-01-31,Las Bambas,Las Bambas,"['Cotabambas (Provincia)', 'Tambobamba', 'Chuquilambila']",APURÍMAC,"['Cotabambas', 'Tambobamba', 'Chuquibambilla']",2009,1,2009-S1
Grupo_682,Activo,2008-04-30,Yanacocha,Newmont,"['CP Huambocancha Alta', 'CP El Batán']",CAJAMARCA,"['Cumbancha Alta', 'CP El Batán']",2008,1,2008-S1
Grupo_505,Activo,2008-04-30,Quellaveco,Angloamerican,['Distrito de Torata'],MOQUEGUA,['Distrito de Torata'],2008,1,2008-S1
Grupo_940,Activo,2008-04-30,Atacocha,Nexa Resources,['Distrito de Ticlacayán'],PASCO,['Ticlacayán'],2008,1,2008-S1
Grupo_638,Activo,2008-06-30,Antamina,Antamina,['CP San Antonio de Juprog'],ÁNCASH,['CP San Antonio de Juprog'],2008,1,2008-S1
Grupo_278,Activo,2008-01-31,Las Bambas,Las Bambas,"['Cotabambas (Provincia)', 'Tambobamba', 'Chuquilambila']",APURÍMAC,"['Cotabambas', 'Tambobamba', 'Chuquibambilla']",2008,1,2008-S1
Grupo_350,Activo,2008-06-30,Yanacocha,Newmont,"['CP Quishuar corral', 'CP Aliso Colorado', 'CP San José']",CAJAMARCA,"['CP Quishuar corral', 'CP Aliso Colorado', 'CP San Jose']",2008,1,2008-S1
Grupo_682,Activo,2008-06-30,Yanacocha,Newmont,"['CP Huambocancha Alta', 'CP El Batán']",CAJAMARCA,"['Cumbancha Alta', 'CP El Batán']",2008,1,2008-S1
Grupo_606,Activo,2008-06-30,Toromocho,Chinalco,"['CP Morococha', 'CP Nueva Ciudad Morococha']",JUNÍN,"['CP Morococha', 'CP Morococha']",2008,1,2008-S1
Grupo_505,Activo,2008-06-30,Quellaveco,Angloamerican,['Distrito de Torata'],MOQUEGUA,['Distrito de Torata'],2008,1,2008-S1
Grupo_940,Activo,2008-06-30,Atacocha,Nexa Resources,['Distrito de Ticlacayán'],PASCO,['Ticlacayán'],2008,1,2008-S1
Grupo_638,Activo,2008-08-31,Antamina,Antamina,['CP San Antonio de Juprog'],ÁNCASH,['CP San Antonio de Juprog'],2008,2,2008-S2
Grupo_278,Activo,2009-11-30,Las Bambas,Las Bambas,"['Cotabambas (Provincia)', 'Tambobamba', 'Chuquilambila']",APURÍMAC,"['Cotabambas', 'Tambobamba', 'Chuquibambilla']",2009,2,2009-S2
Grupo_350,Activo,2008-08-31,Yanacocha,Newmont,"['CP Quishuar corral', 'CP Aliso Colorado', 'CP San José']",CAJAMARCA,"['CP Quishuar corral', 'CP Aliso Colorado', 'CP San Jose']",2008,2,2008-S2
Grupo_682,Activo,2008-08-31,Yanacocha,Newmont,"['CP Huambocancha Alta', 'CP El Batán']",CAJAMARCA,"['Cumbancha Alta', 'CP El Batán']",2008,2,2008-S2
Grupo_606,Activo,2008-08-31,Toromocho,Chinalco,"['CP Morococha', 'CP Nueva Ciudad Morococha']",JUNÍN,"['CP Morococha', 'CP Morococha']",2008,2,2008-S2
Grupo_505,Activo,2008-08-31,Quellaveco,Angloamerican,['Distrito de Torata'],MOQUEGUA,['Distrito de Torata'],2008,2,2008-S2
Grupo_940,Activo,2008-08-31,Atacocha,Nexa Resources,['Distrito de Ticlacayán'],PASCO,['Ticlacayán'],2008,2,2008-S2
Grupo_965,Activo,2010-08-31,Antamina,Antamina,['CP Cajacay'],ÁNCASH,['CP Cajacay'],2010,2,2010-S2
Grupo_481,Activo,2010-08-31,Antamina,Antamina,"['CP Ayash Pichiú', 'CP Santa Cruz Pichiú']",ÁNCASH,"['CP Ayash Pichiu', 'Santa Cruz Pichiu']",2010,2,2010-S2
Grupo_967,Activo,2010-08-31,Antamina,Antamina,['CP Racrachaca'],ÁNCASH,['CP Racrachaca'],2010,2,2010-S2
Grupo_829,Activo,2010-08-31,Antamina,Antamina,"['CP Carhuayoc', 'CP Cátac']",ÁNCASH,"['CP Carhuayoc', 'CP Catac']",2010,2,2010-S2
Grupo_638,Activo,2010-08-31,Antamina,Antamina,['CP San Antonio de Juprog'],ÁNCASH,['CP San Antonio de Juprog'],2010,2,2010-S2
Grupo_848,Activo,2010-08-31,Yanacocha,Newmont,"['CP Magdalena', 'CP Choropampa', 'CP San Juan']",CAJAMARCA,"['CP Magdalena', 'CP Choropampa', 'San Juan']",2010,2,2010-S2
Grupo_1045,Activo,2010-08-31,Yanacocha,Newmont,['CP Quishuar corral'],CAJAMARCA,['CP Quishuar corral'],2010,2,2010-S2
Grupo_606,Activo,2010-08-31,Toromocho,Chinalco,"['CP Morococha', 'CP Nueva Ciudad Morococha']",JUNÍN,"['CP Morococha', 'CP Morococha']",2010,2,2010-S2
Grupo_505,Activo,2010-08-31,Quellaveco,Angloamerican,['Distrito de Torata'],MOQUEGUA,['Distrito de Torata'],2010,2,2010-S2
Grupo_638,Activo,2009-05-31,Antamina,Antamina,['CP San Antonio de Juprog'],ÁNCASH,['CP San Antonio de Juprog'],2009,1,2009-S1
Grupo_278,Activo,2008-11-30,Las Bambas,Las Bambas,"['Cotabambas (Provincia)', 'Tambobamba', 'Chuquilambila']",APURÍMAC,"['Cotabambas', 'Tambobamba', 'Chuquibambilla']",2008,2,2008-S2
Grupo_668,Activo,2009-05-31,Yanacocha,Newmont,"['CP LLanomayo', 'CP Llushcapampa Baja', 'CP Huambocancha Chica']",CAJAMARCA,"['CP LLanomayo', 'CP Llushcapampa Baja', 'Huambocancha']",2009,1,2009-S1
Grupo_848,Activo,2009-05-31,Yanacocha,Newmont,"['CP Magdalena', 'CP Choropampa', 'CP San Juan']",CAJAMARCA,"['CP Magdalena', 'CP Choropampa', 'San Juan']",2009,1,2009-S1
Grupo_674,Activo,2009-05-31,Yanacocha,Newmont,['CP La Ramada'],CAJAMARCA,['CP La Ramada'],2009,1,2009-S1
Grupo_682,Activo,2009-05-31,Yanacocha,Newmont,"['CP Huambocancha Alta', 'CP El Batán']",CAJAMARCA,"['Cumbancha Alta', 'CP El Batán']",2009,1,2009-S1
Grupo_606,Activo,2009-05-31,Toromocho,Chinalco,"['CP Morococha', 'CP Nueva Ciudad Morococha']",JUNÍN,"['CP Morococha', 'CP Morococha']",2009,1,2009-S1
Grupo_505,Activo,2009-05-31,Quellaveco,Angloamerican,['Distrito de Torata'],MOQUEGUA,['Distrito de Torata'],2009,1,2009-S1
Grupo_940,Activo,2009-05-31,Atacocha,Nexa Resources,['Distrito de Ticlacayán'],PASCO,['Ticlacayán'],2009,1,2009-S1
Grupo_784,Activo,2009-05-31,Chungar,Volcan,['CP Huayllay'],PASCO,['CP Huayllay'],2009,1,2009-S1
Grupo_638,Activo,2009-06-30,Antamina,Antamina,['CP San Antonio de Juprog'],ÁNCASH,['CP San Antonio de Juprog'],2009,1,2009-S1
Grupo_278,Activo,2007-11-30,Las Bambas,Las Bambas,"['Cotabambas (Provincia)', 'Tambobamba', 'Chuquilambila']",APURÍMAC,"['Cotabambas', 'Tambobamba', 'Chuquibambilla']",2007,2,2007-S2
Grupo_668,Activo,2009-06-30,Yanacocha,Newmont,"['CP LLanomayo', 'CP Llushcapampa Baja', 'CP Huambocancha Chica']",CAJAMARCA,"['CP LLanomayo', 'CP Llushcapampa Baja', 'Huambocancha']",2009,1,2009-S1
Grupo_848,Activo,2009-06-30,Yanacocha,Newmont,"['CP Magdalena', 'CP Choropampa', 'CP San Juan']",CAJAMARCA,"['CP Magdalena', 'CP Choropampa', 'San Juan']",2009,1,2009-S1
Grupo_674,Activo,2009-06-30,Yanacocha,Newmont,['CP La Ramada'],CAJAMARCA,['CP La Ramada'],2009,1,2009-S1
Grupo_682,Activo,2009-06-30,Yanacocha,Newmont,"['CP Huambocancha Alta', 'CP El Batán']",CAJAMARCA,"['Cumbancha Alta', 'CP El Batán']",2009,1,2009-S1
Grupo_606,Activo,2009-06-30,Toromocho,Chinalco,"['CP Morococha', 'CP Nueva Ciudad Morococha']",JUNÍN,"['CP Morococha', 'CP Morococha']",2009,1,2009-S1
Grupo_505,Activo,2009-06-30,Quellaveco,Angloamerican,['Distrito de Torata'],MOQUEGUA,['Distrito de Torata'],2009,1,2009-S1
Grupo_940,Activo,2009-06-30,Atacocha,Nexa Resources,['Distrito de Ticlacayán'],PASCO,['Ticlacayán'],2009,1,2009-S1
Grupo_784,Activo,2009-06-30,Chungar,Volcan,['CP Huayllay'],PASCO,['CP Huayllay'],2009,1,2009-S1
Grupo_638,Activo,2009-07-31,Antamina,Antamina,['CP San Antonio de Juprog'],ÁNCASH,['CP San Antonio de Juprog'],2009,2,2009-S2
Grupo_278,Activo,2009-09-30,Las Bambas,Las Bambas,"['Cotabambas (Provincia)', 'Tambobamba', 'Chuquilambila']",APURÍMAC,"['Cotabambas', 'Tambobamba', 'Chuquibambilla']",2009,2,2009-S2
Grupo_847,Activo,2009-07-31,Yanacocha,Newmont,"['CP Pachachaca', 'CP Chanta Alta', 'CP El Alumbre', 'CP Totoracocha']",CAJAMARCA,"['Pachachaca', 'CP Chanta Alta', 'CP El Alumbre', 'CP Totoracocha']",2009,2,2009-S2
Grupo_848,Activo,2009-07-31,Yanacocha,Newmont,"['CP Magdalena', 'CP Choropampa', 'CP San Juan']",CAJAMARCA,"['CP Magdalena', 'CP Choropampa', 'San Juan']",2009,2,2009-S2
Grupo_674,Activo,2009-07-31,Yanacocha,Newmont,['CP La Ramada'],CAJAMARCA,['CP La Ramada'],2009,2,2009-S2
Grupo_606,Activo,2009-07-31,Toromocho,Chinalco,"['CP Morococha', 'CP Nueva Ciudad Morococha']",JUNÍN,"['CP Morococha', 'CP Morococha']",2009,2,2009-S2
Grupo_505,Activo,2009-07-31,Quellaveco,Angloamerican,['Distrito de Torata'],MOQUEGUA,['Distrito de Torata'],2009,2,2009-S2
Grupo_940,Activo,2009-07-31,Atacocha,Nexa Resources,['Distrito de Ticlacayán'],PASCO,['Ticlacayán'],2009,2,2009-S2
Grupo_784,Activo,2009-07-31,Chungar,Volcan,['CP Huayllay'],PASCO,['CP Huayllay'],2009,2,2009-S2
Grupo_829,Activo,2009-08-31,Antamina,Antamina,"['CP Carhuayoc', 'CP Cátac']",ÁNCASH,"['CP Carhuayoc', 'CP Catac']",2009,2,2009-S2
Grupo_638,Activo,2009-08-31,Antamina,Antamina,['CP San Antonio de Juprog'],ÁNCASH,['CP San Antonio de Juprog'],2009,2,2009-S2
Grupo_278,Activo,2008-09-30,Las Bambas,Las Bambas,"['Cotabambas (Provincia)', 'Tambobamba', 'Chuquilambila']",APURÍMAC,"['Cotabambas', 'Tambobamba', 'Chuquibambilla']",2008,2,2008-S2
Grupo_847,Activo,2009-08-31,Yanacocha,Newmont,"['CP Pachachaca', 'CP Chanta Alta', 'CP El Alumbre', 'CP Totoracocha']",CAJAMARCA,"['Pachachaca', 'CP Chanta Alta', 'CP El Alumbre', 'CP Totoracocha']",2009,2,2009-S2
Grupo_848,Activo,2009-08-31,Yanacocha,Newmont,"['CP Magdalena', 'CP Choropampa', 'CP San Juan']",CAJAMARCA,"['CP Magdalena', 'CP Choropampa', 'San Juan']",2009,2,2009-S2
Grupo_674,Activo,2009-08-31,Yanacocha,Newmont,['CP La Ramada'],CAJAMARCA,['CP La Ramada'],2009,2,2009-S2
Grupo_606,Activo,2009-08-31,Toromocho,Chinalco,"['CP Morococha', 'CP Nueva Ciudad Morococha']",JUNÍN,"['CP Morococha', 'CP Morococha']",2009,2,2009-S2
Grupo_505,Activo,2009-08-31,Quellaveco,Angloamerican,['Distrito de Torata'],MOQUEGUA,['Distrito de Torata'],2009,2,2009-S2
Grupo_940,Activo,2009-08-31,Atacocha,Nexa Resources,['Distrito de Ticlacayán'],PASCO,['Ticlacayán'],2009,2,2009-S2
Grupo_784,Activo,2009-08-31,Chungar,Volcan,['CP Huayllay'],PASCO,['CP Huayllay'],2009,2,2009-S2
Grupo_965,Activo,2009-11-30,Antamina,Antamina,['CP Cajacay'],ÁNCASH,['CP Cajacay'],2009,2,2009-S2
Grupo_829,Activo,2009-11-30,Antamina,Antamina,"['CP Carhuayoc', 'CP Cátac']",ÁNCASH,"['CP Carhuayoc', 'CP Catac']",2009,2,2009-S2
Grupo_638,Activo,2009-11-30,Antamina,Antamina,['CP San Antonio de Juprog'],ÁNCASH,['CP San Antonio de Juprog'],2009,2,2009-S2
Grupo_278,Activo,2007-09-30,Las Bambas,Las Bambas,"['Cotabambas (Provincia)', 'Tambobamba', 'Chuquilambila']",APURÍMAC,"['Cotabambas', 'Tambobamba', 'Chuquibambilla']",2007,2,2007-S2
Grupo_847,Activo,2009-11-30,Yanacocha,Newmont,"['CP Pachachaca', 'CP Chanta Alta', 'CP El Alumbre', 'CP Totoracocha']",CAJAMARCA,"['Pachachaca', 'CP Chanta Alta', 'CP El Alumbre', 'CP Totoracocha']",2009,2,2009-S2
Grupo_682,Activo,2009-11-30,Yanacocha,Newmont,"['CP Huambocancha Alta', 'CP El Batán']",CAJAMARCA,"['Cumbancha Alta', 'CP El Batán']",2009,2,2009-S2
Grupo_848,Activo,2009-11-30,Yanacocha,Newmont,"['CP Magdalena', 'CP Choropampa', 'CP San Juan']",CAJAMARCA,"['CP Magdalena', 'CP Choropampa', 'San Juan']",2009,2,2009-S2
Grupo_674,Activo,2009-11-30,Yanacocha,Newmont,['CP La Ramada'],CAJAMARCA,['CP La Ramada'],2009,2,2009-S2
Grupo_606,Activo,2009-11-30,Toromocho,Chinalco,"['CP Morococha', 'CP Nueva Ciudad Morococha']",JUNÍN,"['CP Morococha', 'CP Morococha']",2009,2,2009-S2
Grupo_505,Activo,2009-11-30,Quellaveco,Angloamerican,['Distrito de Torata'],MOQUEGUA,['Distrito de Torata'],2009,2,2009-S2
Grupo_965,Activo,2010-01-31,Antamina,Antamina,['CP Cajacay'],ÁNCASH,['CP Cajacay'],2010,1,2010-S1
Grupo_967,Activo,2010-01-31,Antamina,Antamina,['CP Racrachaca'],ÁNCASH,['CP Racrachaca'],2010,1,2010-S1
Grupo_829,Activo,2010-01-31,Antamina,Antamina,"['CP Carhuayoc', 'CP Cátac']",ÁNCASH,"['CP Carhuayoc', 'CP Catac']",2010,1,2010-S1
Grupo_638,Activo,2010-01-31,Antamina,Antamina,['CP San Antonio de Juprog'],ÁNCASH,['CP San Antonio de Juprog'],2010,1,2010-S1
Grupo_278,Activo,2009-06-30,Las Bambas,Las Bambas,"['Cotabambas (Provincia)', 'Tambobamba', 'Chuquilambila']",APURÍMAC,"['Cotabambas', 'Tambobamba', 'Chuquibambilla']",2009,1,2009-S1
Grupo_682,Activo,2010-01-31,Yanacocha,Newmont,"['CP Huambocancha Alta', 'CP El Batán']",CAJAMARCA,"['Cumbancha Alta', 'CP El Batán']",2010,1,2010-S1
Grupo_848,Activo,2010-01-31,Yanacocha,Newmont,"['CP Magdalena', 'CP Choropampa', 'CP San Juan']",CAJAMARCA,"['CP Magdalena', 'CP Choropampa', 'San Juan']",2010,1,2010-S1
Grupo_674,Activo,2010-01-31,Yanacocha,Newmont,['CP La Ramada'],CAJAMARCA,['CP La Ramada'],2010,1,2010-S1
Grupo_606,Activo,2010-01-31,Toromocho,Chinalco,"['CP Morococha', 'CP Nueva Ciudad Morococha']",JUNÍN,"['CP Morococha', 'CP Morococha']",2010,1,2010-S1
Grupo_965,Activo,2010-03-31,Antamina,Antamina,['CP Cajacay'],ÁNCASH,['CP Cajacay'],2010,1,2010-S1
Grupo_481,Activo,2010-03-31,Antamina,Antamina,"['CP Ayash Pichiú', 'CP Santa Cruz Pichiú']",ÁNCASH,"['CP Ayash Pichiu', 'Santa Cruz Pichiu']",2010,1,2010-S1
Grupo_967,Activo,2010-03-31,Antamina,Antamina,['CP Racrachaca'],ÁNCASH,['CP Racrachaca'],2010,1,2010-S1
Grupo_829,Activo,2010-03-31,Antamina,Antamina,"['CP Carhuayoc', 'CP Cátac']",ÁNCASH,"['CP Carhuayoc', 'CP Catac']",2010,1,2010-S1
Grupo_638,Activo,2010-03-31,Antamina,Antamina,['CP San Antonio de Juprog'],ÁNCASH,['CP San Antonio de Juprog'],2010,1,2010-S1
Grupo_278,Activo,2010-03-31,Las Bambas,Las Bambas,"['Cotabambas (Provincia)', 'Tambobamba', 'Chuquilambila']",APURÍMAC,"['Cotabambas', 'Tambobamba', 'Chuquibambilla']",2010,1,2010-S1
Grupo_682,Activo,2010-03-31,Yanacocha,Newmont,"['CP Huambocancha Alta', 'CP El Batán']",CAJAMARCA,"['Cumbancha Alta', 'CP El Batán']",2010,1,2010-S1
Grupo_606,Activo,2010-03-31,Toromocho,Chinalco,"['CP Morococha', 'CP Nueva Ciudad Morococha']",JUNÍN,"['CP Morococha', 'CP Morococha']",2010,1,2010-S1
Grupo_505,Activo,2010-03-31,Quellaveco,Angloamerican,['Distrito de Torata'],MOQUEGUA,['Distrito de Torata'],2010,1,2010-S1
Grupo_965,Activo,2010-04-30,Antamina,Antamina,['CP Cajacay'],ÁNCASH,['CP Cajacay'],2010,1,2010-S1
Grupo_481,Activo,2010-04-30,Antamina,Antamina,"['CP Ayash Pichiú', 'CP Santa Cruz Pichiú']",ÁNCASH,"['CP Ayash Pichiu', 'Santa Cruz Pichiu']",2010,1,2010-S1
Grupo_967,Activo,2010-04-30,Antamina,Antamina,['CP Racrachaca'],ÁNCASH,['CP Racrachaca'],2010,1,2010-S1
Grupo_829,Activo,2010-04-30,Antamina,Antamina,"['CP Carhuayoc', 'CP Cátac']",ÁNCASH,"['CP Carhuayoc', 'CP Catac']",2010,1,2010-S1
Grupo_638,Activo,2010-04-30,Antamina,Antamina,['CP San Antonio de Juprog'],ÁNCASH,['CP San Antonio de Juprog'],2010,1,2010-S1
Grupo_278,Activo,2010-04-30,Las Bambas,Las Bambas,"['Cotabambas (Provincia)', 'Tambobamba', 'Chuquilambila']",APURÍMAC,"['Cotabambas', 'Tambobamba', 'Chuquibambilla']",2010,1,2010-S1
Grupo_1045,Activo,2010-04-30,Yanacocha,Newmont,['CP Quishuar corral'],CAJAMARCA,['CP Quishuar corral'],2010,1,2010-S1
Grupo_682,Activo,2010-04-30,Yanacocha,Newmont,"['CP Huambocancha Alta', 'CP El Batán']",CAJAMARCA,"['Cumbancha Alta', 'CP El Batán']",2010,1,2010-S1
Grupo_674,Activo,2010-04-30,Yanacocha,Newmont,['CP La Ramada'],CAJAMARCA,['CP La Ramada'],2010,1,2010-S1
Grupo_1178,Activo,2010-04-30,Cerro Corona,Gold Fields,['Distrito de Hualgayoc'],CAJAMARCA,['Hualgayoc'],2010,1,2010-S1
Grupo_606,Activo,2010-04-30,Toromocho,Chinalco,"['CP Morococha', 'CP Nueva Ciudad Morococha']",JUNÍN,"['CP Morococha', 'CP Morococha']",2010,1,2010-S1
Grupo_505,Activo,2010-04-30,Quellaveco,Angloamerican,['Distrito de Torata'],MOQUEGUA,['Distrito de Torata'],2010,1,2010-S1
Grupo_965,Activo,2010-05-31,Antamina,Antamina,['CP Cajacay'],ÁNCASH,['CP Cajacay'],2010,1,2010-S1
Grupo_481,Activo,2010-05-31,Antamina,Antamina,"['CP Ayash Pichiú', 'CP Santa Cruz Pichiú']",ÁNCASH,"['CP Ayash Pichiu', 'Santa Cruz Pichiu']",2010,1,2010-S1
Grupo_967,Activo,2010-05-31,Antamina,Antamina,['CP Racrachaca'],ÁNCASH,['CP Racrachaca'],2010,1,2010-S1
Grupo_829,Activo,2010-05-31,Antamina,Antamina,"['CP Carhuayoc', 'CP Cátac']",ÁNCASH,"['CP Carhuayoc', 'CP Catac']",2010,1,2010-S1
Grupo_638,Activo,2010-05-31,Antamina,Antamina,['CP San Antonio de Juprog'],ÁNCASH,['CP San Antonio de Juprog'],2010,1,2010-S1
Grupo_848,Activo,2010-05-31,Yanacocha,Newmont,"['CP Magdalena', 'CP Choropampa', 'CP San Juan']",CAJAMARCA,"['CP Magdalena', 'CP Choropampa', 'San Juan']",2010,1,2010-S1
Grupo_1045,Activo,2010-05-31,Yanacocha,Newmont,['CP Quishuar corral'],CAJAMARCA,['CP Quishuar corral'],2010,1,2010-S1
Grupo_682,Activo,2010-05-31,Yanacocha,Newmont,"['CP Huambocancha Alta', 'CP El Batán']",CAJAMARCA,"['Cumbancha Alta', 'CP El Batán']",2010,1,2010-S1
Grupo_1178,Activo,2010-05-31,Cerro Corona,Gold Fields,['Distrito de Hualgayoc'],CAJAMARCA,['Hualgayoc'],2010,1,2010-S1
Grupo_606,Activo,2010-05-31,Toromocho,Chinalco,"['CP Morococha', 'CP Nueva Ciudad Morococha']",JUNÍN,"['CP Morococha', 'CP Morococha']",2010,1,2010-S1
Grupo_505,Activo,2010-05-31,Quellaveco,Angloamerican,['Distrito de Torata'],MOQUEGUA,['Distrito de Torata'],2010,1,2010-S1
Grupo_965,Activo,2010-06-30,Antamina,Antamina,['CP Cajacay'],ÁNCASH,['CP Cajacay'],2010,1,2010-S1
Grupo_481,Activo,2010-06-30,Antamina,Antamina,"['CP Ayash Pichiú', 'CP Santa Cruz Pichiú']",ÁNCASH,"['CP Ayash Pichiu', 'Santa Cruz Pichiu']",2010,1,2010-S1
Grupo_967,Activo,2010-06-30,Antamina,Antamina,['CP Racrachaca'],ÁNCASH,['CP Racrachaca'],2010,1,2010-S1
Grupo_829,Activo,2010-06-30,Antamina,Antamina,"['CP Carhuayoc', 'CP Cátac']",ÁNCASH,"['CP Carhuayoc', 'CP Catac']",2010,1,2010-S1
Grupo_638,Activo,2010-06-30,Antamina,Antamina,['CP San Antonio de Juprog'],ÁNCASH,['CP San Antonio de Juprog'],2010,1,2010-S1
Grupo_848,Activo,2010-06-30,Yanacocha,Newmont,"['CP Magdalena', 'CP Choropampa', 'CP San Juan']",CAJAMARCA,"['CP Magdalena', 'CP Choropampa', 'San Juan']",2010,1,2010-S1
Grupo_1045,Activo,2010-06-30,Yanacocha,Newmont,['CP Quishuar corral'],CAJAMARCA,['CP Quishuar corral'],2010,1,2010-S1
Grupo_682,Activo,2010-06-30,Yanacocha,Newmont,"['CP Huambocancha Alta', 'CP El Batán']",CAJAMARCA,"['Cumbancha Alta', 'CP El Batán']",2010,1,2010-S1
Grupo_1178,Activo,2010-06-30,Cerro Corona,Gold Fields,['Distrito de Hualgayoc'],CAJAMARCA,['Hualgayoc'],2010,1,2010-S1
Grupo_606,Activo,2010-06-30,Toromocho,Chinalco,"['CP Morococha', 'CP Nueva Ciudad Morococha']",JUNÍN,"['CP Morococha', 'CP Morococha']",2010,1,2010-S1
Grupo_505,Activo,2010-06-30,Quellaveco,Angloamerican,['Distrito de Torata'],MOQUEGUA,['Distrito de Torata'],2010,1,2010-S1
Grupo_965,Activo,2010-07-31,Antamina,Antamina,['CP Cajacay'],ÁNCASH,['CP Cajacay'],2010,2,2010-S2
Grupo_481,Activo,2010-07-31,Antamina,Antamina,"['CP Ayash Pichiú', 'CP Santa Cruz Pichiú']",ÁNCASH,"['CP Ayash Pichiu', 'Santa Cruz Pichiu']",2010,2,2010-S2
Grupo_967,Activo,2010-07-31,Antamina,Antamina,['CP Racrachaca'],ÁNCASH,['CP Racrachaca'],2010,2,2010-S2
Grupo_829,Activo,2010-07-31,Antamina,Antamina,"['CP Carhuayoc', 'CP Cátac']",ÁNCASH,"['CP Carhuayoc', 'CP Catac']",2010,2,2010-S2
Grupo_638,Activo,2010-07-31,Antamina,Antamina,['CP San Antonio de Juprog'],ÁNCASH,['CP San Antonio de Juprog'],2010,2,2010-S2
Grupo_848,Activo,2010-07-31,Yanacocha,Newmont,"['CP Magdalena', 'CP Choropampa', 'CP San Juan']",CAJAMARCA,"['CP Magdalena', 'CP Choropampa', 'San Juan']",2010,2,2010-S2
Grupo_1045,Activo,2010-07-31,Yanacocha,Newmont,['CP Quishuar corral'],CAJAMARCA,['CP Quishuar corral'],2010,2,2010-S2
Grupo_682,Activo,2010-07-31,Yanacocha,Newmont,"['CP Huambocancha Alta', 'CP El Batán']",CAJAMARCA,"['Cumbancha Alta', 'CP El Batán']",2010,2,2010-S2
Grupo_1178,Activo,2010-07-31,Cerro Corona,Gold Fields,['Distrito de Hualgayoc'],CAJAMARCA,['Hualgayoc'],2010,2,2010-S2
Grupo_606,Activo,2010-07-31,Toromocho,Chinalco,"['CP Morococha', 'CP Nueva Ciudad Morococha']",JUNÍN,"['CP Morococha', 'CP Morococha']",2010,2,2010-S2
Grupo_505,Activo,2010-07-31,Quellaveco,Angloamerican,['Distrito de Torata'],MOQUEGUA,['Distrito de Torata'],2010,2,2010-S2
Grupo_965,Activo,2010-10-31,Antamina,Antamina,['CP Cajacay'],ÁNCASH,['CP Cajacay'],2010,2,2010-S2
Grupo_481,Activo,2010-10-31,Antamina,Antamina,"['CP Ayash Pichiú', 'CP Santa Cruz Pichiú']",ÁNCASH,"['CP Ayash Pichiu', 'Santa Cruz Pichiu']",2010,2,2010-S2
Grupo_967,Activo,2010-10-31,Antamina,Antamina,['CP Racrachaca'],ÁNCASH,['CP Racrachaca'],2010,2,2010-S2
Grupo_829,Activo,2010-10-31,Antamina,Antamina,"['CP Carhuayoc', 'CP Cátac']",ÁNCASH,"['CP Carhuayoc', 'CP Catac']",2010,2,2010-S2
Grupo_638,Activo,2010-10-31,Antamina,Antamina,['CP San Antonio de Juprog'],ÁNCASH,['CP San Antonio de Juprog'],2010,2,2010-S2
Grupo_606,Activo,2010-10-31,Toromocho,Chinalco,"['CP Morococha', 'CP Nueva Ciudad Morococha']",JUNÍN,"['CP Morococha', 'CP Morococha']",2010,2,2010-S2
Grupo_505,Activo,2010-10-31,Quellaveco,Angloamerican,['Distrito de Torata'],MOQUEGUA,['Distrito de Torata'],2010,2,2010-S2
Grupo_965,Activo,2010-11-30,Antamina,Antamina,['CP Cajacay'],ÁNCASH,['CP Cajacay'],2010,2,2010-S2
Grupo_481,Activo,2010-11-30,Antamina,Antamina,"['CP Ayash Pichiú', 'CP Santa Cruz Pichiú']",ÁNCASH,"['CP Ayash Pichiu', 'Santa Cruz Pichiu']",2010,2,2010-S2
Grupo_967,Activo,2010-11-30,Antamina,Antamina,['CP Racrachaca'],ÁNCASH,['CP Racrachaca'],2010,2,2010-S2
Grupo_829,Activo,2010-11-30,Antamina,Antamina,"['CP Carhuayoc', 'CP Cátac']",ÁNCASH,"['CP Carhuayoc', 'CP Catac']",2010,2,2010-S2
Grupo_638,Activo,2010-11-30,Antamina,Antamina,['CP San Antonio de Juprog'],ÁNCASH,['CP San Antonio de Juprog'],2010,2,2010-S2
Grupo_606,Activo,2010-11-30,Toromocho,Chinalco,"['CP Morococha', 'CP Nueva Ciudad Morococha']",JUNÍN,"['CP Morococha', 'CP Morococha']",2010,2,2010-S2
Grupo_505,Activo,2010-11-30,Quellaveco,Angloamerican,['Distrito de Torata'],MOQUEGUA,['Distrito de Torata'],2010,2,2010-S2
Grupo_965,Activo,2010-12-31,Antamina,Antamina,['CP Cajacay'],ÁNCASH,['CP Cajacay'],2010,2,2010-S2
Grupo_481,Activo,2010-12-31,Antamina,Antamina,"['CP Ayash Pichiú', 'CP Santa Cruz Pichiú']",ÁNCASH,"['CP Ayash Pichiu', 'Santa Cruz Pichiu']",2010,2,2010-S2
Grupo_967,Activo,2010-12-31,Antamina,Antamina,['CP Racrachaca'],ÁNCASH,['CP Racrachaca'],2010,2,2010-S2
Grupo_829,Activo,2010-12-31,Antamina,Antamina,"['CP Carhuayoc', 'CP Cátac']",ÁNCASH,"['CP Carhuayoc', 'CP Catac']",2010,2,2010-S2
Grupo_638,Activo,2010-12-31,Antamina,Antamina,['CP San Antonio de Juprog'],ÁNCASH,['CP San Antonio de Juprog'],2010,2,2010-S2
Grupo_606,Activo,2010-12-31,Toromocho,Chinalco,"['CP Morococha', 'CP Nueva Ciudad Morococha']",JUNÍN,"['CP Morococha', 'CP Morococha']",2010,2,2010-S2
Grupo_505,Activo,2010-12-31,Quellaveco,Angloamerican,['Distrito de Torata'],MOQUEGUA,['Distrito de Torata'],2010,2,2010-S2
Grupo_965,Activo,2011-01-31,Antamina,Antamina,['CP Cajacay'],ÁNCASH,['CP Cajacay'],2011,1,2011-S1
Grupo_481,Activo,2011-01-31,Antamina,Antamina,"['CP Ayash Pichiú', 'CP Santa Cruz Pichiú']",ÁNCASH,"['CP Ayash Pichiu', 'Santa Cruz Pichiu']",2011,1,2011-S1
Grupo_967,Activo,2011-01-31,Antamina,Antamina,['CP Racrachaca'],ÁNCASH,['CP Racrachaca'],2011,1,2011-S1
Grupo_829,Activo,2011-01-31,Antamina,Antamina,"['CP Carhuayoc', 'CP Cátac']",ÁNCASH,"['CP Carhuayoc', 'CP Catac']",2011,1,2011-S1
Grupo_638,Activo,2011-01-31,Antamina,Antamina,['CP San Antonio de Juprog'],ÁNCASH,['CP San Antonio de Juprog'],2011,1,2011-S1
Grupo_606,Activo,2011-01-31,Toromocho,Chinalco,"['CP Morococha', 'CP Nueva Ciudad Morococha']",JUNÍN,"['CP Morococha', 'CP Morococha']",2011,1,2011-S1
Grupo_505,Activo,2011-01-31,Quellaveco,Angloamerican,['Distrito de Torata'],MOQUEGUA,['Distrito de Torata'],2011,1,2011-S1
Grupo_965,Activo,2011-02-28,Antamina,Antamina,['CP Cajacay'],ÁNCASH,['CP Cajacay'],2011,1,2011-S1
Grupo_481,Activo,2011-02-28,Antamina,Antamina,"['CP Ayash Pichiú', 'CP Santa Cruz Pichiú']",ÁNCASH,"['CP Ayash Pichiu', 'Santa Cruz Pichiu']",2011,1,2011-S1
Grupo_967,Activo,2011-02-28,Antamina,Antamina,['CP Racrachaca'],ÁNCASH,['CP Racrachaca'],2011,1,2011-S1
Grupo_829,Activo,2011-02-28,Antamina,Antamina,"['CP Carhuayoc', 'CP Cátac']",ÁNCASH,"['CP Carhuayoc', 'CP Catac']",2011,1,2011-S1
Grupo_638,Activo,2011-02-28,Antamina,Antamina,['CP San Antonio de Juprog'],ÁNCASH,['CP San Antonio de Juprog'],2011,1,2011-S1
Grupo_606,Activo,2011-02-28,Toromocho,Chinalco,"['CP Morococha', 'CP Nueva Ciudad Morococha']",JUNÍN,"['CP Morococha', 'CP Morococha']",2011,1,2011-S1
Grupo_505,Activo,2011-02-28,Quellaveco,Angloamerican,['Distrito de Torata'],MOQUEGUA,['Distrito de Torata'],2011,1,2011-S1
Grupo_965,Activo,2011-05-31,Antamina,Antamina,['CP Cajacay'],ÁNCASH,['CP Cajacay'],2011,1,2011-S1
Grupo_1229,Activo,2011-05-31,Antamina,Antamina,"['CP Huaripampa Alto', 'CP Huaripampa Bajo', 'CP Huaripampa Centro']",ÁNCASH,"['CP Huaripampa Alto', 'CP Huaripampa Baja', 'CP Huaripampa Central']",2011,1,2011-S1
Grupo_481,Activo,2011-05-31,Antamina,Antamina,"['CP Ayash Pichiú', 'CP Santa Cruz Pichiú']",ÁNCASH,"['CP Ayash Pichiu', 'Santa Cruz Pichiu']",2011,1,2011-S1
Grupo_967,Activo,2011-05-31,Antamina,Antamina,['CP Racrachaca'],ÁNCASH,['CP Racrachaca'],2011,1,2011-S1
Grupo_829,Activo,2011-05-31,Antamina,Antamina,"['CP Carhuayoc', 'CP Cátac']",ÁNCASH,"['CP Carhuayoc', 'CP Catac']",2011,1,2011-S1
Grupo_638,Activo,2011-05-31,Antamina,Antamina,['CP San Antonio de Juprog'],ÁNCASH,['CP San Antonio de Juprog'],2011,1,2011-S1
Grupo_1237,Activo,2011-05-31,Las Bambas,Las Bambas,"['CP Tambulla', 'Distrito Chalhuahuacho']",APURÍMAC,"['CP Tambulla', 'Chalhuahuacho']",2011,1,2011-S1
Grupo_674,Activo,2011-05-31,Yanacocha,Newmont,['CP La Ramada'],CAJAMARCA,['CP La Ramada'],2011,1,2011-S1
Grupo_1251,Activo,2011-05-31,Cerro Corona,Gold Fields,['Distrito de Hualgayoc'],CAJAMARCA,['Hualgayoc'],2011,1,2011-S1
Grupo_606,Activo,2011-05-31,Toromocho,Chinalco,"['CP Morococha', 'CP Nueva Ciudad Morococha']",JUNÍN,"['CP Morococha', 'CP Morococha']",2011,1,2011-S1
Grupo_505,Activo,2011-05-31,Quellaveco,Angloamerican,['Distrito de Torata'],MOQUEGUA,['Distrito de Torata'],2011,1,2011-S1
Grupo_965,Activo,2011-06-30,Antamina,Antamina,['CP Cajacay'],ÁNCASH,['CP Cajacay'],2011,1,2011-S1
Grupo_1229,Activo,2011-06-30,Antamina,Antamina,"['CP Huaripampa Alto', 'CP Huaripampa Bajo', 'CP Huaripampa Centro']",ÁNCASH,"['CP Huaripampa Alto', 'CP Huaripampa Baja', 'CP Huaripampa Central']",2011,1,2011-S1
Grupo_481,Activo,2011-06-30,Antamina,Antamina,"['CP Ayash Pichiú', 'CP Santa Cruz Pichiú']",ÁNCASH,"['CP Ayash Pichiu', 'Santa Cruz Pichiu']",2011,1,2011-S1
Grupo_967,Activo,2011-06-30,Antamina,Antamina,['CP Racrachaca'],ÁNCASH,['CP Racrachaca'],2011,1,2011-S1
Grupo_829,Activo,2011-06-30,Antamina,Antamina,"['CP Carhuayoc', 'CP Cátac']",ÁNCASH,"['CP Carhuayoc', 'CP Catac']",2011,1,2011-S1
Grupo_638,Activo,2011-06-30,Antamina,Antamina,['CP San Antonio de Juprog'],ÁNCASH,['CP San Antonio de Juprog'],2011,1,2011-S1
Grupo_1237,Activo,2011-06-30,Las Bambas,Las Bambas,"['CP Tambulla', 'Distrito Chalhuahuacho']",APURÍMAC,"['CP Tambulla', 'Chalhuahuacho']",2011,1,2011-S1
Grupo_674,Activo,2011-06-30,Yanacocha,Newmont,['CP La Ramada'],CAJAMARCA,['CP La Ramada'],2011,1,2011-S1
Grupo_1251,Activo,2011-06-30,Cerro Corona,Gold Fields,['Distrito de Hualgayoc'],CAJAMARCA,['Hualgayoc'],2011,1,2011-S1
Grupo_606,Activo,2011-06-30,Toromocho,Chinalco,"['CP Morococha', 'CP Nueva Ciudad Morococha']",JUNÍN,"['CP Morococha', 'CP Morococha']",2011,1,2011-S1
Grupo_505,Activo,2011-06-30,Quellaveco,Angloamerican,['Distrito de Torata'],MOQUEGUA,['Distrito de Torata'],2011,1,2011-S1
Grupo_965,Activo,2011-07-31,Antamina,Antamina,['CP Cajacay'],ÁNCASH,['CP Cajacay'],2011,2,2011-S2
Grupo_1229,Activo,2011-07-31,Antamina,Antamina,"['CP Huaripampa Alto', 'CP Huaripampa Bajo', 'CP Huaripampa Centro']",ÁNCASH,"['CP Huaripampa Alto', 'CP Huaripampa Baja', 'CP Huaripampa Central']",2011,2,2011-S2
Grupo_481,Activo,2011-07-31,Antamina,Antamina,"['CP Ayash Pichiú', 'CP Santa Cruz Pichiú']",ÁNCASH,"['CP Ayash Pichiu', 'Santa Cruz Pichiu']",2011,2,2011-S2
Grupo_967,Activo,2011-07-31,Antamina,Antamina,['CP Racrachaca'],ÁNCASH,['CP Racrachaca'],2011,2,2011-S2
Grupo_829,Activo,2011-07-31,Antamina,Antamina,"['CP Carhuayoc', 'CP Cátac']",ÁNCASH,"['CP Carhuayoc', 'CP Catac']",2011,2,2011-S2
Grupo_638,Activo,2011-07-31,Antamina,Antamina,['CP San Antonio de Juprog'],ÁNCASH,['CP San Antonio de Juprog'],2011,2,2011-S2
Grupo_1237,Activo,2011-07-31,Las Bambas,Las Bambas,"['CP Tambulla', 'Distrito Chalhuahuacho']",APURÍMAC,"['CP Tambulla', 'Chalhuahuacho']",2011,2,2011-S2
Grupo_674,Activo,2011-07-31,Yanacocha,Newmont,['CP La Ramada'],CAJAMARCA,['CP La Ramada'],2011,2,2011-S2
Grupo_1251,Activo,2011-07-31,Cerro Corona,Gold Fields,['Distrito de Hualgayoc'],CAJAMARCA,['Hualgayoc'],2011,2,2011-S2
Grupo_606,Activo,2011-07-31,Toromocho,Chinalco,"['CP Morococha', 'CP Nueva Ciudad Morococha']",JUNÍN,"['CP Morococha', 'CP Morococha']",2011,2,2011-S2
Grupo_505,Activo,2011-07-31,Quellaveco,Angloamerican,['Distrito de Torata'],MOQUEGUA,['Distrito de Torata'],2011,2,2011-S2
Grupo_638,Activo,2008-09-30,Antamina,Antamina,['CP San Antonio de Juprog'],ÁNCASH,['CP San Antonio de Juprog'],2008,2,2008-S2
Grupo_278,Activo,2008-06-30,Las Bambas,Las Bambas,"['Cotabambas (Provincia)', 'Tambobamba', 'Chuquilambila']",APURÍMAC,"['Cotabambas', 'Tambobamba', 'Chuquibambilla']",2008,1,2008-S1
Grupo_674,Activo,2008-09-30,Yanacocha,Newmont,['CP La Ramada'],CAJAMARCA,['CP La Ramada'],2008,2,2008-S2
Grupo_682,Activo,2008-09-30,Yanacocha,Newmont,"['CP Huambocancha Alta', 'CP El Batán']",CAJAMARCA,"['Cumbancha Alta', 'CP El Batán']",2008,2,2008-S2
Grupo_606,Activo,2008-09-30,Toromocho,Chinalco,"['CP Morococha', 'CP Nueva Ciudad Morococha']",JUNÍN,"['CP Morococha', 'CP Morococha']",2008,2,2008-S2
Grupo_505,Activo,2008-09-30,Quellaveco,Angloamerican,['Distrito de Torata'],MOQUEGUA,['Distrito de Torata'],2008,2,2008-S2
Grupo_940,Activo,2008-09-30,Atacocha,Nexa Resources,['Distrito de Ticlacayán'],PASCO,['Ticlacayán'],2008,2,2008-S2
Grupo_638,Activo,2008-10-31,Antamina,Antamina,['CP San Antonio de Juprog'],ÁNCASH,['CP San Antonio de Juprog'],2008,2,2008-S2
Grupo_278,Latente,2007-06-30,Las Bambas,Las Bambas,"['Cotabambas (Provincia)', 'Tambobamba', 'Chuquilambila']",APURÍMAC,"['Cotabambas', 'Tambobamba', 'Chuquibambilla']",2007,1,2007-S1
Grupo_674,Activo,2008-10-31,Yanacocha,Newmont,['CP La Ramada'],CAJAMARCA,['CP La Ramada'],2008,2,2008-S2
Grupo_682,Activo,2008-10-31,Yanacocha,Newmont,"['CP Huambocancha Alta', 'CP El Batán']",CAJAMARCA,"['Cumbancha Alta', 'CP El Batán']",2008,2,2008-S2
Grupo_606,Activo,2008-10-31,Toromocho,Chinalco,"['CP Morococha', 'CP Nueva Ciudad Morococha']",JUNÍN,"['CP Morococha', 'CP Morococha']",2008,2,2008-S2
Grupo_505,Activo,2008-10-31,Quellaveco,Angloamerican,['Distrito de Torata'],MOQUEGUA,['Distrito de Torata'],2008,2,2008-S2
Grupo_784,Activo,2008-10-31,Chungar,Volcan,['CP Huayllay'],PASCO,['CP Huayllay'],2008,2,2008-S2
Grupo_638,Activo,2008-11-30,Antamina,Antamina,['CP San Antonio de Juprog'],ÁNCASH,['CP San Antonio de Juprog'],2008,2,2008-S2
Grupo_278,Activo,2009-04-30,Las Bambas,Las Bambas,"['Cotabambas (Provincia)', 'Tambobamba', 'Chuquilambila']",APURÍMAC,"['Cotabambas', 'Tambobamba', 'Chuquibambilla']",2009,1,2009-S1
Grupo_674,Activo,2008-11-30,Yanacocha,Newmont,['CP La Ramada'],CAJAMARCA,['CP La Ramada'],2008,2,2008-S2
Grupo_682,Activo,2008-11-30,Yanacocha,Newmont,"['CP Huambocancha Alta', 'CP El Batán']",CAJAMARCA,"['Cumbancha Alta', 'CP El Batán']",2008,2,2008-S2
Grupo_606,Activo,2008-11-30,Toromocho,Chinalco,"['CP Morococha', 'CP Nueva Ciudad Morococha']",JUNÍN,"['CP Morococha', 'CP Morococha']",2008,2,2008-S2
Grupo_505,Activo,2008-11-30,Quellaveco,Angloamerican,['Distrito de Torata'],MOQUEGUA,['Distrito de Torata'],2008,2,2008-S2
Grupo_784,Activo,2008-11-30,Chungar,Volcan,['CP Huayllay'],PASCO,['CP Huayllay'],2008,2,2008-S2
Grupo_965,Activo,2009-12-31,Antamina,Antamina,['CP Cajacay'],ÁNCASH,['CP Cajacay'],2009,2,2009-S2
Grupo_967,Activo,2009-12-31,Antamina,Antamina,['CP Racrachaca'],ÁNCASH,['CP Racrachaca'],2009,2,2009-S2
Grupo_829,Activo,2009-12-31,Antamina,Antamina,"['CP Carhuayoc', 'CP Cátac']",ÁNCASH,"['CP Carhuayoc', 'CP Catac']",2009,2,2009-S2
Grupo_638,Activo,2009-12-31,Antamina,Antamina,['CP San Antonio de Juprog'],ÁNCASH,['CP San Antonio de Juprog'],2009,2,2009-S2
Grupo_278,Activo,2008-04-30,Las Bambas,Las Bambas,"['Cotabambas (Provincia)', 'Tambobamba', 'Chuquilambila']",APURÍMAC,"['Cotabambas', 'Tambobamba', 'Chuquibambilla']",2008,1,2008-S1
Grupo_847,Activo,2009-12-31,Yanacocha,Newmont,"['CP Pachachaca', 'CP Chanta Alta', 'CP El Alumbre', 'CP Totoracocha']",CAJAMARCA,"['Pachachaca', 'CP Chanta Alta', 'CP El Alumbre', 'CP Totoracocha']",2009,2,2009-S2
Grupo_682,Activo,2009-12-31,Yanacocha,Newmont,"['CP Huambocancha Alta', 'CP El Batán']",CAJAMARCA,"['Cumbancha Alta', 'CP El Batán']",2009,2,2009-S2
Grupo_848,Activo,2009-12-31,Yanacocha,Newmont,"['CP Magdalena', 'CP Choropampa', 'CP San Juan']",CAJAMARCA,"['CP Magdalena', 'CP Choropampa', 'San Juan']",2009,2,2009-S2
Grupo_674,Activo,2009-12-31,Yanacocha,Newmont,['CP La Ramada'],CAJAMARCA,['CP La Ramada'],2009,2,2009-S2
Grupo_606,Activo,2009-12-31,Toromocho,Chinalco,"['CP Morococha', 'CP Nueva Ciudad Morococha']",JUNÍN,"['CP Morococha', 'CP Morococha']",2009,2,2009-S2
Grupo_505,Activo,2009-12-31,Quellaveco,Angloamerican,['Distrito de Torata'],MOQUEGUA,['Distrito de Torata'],2009,2,2009-S2
Grupo_965,Activo,2011-03-31,Antamina,Antamina,['CP Cajacay'],ÁNCASH,['CP Cajacay'],2011,1,2011-S1
Grupo_481,Activo,2011-03-31,Antamina,Antamina,"['CP Ayash Pichiú', 'CP Santa Cruz Pichiú']",ÁNCASH,"['CP Ayash Pichiu', 'Santa Cruz Pichiu']",2011,1,2011-S1
Grupo_967,Activo,2011-03-31,Antamina,Antamina,['CP Racrachaca'],ÁNCASH,['CP Racrachaca'],2011,1,2011-S1
Grupo_829,Activo,2011-03-31,Antamina,Antamina,"['CP Carhuayoc', 'CP Cátac']",ÁNCASH,"['CP Carhuayoc', 'CP Catac']",2011,1,2011-S1
Grupo_638,Activo,2011-03-31,Antamina,Antamina,['CP San Antonio de Juprog'],ÁNCASH,['CP San Antonio de Juprog'],2011,1,2011-S1
Grupo_1251,Activo,2011-03-31,Cerro Corona,Gold Fields,['Distrito de Hualgayoc'],CAJAMARCA,['Hualgayoc'],2011,1,2011-S1
Grupo_606,Activo,2011-03-31,Toromocho,Chinalco,"['CP Morococha', 'CP Nueva Ciudad Morococha']",JUNÍN,"['CP Morococha', 'CP Morococha']",2011,1,2011-S1
Grupo_505,Activo,2011-03-31,Quellaveco,Angloamerican,['Distrito de Torata'],MOQUEGUA,['Distrito de Torata'],2011,1,2011-S1
Grupo_965,Activo,2011-04-30,Antamina,Antamina,['CP Cajacay'],ÁNCASH,['CP Cajacay'],2011,1,2011-S1
Grupo_481,Activo,2011-04-30,Antamina,Antamina,"['CP Ayash Pichiú', 'CP Santa Cruz Pichiú']",ÁNCASH,"['CP Ayash Pichiu', 'Santa Cruz Pichiu']",2011,1,2011-S1
Grupo_967,Activo,2011-04-30,Antamina,Antamina,['CP Racrachaca'],ÁNCASH,['CP Racrachaca'],2011,1,2011-S1
Grupo_829,Activo,2011-04-30,Antamina,Antamina,"['CP Carhuayoc', 'CP Cátac']",ÁNCASH,"['CP Carhuayoc', 'CP Catac']",2011,1,2011-S1
Grupo_638,Activo,2011-04-30,Antamina,Antamina,['CP San Antonio de Juprog'],ÁNCASH,['CP San Antonio de Juprog'],2011,1,2011-S1
Grupo_1251,Activo,2011-04-30,Cerro Corona,Gold Fields,['Distrito de Hualgayoc'],CAJAMARCA,['Hualgayoc'],2011,1,2011-S1
Grupo_606,Activo,2011-04-30,Toromocho,Chinalco,"['CP Morococha', 'CP Nueva Ciudad Morococha']",JUNÍN,"['CP Morococha', 'CP Morococha']",2011,1,2011-S1
Grupo_505,Activo,2011-04-30,Quellaveco,Angloamerican,['Distrito de Torata'],MOQUEGUA,['Distrito de Torata'],2011,1,2011-S1
Grupo_638,Activo,2009-01-31,Antamina,Antamina,['CP San Antonio de Juprog'],ÁNCASH,['CP San Antonio de Juprog'],2009,1,2009-S1
Grupo_278,Latente,2007-04-30,Las Bambas,Las Bambas,"['Cotabambas (Provincia)', 'Tambobamba', 'Chuquilambila']",APURÍMAC,"['Cotabambas', 'Tambobamba', 'Chuquibambilla']",2007,1,2007-S1
Grupo_674,Activo,2009-01-31,Yanacocha,Newmont,['CP La Ramada'],CAJAMARCA,['CP La Ramada'],2009,1,2009-S1
Grupo_606,Activo,2009-01-31,Toromocho,Chinalco,"['CP Morococha', 'CP Nueva Ciudad Morococha']",JUNÍN,"['CP Morococha', 'CP Morococha']",2009,1,2009-S1
Grupo_505,Activo,2009-01-31,Quellaveco,Angloamerican,['Distrito de Torata'],MOQUEGUA,['Distrito de Torata'],2009,1,2009-S1
Grupo_784,Activo,2009-01-31,Chungar,Volcan,['CP Huayllay'],PASCO,['CP Huayllay'],2009,1,2009-S1
Grupo_965,Activo,2011-11-30,Antamina,Antamina,['CP Cajacay'],ÁNCASH,['CP Cajacay'],2011,2,2011-S2
Grupo_829,Activo,2011-11-30,Antamina,Antamina,"['CP Carhuayoc', 'CP Cátac']",ÁNCASH,"['CP Carhuayoc', 'CP Catac']",2011,2,2011-S2
Grupo_1313,Activo,2011-11-30,Antamina,Antamina,['Distrito de Huarmey'],ÁNCASH,['Huarmey'],2011,2,2011-S2
Grupo_481,Activo,2011-11-30,Antamina,Antamina,"['CP Ayash Pichiú', 'CP Santa Cruz Pichiú']",ÁNCASH,"['CP Ayash Pichiu', 'Santa Cruz Pichiu']",2011,2,2011-S2
Grupo_967,Activo,2011-11-30,Antamina,Antamina,['CP Racrachaca'],ÁNCASH,['CP Racrachaca'],2011,2,2011-S2
Grupo_829,Activo,2011-11-30,Antamina,Antamina,"['CP Carhuayoc', 'CP Cátac']",ÁNCASH,"['CP Carhuayoc', 'CP Catac']",2011,2,2011-S2
Grupo_638,Activo,2011-11-30,Antamina,Antamina,['CP San Antonio de Juprog'],ÁNCASH,['CP San Antonio de Juprog'],2011,2,2011-S2
Grupo_1237,Activo,2011-11-30,Las Bambas,Las Bambas,"['CP Tambulla', 'Distrito Chalhuahuacho']",APURÍMAC,"['CP Tambulla', 'Chalhuahuacho']",2011,2,2011-S2
Grupo_1325,Activo,2011-11-30,Yanacocha,Newmont,['Distrito de La Encañada'],CAJAMARCA,['La Encañada'],2011,2,2011-S2
Grupo_674,Activo,2011-11-30,Yanacocha,Newmont,['CP La Ramada'],CAJAMARCA,['CP La Ramada'],2011,2,2011-S2
Grupo_606,Activo,2011-11-30,Toromocho,Chinalco,"['CP Morococha', 'CP Nueva Ciudad Morococha']",JUNÍN,"['CP Morococha', 'CP Morococha']",2011,2,2011-S2
Grupo_505,Activo,2011-11-30,Quellaveco,Angloamerican,['Distrito de Torata'],MOQUEGUA,['Distrito de Torata'],2011,2,2011-S2
Grupo_965,Activo,2011-12-31,Antamina,Antamina,['CP Cajacay'],ÁNCASH,['CP Cajacay'],2011,2,2011-S2
Grupo_829,Activo,2011-12-31,Antamina,Antamina,"['CP Carhuayoc', 'CP Cátac']",ÁNCASH,"['CP Carhuayoc', 'CP Catac']",2011,2,2011-S2
Grupo_1313,Activo,2011-12-31,Antamina,Antamina,['Distrito de Huarmey'],ÁNCASH,['Huarmey'],2011,2,2011-S2
Grupo_481,Activo,2011-12-31,Antamina,Antamina,"['CP Ayash Pichiú', 'CP Santa Cruz Pichiú']",ÁNCASH,"['CP Ayash Pichiu', 'Santa Cruz Pichiu']",2011,2,2011-S2
Grupo_967,Activo,2011-12-31,Antamina,Antamina,['CP Racrachaca'],ÁNCASH,['CP Racrachaca'],2011,2,2011-S2
Grupo_829,Activo,2011-12-31,Antamina,Antamina,"['CP Carhuayoc', 'CP Cátac']",ÁNCASH,"['CP Carhuayoc', 'CP Catac']",2011,2,2011-S2
Grupo_638,Activo,2011-12-31,Antamina,Antamina,['CP San Antonio de Juprog'],ÁNCASH,['CP San Antonio de Juprog'],2011,2,2011-S2
Grupo_1237,Activo,2011-12-31,Las Bambas,Las Bambas,"['CP Tambulla', 'Distrito Chalhuahuacho']",APURÍMAC,"['CP Tambulla', 'Chalhuahuacho']",2011,2,2011-S2
Grupo_1325,Activo,2011-12-31,Yanacocha,Newmont,['Distrito de La Encañada'],CAJAMARCA,['La Encañada'],2011,2,2011-S2
Grupo_674,Activo,2011-12-31,Yanacocha,Newmont,['CP La Ramada'],CAJAMARCA,['CP La Ramada'],2011,2,2011-S2
Grupo_606,Activo,2011-12-31,Toromocho,Chinalco,"['CP Morococha', 'CP Nueva Ciudad Morococha']",JUNÍN,"['CP Morococha', 'CP Morococha']",2011,2,2011-S2
Grupo_505,Activo,2011-12-31,Quellaveco,Angloamerican,['Distrito de Torata'],MOQUEGUA,['Distrito de Torata'],2011,2,2011-S2
Grupo_965,Activo,2012-02-29,Antamina,Antamina,['CP Cajacay'],ÁNCASH,['CP Cajacay'],2012,1,2012-S1
Grupo_829,Activo,2012-02-29,Antamina,Antamina,"['CP Carhuayoc', 'CP Cátac']",ÁNCASH,"['CP Carhuayoc', 'CP Catac']",2012,1,2012-S1
Grupo_1391,Activo,2012-02-29,Antamina,Antamina,['CP Chipta'],ÁNCASH,['Huanchay'],2012,1,2012-S1
Grupo_1313,Activo,2012-02-29,Antamina,Antamina,['Distrito de Huarmey'],ÁNCASH,['Huarmey'],2012,1,2012-S1
Grupo_481,Activo,2012-02-29,Antamina,Antamina,"['CP Ayash Pichiú', 'CP Santa Cruz Pichiú']",ÁNCASH,"['CP Ayash Pichiu', 'Santa Cruz Pichiu']",2012,1,2012-S1
Grupo_967,Activo,2012-02-29,Antamina,Antamina,['CP Racrachaca'],ÁNCASH,['CP Racrachaca'],2012,1,2012-S1
Grupo_829,Activo,2012-02-29,Antamina,Antamina,"['CP Carhuayoc', 'CP Cátac']",ÁNCASH,"['CP Carhuayoc', 'CP Catac']",2012,1,2012-S1
Grupo_638,Activo,2012-02-29,Antamina,Antamina,['CP San Antonio de Juprog'],ÁNCASH,['CP San Antonio de Juprog'],2012,1,2012-S1
Grupo_1237,Activo,2012-02-29,Las Bambas,Las Bambas,"['CP Tambulla', 'Distrito Chalhuahuacho']",APURÍMAC,"['CP Tambulla', 'Chalhuahuacho']",2012,1,2012-S1
Grupo_1325,Activo,2012-02-29,Yanacocha,Newmont,['Distrito de La Encañada'],CAJAMARCA,['La Encañada'],2012,1,2012-S1
Grupo_674,Activo,2012-02-29,Yanacocha,Newmont,['CP La Ramada'],CAJAMARCA,['CP La Ramada'],2012,1,2012-S1
Grupo_606,Activo,2012-02-29,Toromocho,Chinalco,"['CP Morococha', 'CP Nueva Ciudad Morococha']",JUNÍN,"['CP Morococha', 'CP Morococha']",2012,1,2012-S1
Grupo_505,Activo,2012-02-29,Quellaveco,Angloamerican,['Distrito de Torata'],MOQUEGUA,['Distrito de Torata'],2012,1,2012-S1
Grupo_965,Activo,2012-03-31,Antamina,Antamina,['CP Cajacay'],ÁNCASH,['CP Cajacay'],2012,1,2012-S1
Grupo_829,Activo,2012-03-31,Antamina,Antamina,"['CP Carhuayoc', 'CP Cátac']",ÁNCASH,"['CP Carhuayoc', 'CP Catac']",2012,1,2012-S1
Grupo_1391,Activo,2012-03-31,Antamina,Antamina,['CP Chipta'],ÁNCASH,['Huanchay'],2012,1,2012-S1
Grupo_1313,Activo,2012-03-31,Antamina,Antamina,['Distrito de Huarmey'],ÁNCASH,['Huarmey'],2012,1,2012-S1
Grupo_481,Activo,2012-03-31,Antamina,Antamina,"['CP Ayash Pichiú', 'CP Santa Cruz Pichiú']",ÁNCASH,"['CP Ayash Pichiu', 'Santa Cruz Pichiu']",2012,1,2012-S1
Grupo_967,Activo,2012-03-31,Antamina,Antamina,['CP Racrachaca'],ÁNCASH,['CP Racrachaca'],2012,1,2012-S1
Grupo_829,Activo,2012-03-31,Antamina,Antamina,"['CP Carhuayoc', 'CP Cátac']",ÁNCASH,"['CP Carhuayoc', 'CP Catac']",2012,1,2012-S1
Grupo_638,Activo,2012-03-31,Antamina,Antamina,['CP San Antonio de Juprog'],ÁNCASH,['CP San Antonio de Juprog'],2012,1,2012-S1
Grupo_1237,Activo,2012-03-31,Las Bambas,Las Bambas,"['CP Tambulla', 'Distrito Chalhuahuacho']",APURÍMAC,"['CP Tambulla', 'Chalhuahuacho']",2012,1,2012-S1
Grupo_1325,Activo,2012-03-31,Yanacocha,Newmont,['Distrito de La Encañada'],CAJAMARCA,['La Encañada'],2012,1,2012-S1
Grupo_674,Activo,2012-03-31,Yanacocha,Newmont,['CP La Ramada'],CAJAMARCA,['CP La Ramada'],2012,1,2012-S1
Grupo_1421,Activo,2012-03-31,Antapaccay,Antapaccay,['Provincia de Espinar'],CUSCO,['Espinar'],2012,1,2012-S1
Grupo_606,Activo,2012-03-31,Toromocho,Chinalco,"['CP Morococha', 'CP Nueva Ciudad Morococha']",JUNÍN,"['CP Morococha', 'CP Morococha']",2012,1,2012-S1
Grupo_505,Activo,2012-03-31,Quellaveco,Angloamerican,['Distrito de Torata'],MOQUEGUA,['Distrito de Torata'],2012,1,2012-S1
Grupo_829,Activo,2012-06-30,Antamina,Antamina,"['CP Carhuayoc', 'CP Cátac']",ÁNCASH,"['CP Carhuayoc', 'CP Catac']",2012,1,2012-S1
Grupo_1391,Activo,2012-06-30,Antamina,Antamina,['CP Chipta'],ÁNCASH,['Huanchay'],2012,1,2012-S1
Grupo_1313,Activo,2012-06-30,Antamina,Antamina,['Distrito de Huarmey'],ÁNCASH,['Huarmey'],2012,1,2012-S1
Grupo_481,Activo,2012-06-30,Antamina,Antamina,"['CP Ayash Pichiú', 'CP Santa Cruz Pichiú']",ÁNCASH,"['CP Ayash Pichiu', 'Santa Cruz Pichiu']",2012,1,2012-S1
Grupo_967,Activo,2012-06-30,Antamina,Antamina,['CP Racrachaca'],ÁNCASH,['CP Racrachaca'],2012,1,2012-S1
Grupo_829,Activo,2012-06-30,Antamina,Antamina,"['CP Carhuayoc', 'CP Cátac']",ÁNCASH,"['CP Carhuayoc', 'CP Catac']",2012,1,2012-S1
Grupo_638,Activo,2012-06-30,Antamina,Antamina,['CP San Antonio de Juprog'],ÁNCASH,['CP San Antonio de Juprog'],2012,1,2012-S1
Grupo_1440,Activo,2012-06-30,Antamina,Antamina,['CP Túpac Amaru'],ÁNCASH,['CP Tupac Amaru'],2012,1,2012-S1
Grupo_965,Activo,2012-06-30,Antamina,Antamina,['CP Cajacay'],ÁNCASH,['CP Cajacay'],2012,1,2012-S1
Grupo_1237,Activo,2012-06-30,Las Bambas,Las Bambas,"['CP Tambulla', 'Distrito Chalhuahuacho']",APURÍMAC,"['CP Tambulla', 'Chalhuahuacho']",2012,1,2012-S1
Grupo_1444,Activo,2012-06-30,Las Bambas,Las Bambas,"['CP Fuerabamba', 'CP Nueva Fuerabamba', 'CP Chila', 'CP Choaquere', 'CP Minascucho']",APURÍMAC,"['CP Fuerabamba', 'CP Nueva Fuerabamba', 'CP Chila', 'CP Choaquere', 'CP Minascucho']",2012,1,2012-S1
Grupo_1445,Activo,2012-06-30,Las Bambas,Las Bambas,"['CC Huancuire', 'CC Pamputa']",APURÍMAC,"['CC Huancuire', 'CC Pamputa']",2012,1,2012-S1
Grupo_1325,Activo,2012-06-30,Yanacocha,Newmont,['Distrito de La Encañada'],CAJAMARCA,['La Encañada'],2012,1,2012-S1
Grupo_1251,Activo,2012-06-30,Cerro Corona,Gold Fields,['Distrito de Hualgayoc'],CAJAMARCA,['Hualgayoc'],2012,1,2012-S1
Grupo_1421,Activo,2012-06-30,Antapaccay,Antapaccay,['Provincia de Espinar'],CUSCO,['Espinar'],2012,1,2012-S1
Grupo_606,Activo,2012-06-30,Toromocho,Chinalco,"['CP Morococha', 'CP Nueva Ciudad Morococha']",JUNÍN,"['CP Morococha', 'CP Morococha']",2012,1,2012-S1
Grupo_505,Activo,2012-06-30,Quellaveco,Angloamerican,['Distrito de Torata'],MOQUEGUA,['Distrito de Torata'],2012,1,2012-S1
Grupo_829,Activo,2012-11-30,Antamina,Antamina,"['CP Carhuayoc', 'CP Cátac']",ÁNCASH,"['CP Carhuayoc', 'CP Catac']",2012,2,2012-S2
Grupo_1391,Activo,2012-11-30,Antamina,Antamina,['CP Chipta'],ÁNCASH,['Huanchay'],2012,2,2012-S2
Grupo_1313,Activo,2012-11-30,Antamina,Antamina,['Distrito de Huarmey'],ÁNCASH,['Huarmey'],2012,2,2012-S2
Grupo_481,Activo,2012-11-30,Antamina,Antamina,"['CP Ayash Pichiú', 'CP Santa Cruz Pichiú']",ÁNCASH,"['CP Ayash Pichiu', 'Santa Cruz Pichiu']",2012,2,2012-S2
Grupo_967,Activo,2012-11-30,Antamina,Antamina,['CP Racrachaca'],ÁNCASH,['CP Racrachaca'],2012,2,2012-S2
Grupo_829,Activo,2012-11-30,Antamina,Antamina,"['CP Carhuayoc', 'CP Cátac']",ÁNCASH,"['CP Carhuayoc', 'CP Catac']",2012,2,2012-S2
Grupo_638,Activo,2012-11-30,Antamina,Antamina,['CP San Antonio de Juprog'],ÁNCASH,['CP San Antonio de Juprog'],2012,2,2012-S2
Grupo_1440,Activo,2012-11-30,Antamina,Antamina,['CP Túpac Amaru'],ÁNCASH,['CP Tupac Amaru'],2012,2,2012-S2
Grupo_1468,Activo,2012-11-30,Antamina,Antamina,"['CP Cajacay', 'CP Santa Rosa']",ÁNCASH,"['CP Cajacay', 'CP Santa Rosa']",2012,2,2012-S2
Grupo_965,Activo,2012-11-30,Antamina,Antamina,['CP Cajacay'],ÁNCASH,['CP Cajacay'],2012,2,2012-S2
Grupo_1237,Activo,2012-11-30,Las Bambas,Las Bambas,"['CP Tambulla', 'Distrito Chalhuahuacho']",APURÍMAC,"['CP Tambulla', 'Chalhuahuacho']",2012,2,2012-S2
Grupo_1444,Activo,2012-11-30,Las Bambas,Las Bambas,"['CP Fuerabamba', 'CP Nueva Fuerabamba', 'CP Chila', 'CP Choaquere', 'CP Minascucho']",APURÍMAC,"['CP Fuerabamba', 'CP Nueva Fuerabamba', 'CP Chila', 'CP Choaquere', 'CP Minascucho']",2012,2,2012-S2
Grupo_1445,Activo,2012-11-30,Las Bambas,Las Bambas,"['CC Huancuire', 'CC Pamputa']",APURÍMAC,"['CC Huancuire', 'CC Pamputa']",2012,2,2012-S2
Grupo_1325,Activo,2012-11-30,Yanacocha,Newmont,['Distrito de La Encañada'],CAJAMARCA,['La Encañada'],2012,2,2012-S2
Grupo_1251,Activo,2012-11-30,Cerro Corona,Gold Fields,['Distrito de Hualgayoc'],CAJAMARCA,['Hualgayoc'],2012,2,2012-S2
Grupo_1484,Activo,2012-11-30,Yanacocha,Yanacocha,['Distrito Los Baños del Inca'],CAJAMARCA,['Los Baños del Inca'],2012,2,2012-S2
Grupo_1421,Activo,2012-11-30,Antapaccay,Antapaccay,['Provincia de Espinar'],CUSCO,['Espinar'],2012,2,2012-S2
Grupo_606,Activo,2012-11-30,Toromocho,Chinalco,"['CP Morococha', 'CP Nueva Ciudad Morococha']",JUNÍN,"['CP Morococha', 'CP Morococha']",2012,2,2012-S2
Grupo_829,Activo,2012-12-31,Antamina,Antamina,"['CP Carhuayoc', 'CP Cátac']",ÁNCASH,"['CP Carhuayoc', 'CP Catac']",2012,2,2012-S2
Grupo_1391,Activo,2012-12-31,Antamina,Antamina,['CP Chipta'],ÁNCASH,['Huanchay'],2012,2,2012-S2
Grupo_1313,Activo,2012-12-31,Antamina,Antamina,['Distrito de Huarmey'],ÁNCASH,['Huarmey'],2012,2,2012-S2
Grupo_481,Activo,2012-12-31,Antamina,Antamina,"['CP Ayash Pichiú', 'CP Santa Cruz Pichiú']",ÁNCASH,"['CP Ayash Pichiu', 'Santa Cruz Pichiu']",2012,2,2012-S2
Grupo_829,Activo,2012-12-31,Antamina,Antamina,"['CP Carhuayoc', 'CP Cátac']",ÁNCASH,"['CP Carhuayoc', 'CP Catac']",2012,2,2012-S2
Grupo_638,Activo,2012-12-31,Antamina,Antamina,['CP San Antonio de Juprog'],ÁNCASH,['CP San Antonio de Juprog'],2012,2,2012-S2
Grupo_1440,Activo,2012-12-31,Antamina,Antamina,['CP Túpac Amaru'],ÁNCASH,['CP Tupac Amaru'],2012,2,2012-S2
Grupo_1468,Activo,2012-12-31,Antamina,Antamina,"['CP Cajacay', 'CP Santa Rosa']",ÁNCASH,"['CP Cajacay', 'CP Santa Rosa']",2012,2,2012-S2
Grupo_965,Activo,2012-12-31,Antamina,Antamina,['CP Cajacay'],ÁNCASH,['CP Cajacay'],2012,2,2012-S2
Grupo_1237,Activo,2012-12-31,Las Bambas,Las Bambas,"['CP Tambulla', 'Distrito Chalhuahuacho']",APURÍMAC,"['CP Tambulla', 'Chalhuahuacho']",2012,2,2012-S2
Grupo_1444,Activo,2012-12-31,Las Bambas,Las Bambas,"['CP Fuerabamba', 'CP Nueva Fuerabamba', 'CP Chila', 'CP Choaquere', 'CP Minascucho']",APURÍMAC,"['CP Fuerabamba', 'CP Nueva Fuerabamba', 'CP Chila', 'CP Choaquere', 'CP Minascucho']",2012,2,2012-S2
Grupo_1445,Activo,2012-12-31,Las Bambas,Las Bambas,"['CC Huancuire', 'CC Pamputa']",APURÍMAC,"['CC Huancuire', 'CC Pamputa']",2012,2,2012-S2
Grupo_1325,Activo,2012-12-31,Yanacocha,Newmont,['Distrito de La Encañada'],CAJAMARCA,['La Encañada'],2012,2,2012-S2
Grupo_1251,Activo,2012-12-31,Cerro Corona,Gold Fields,['Distrito de Hualgayoc'],CAJAMARCA,['Hualgayoc'],2012,2,2012-S2
Grupo_1484,Activo,2012-12-31,Yanacocha,Yanacocha,['Distrito Los Baños del Inca'],CAJAMARCA,['Los Baños del Inca'],2012,2,2012-S2
Grupo_1421,Activo,2012-12-31,Antapaccay,Antapaccay,['Provincia de Espinar'],CUSCO,['Espinar'],2012,2,2012-S2
Grupo_606,Activo,2012-12-31,Toromocho,Chinalco,"['CP Morococha', 'CP Nueva Ciudad Morococha']",JUNÍN,"['CP Morococha', 'CP Morococha']",2012,2,2012-S2
Grupo_829,Activo,2013-01-31,Antamina,Antamina,"['CP Carhuayoc', 'CP Cátac']",ÁNCASH,"['CP Carhuayoc', 'CP Catac']",2013,1,2013-S1
Grupo_1391,Activo,2013-01-31,Antamina,Antamina,['CP Chipta'],ÁNCASH,['Huanchay'],2013,1,2013-S1
Grupo_1313,Activo,2013-01-31,Antamina,Antamina,['Distrito de Huarmey'],ÁNCASH,['Huarmey'],2013,1,2013-S1
Grupo_481,Activo,2013-01-31,Antamina,Antamina,"['CP Ayash Pichiú', 'CP Santa Cruz Pichiú']",ÁNCASH,"['CP Ayash Pichiu', 'Santa Cruz Pichiu']",2013,1,2013-S1
Grupo_829,Activo,2013-01-31,Antamina,Antamina,"['CP Carhuayoc', 'CP Cátac']",ÁNCASH,"['CP Carhuayoc', 'CP Catac']",2013,1,2013-S1
Grupo_638,Activo,2013-01-31,Antamina,Antamina,['CP San Antonio de Juprog'],ÁNCASH,['CP San Antonio de Juprog'],2013,1,2013-S1
Grupo_1440,Activo,2013-01-31,Antamina,Antamina,['CP Túpac Amaru'],ÁNCASH,['CP Tupac Amaru'],2013,1,2013-S1
Grupo_1468,Activo,2013-01-31,Antamina,Antamina,"['CP Cajacay', 'CP Santa Rosa']",ÁNCASH,"['CP Cajacay', 'CP Santa Rosa']",2013,1,2013-S1
Grupo_965,Activo,2013-01-31,Antamina,Antamina,['CP Cajacay'],ÁNCASH,['CP Cajacay'],2013,1,2013-S1
Grupo_1237,Activo,2013-01-31,Las Bambas,Las Bambas,"['CP Tambulla', 'Distrito Chalhuahuacho']",APURÍMAC,"['CP Tambulla', 'Chalhuahuacho']",2013,1,2013-S1
Grupo_1444,Activo,2013-01-31,Las Bambas,Las Bambas,"['CP Fuerabamba', 'CP Nueva Fuerabamba', 'CP Chila', 'CP Choaquere', 'CP Minascucho']",APURÍMAC,"['CP Fuerabamba', 'CP Nueva Fuerabamba', 'CP Chila', 'CP Choaquere', 'CP Minascucho']",2013,1,2013-S1
Grupo_1445,Activo,2013-01-31,Las Bambas,Las Bambas,"['CC Huancuire', 'CC Pamputa']",APURÍMAC,"['CC Huancuire', 'CC Pamputa']",2013,1,2013-S1
Grupo_1325,Activo,2013-01-31,Yanacocha,Newmont,['Distrito de La Encañada'],CAJAMARCA,['La Encañada'],2013,1,2013-S1
Grupo_1251,Activo,2013-01-31,Cerro Corona,Gold Fields,['Distrito de Hualgayoc'],CAJAMARCA,['Hualgayoc'],2013,1,2013-S1
Grupo_1484,Activo,2013-01-31,Yanacocha,Yanacocha,['Distrito Los Baños del Inca'],CAJAMARCA,['Los Baños del Inca'],2013,1,2013-S1
Grupo_1421,Activo,2013-01-31,Antapaccay,Antapaccay,['Provincia de Espinar'],CUSCO,['Espinar'],2013,1,2013-S1
Grupo_606,Activo,2013-01-31,Toromocho,Chinalco,"['CP Morococha', 'CP Nueva Ciudad Morococha']",JUNÍN,"['CP Morococha', 'CP Morococha']",2013,1,2013-S1
Grupo_829,Activo,2013-02-28,Antamina,Antamina,"['CP Carhuayoc', 'CP Cátac']",ÁNCASH,"['CP Carhuayoc', 'CP Catac']",2013,1,2013-S1
Grupo_1391,Activo,2013-02-28,Antamina,Antamina,['CP Chipta'],ÁNCASH,['Huanchay'],2013,1,2013-S1
Grupo_1313,Activo,2013-02-28,Antamina,Antamina,['Distrito de Huarmey'],ÁNCASH,['Huarmey'],2013,1,2013-S1
Grupo_481,Activo,2013-02-28,Antamina,Antamina,"['CP Ayash Pichiú', 'CP Santa Cruz Pichiú']",ÁNCASH,"['CP Ayash Pichiu', 'Santa Cruz Pichiu']",2013,1,2013-S1
Grupo_829,Activo,2013-02-28,Antamina,Antamina,"['CP Carhuayoc', 'CP Cátac']",ÁNCASH,"['CP Carhuayoc', 'CP Catac']",2013,1,2013-S1
Grupo_638,Activo,2013-02-28,Antamina,Antamina,['CP San Antonio de Juprog'],ÁNCASH,['CP San Antonio de Juprog'],2013,1,2013-S1
Grupo_1440,Activo,2013-02-28,Antamina,Antamina,['CP Túpac Amaru'],ÁNCASH,['CP Tupac Amaru'],2013,1,2013-S1
Grupo_1468,Activo,2013-02-28,Antamina,Antamina,"['CP Cajacay', 'CP Santa Rosa']",ÁNCASH,"['CP Cajacay', 'CP Santa Rosa']",2013,1,2013-S1
Grupo_965,Activo,2013-02-28,Antamina,Antamina,['CP Cajacay'],ÁNCASH,['CP Cajacay'],2013,1,2013-S1
Grupo_1237,Activo,2013-02-28,Las Bambas,Las Bambas,"['CP Tambulla', 'Distrito Chalhuahuacho']",APURÍMAC,"['CP Tambulla', 'Chalhuahuacho']",2013,1,2013-S1
Grupo_1444,Activo,2013-02-28,Las Bambas,Las Bambas,"['CP Fuerabamba', 'CP Nueva Fuerabamba', 'CP Chila', 'CP Choaquere', 'CP Minascucho']",APURÍMAC,"['CP Fuerabamba', 'CP Nueva Fuerabamba', 'CP Chila', 'CP Choaquere', 'CP Minascucho']",2013,1,2013-S1
Grupo_1445,Activo,2013-02-28,Las Bambas,Las Bambas,"['CC Huancuire', 'CC Pamputa']",APURÍMAC,"['CC Huancuire', 'CC Pamputa']",2013,1,2013-S1
Grupo_1325,Activo,2013-02-28,Yanacocha,Newmont,['Distrito de La Encañada'],CAJAMARCA,['La Encañada'],2013,1,2013-S1
Grupo_1251,Activo,2013-02-28,Cerro Corona,Gold Fields,['Distrito de Hualgayoc'],CAJAMARCA,['Hualgayoc'],2013,1,2013-S1
Grupo_1484,Activo,2013-02-28,Yanacocha,Yanacocha,['Distrito Los Baños del Inca'],CAJAMARCA,['Los Baños del Inca'],2013,1,2013-S1
Grupo_1421,Activo,2013-02-28,Antapaccay,Antapaccay,['Provincia de Espinar'],CUSCO,['Espinar'],2013,1,2013-S1
Grupo_606,Activo,2013-02-28,Toromocho,Chinalco,"['CP Morococha', 'CP Nueva Ciudad Morococha']",JUNÍN,"['CP Morococha', 'CP Morococha']",2013,1,2013-S1
Grupo_829,Activo,2013-03-31,Antamina,Antamina,"['CP Carhuayoc', 'CP Cátac']",ÁNCASH,"['CP Carhuayoc', 'CP Catac']",2013,1,2013-S1
Grupo_1391,Activo,2013-03-31,Antamina,Antamina,['CP Chipta'],ÁNCASH,['Huanchay'],2013,1,2013-S1
Grupo_1313,Activo,2013-03-31,Antamina,Antamina,['Distrito de Huarmey'],ÁNCASH,['Huarmey'],2013,1,2013-S1
Grupo_481,Activo,2013-03-31,Antamina,Antamina,"['CP Ayash Pichiú', 'CP Santa Cruz Pichiú']",ÁNCASH,"['CP Ayash Pichiu', 'Santa Cruz Pichiu']",2013,1,2013-S1
Grupo_829,Activo,2013-03-31,Antamina,Antamina,"['CP Carhuayoc', 'CP Cátac']",ÁNCASH,"['CP Carhuayoc', 'CP Catac']",2013,1,2013-S1
Grupo_638,Activo,2013-03-31,Antamina,Antamina,['CP San Antonio de Juprog'],ÁNCASH,['CP San Antonio de Juprog'],2013,1,2013-S1
Grupo_1440,Activo,2013-03-31,Antamina,Antamina,['CP Túpac Amaru'],ÁNCASH,['CP Tupac Amaru'],2013,1,2013-S1
Grupo_1468,Activo,2013-03-31,Antamina,Antamina,"['CP Cajacay', 'CP Santa Rosa']",ÁNCASH,"['CP Cajacay', 'CP Santa Rosa']",2013,1,2013-S1
Grupo_965,Activo,2013-03-31,Antamina,Antamina,['CP Cajacay'],ÁNCASH,['CP Cajacay'],2013,1,2013-S1
Grupo_1237,Activo,2013-03-31,Las Bambas,Las Bambas,"['CP Tambulla', 'Distrito Chalhuahuacho']",APURÍMAC,"['CP Tambulla', 'Chalhuahuacho']",2013,1,2013-S1
Grupo_1444,Activo,2013-03-31,Las Bambas,Las Bambas,"['CP Fuerabamba', 'CP Nueva Fuerabamba', 'CP Chila', 'CP Choaquere', 'CP Minascucho']",APURÍMAC,"['CP Fuerabamba', 'CP Nueva Fuerabamba', 'CP Chila', 'CP Choaquere', 'CP Minascucho']",2013,1,2013-S1
Grupo_1445,Activo,2013-03-31,Las Bambas,Las Bambas,"['CC Huancuire', 'CC Pamputa']",APURÍMAC,"['CC Huancuire', 'CC Pamputa']",2013,1,2013-S1
Grupo_1325,Activo,2013-03-31,Yanacocha,Newmont,['Distrito de La Encañada'],CAJAMARCA,['La Encañada'],2013,1,2013-S1
Grupo_1251,Activo,2013-03-31,Cerro Corona,Gold Fields,['Distrito de Hualgayoc'],CAJAMARCA,['Hualgayoc'],2013,1,2013-S1
Grupo_1484,Activo,2013-03-31,Yanacocha,Yanacocha,['Distrito Los Baños del Inca'],CAJAMARCA,['Los Baños del Inca'],2013,1,2013-S1
Grupo_1421,Activo,2013-03-31,Antapaccay,Antapaccay,['Provincia de Espinar'],CUSCO,['Espinar'],2013,1,2013-S1
Grupo_606,Activo,2013-03-31,Toromocho,Chinalco,"['CP Morococha', 'CP Nueva Ciudad Morococha']",JUNÍN,"['CP Morococha', 'CP Morococha']",2013,1,2013-S1
Grupo_829,Activo,2013-04-30,Antamina,Antamina,"['CP Carhuayoc', 'CP Cátac']",ÁNCASH,"['CP Carhuayoc', 'CP Catac']",2013,1,2013-S1
Grupo_1391,Activo,2013-04-30,Antamina,Antamina,['CP Chipta'],ÁNCASH,['Huanchay'],2013,1,2013-S1
Grupo_1313,Activo,2013-04-30,Antamina,Antamina,['Distrito de Huarmey'],ÁNCASH,['Huarmey'],2013,1,2013-S1
Grupo_481,Activo,2013-04-30,Antamina,Antamina,"['CP Ayash Pichiú', 'CP Santa Cruz Pichiú']",ÁNCASH,"['CP Ayash Pichiu', 'Santa Cruz Pichiu']",2013,1,2013-S1
Grupo_829,Activo,2013-04-30,Antamina,Antamina,"['CP Carhuayoc', 'CP Cátac']",ÁNCASH,"['CP Carhuayoc', 'CP Catac']",2013,1,2013-S1
Grupo_638,Activo,2013-04-30,Antamina,Antamina,['CP San Antonio de Juprog'],ÁNCASH,['CP San Antonio de Juprog'],2013,1,2013-S1
Grupo_1440,Activo,2013-04-30,Antamina,Antamina,['CP Túpac Amaru'],ÁNCASH,['CP Tupac Amaru'],2013,1,2013-S1
Grupo_1468,Activo,2013-04-30,Antamina,Antamina,"['CP Cajacay', 'CP Santa Rosa']",ÁNCASH,"['CP Cajacay', 'CP Santa Rosa']",2013,1,2013-S1
Grupo_965,Activo,2013-04-30,Antamina,Antamina,['CP Cajacay'],ÁNCASH,['CP Cajacay'],2013,1,2013-S1
Grupo_1237,Activo,2013-04-30,Las Bambas,Las Bambas,"['CP Tambulla', 'Distrito Chalhuahuacho']",APURÍMAC,"['CP Tambulla', 'Chalhuahuacho']",2013,1,2013-S1
Grupo_1444,Activo,2013-04-30,Las Bambas,Las Bambas,"['CP Fuerabamba', 'CP Nueva Fuerabamba', 'CP Chila', 'CP Choaquere', 'CP Minascucho']",APURÍMAC,"['CP Fuerabamba', 'CP Nueva Fuerabamba', 'CP Chila', 'CP Choaquere', 'CP Minascucho']",2013,1,2013-S1
Grupo_1445,Activo,2013-04-30,Las Bambas,Las Bambas,"['CC Huancuire', 'CC Pamputa']",APURÍMAC,"['CC Huancuire', 'CC Pamputa']",2013,1,2013-S1
Grupo_1325,Activo,2013-04-30,Yanacocha,Newmont,['Distrito de La Encañada'],CAJAMARCA,['La Encañada'],2013,1,2013-S1
Grupo_1251,Activo,2013-04-30,Cerro Corona,Gold Fields,['Distrito de Hualgayoc'],CAJAMARCA,['Hualgayoc'],2013,1,2013-S1
Grupo_1484,Activo,2013-04-30,Yanacocha,Yanacocha,['Distrito Los Baños del Inca'],CAJAMARCA,['Los Baños del Inca'],2013,1,2013-S1
Grupo_1421,Activo,2013-04-30,Antapaccay,Antapaccay,['Provincia de Espinar'],CUSCO,['Espinar'],2013,1,2013-S1
Grupo_606,Activo,2013-04-30,Toromocho,Chinalco,"['CP Morococha', 'CP Nueva Ciudad Morococha']",JUNÍN,"['CP Morococha', 'CP Morococha']",2013,1,2013-S1
Grupo_829,Activo,2013-05-31,Antamina,Antamina,"['CP Carhuayoc', 'CP Cátac']",ÁNCASH,"['CP Carhuayoc', 'CP Catac']",2013,1,2013-S1
Grupo_1391,Activo,2013-05-31,Antamina,Antamina,['CP Chipta'],ÁNCASH,['Huanchay'],2013,1,2013-S1
Grupo_1313,Activo,2013-05-31,Antamina,Antamina,['Distrito de Huarmey'],ÁNCASH,['Huarmey'],2013,1,2013-S1
Grupo_481,Activo,2013-05-31,Antamina,Antamina,"['CP Ayash Pichiú', 'CP Santa Cruz Pichiú']",ÁNCASH,"['CP Ayash Pichiu', 'Santa Cruz Pichiu']",2013,1,2013-S1
Grupo_829,Activo,2013-05-31,Antamina,Antamina,"['CP Carhuayoc', 'CP Cátac']",ÁNCASH,"['CP Carhuayoc', 'CP Catac']",2013,1,2013-S1
Grupo_638,Activo,2013-05-31,Antamina,Antamina,['CP San Antonio de Juprog'],ÁNCASH,['CP San Antonio de Juprog'],2013,1,2013-S1
Grupo_1440,Activo,2013-05-31,Antamina,Antamina,['CP Túpac Amaru'],ÁNCASH,['CP Tupac Amaru'],2013,1,2013-S1
Grupo_1468,Activo,2013-05-31,Antamina,Antamina,"['CP Cajacay', 'CP Santa Rosa']",ÁNCASH,"['CP Cajacay', 'CP Santa Rosa']",2013,1,2013-S1
Grupo_965,Activo,2013-05-31,Antamina,Antamina,['CP Cajacay'],ÁNCASH,['CP Cajacay'],2013,1,2013-S1
Grupo_1237,Activo,2013-05-31,Las Bambas,Las Bambas,"['CP Tambulla', 'Distrito Chalhuahuacho']",APURÍMAC,"['CP Tambulla', 'Chalhuahuacho']",2013,1,2013-S1
Grupo_1444,Activo,2013-05-31,Las Bambas,Las Bambas,"['CP Fuerabamba', 'CP Nueva Fuerabamba', 'CP Chila', 'CP Choaquere', 'CP Minascucho']",APURÍMAC,"['CP Fuerabamba', 'CP Nueva Fuerabamba', 'CP Chila', 'CP Choaquere', 'CP Minascucho']",2013,1,2013-S1
Grupo_1445,Activo,2013-05-31,Las Bambas,Las Bambas,"['CC Huancuire', 'CC Pamputa']",APURÍMAC,"['CC Huancuire', 'CC Pamputa']",2013,1,2013-S1
Grupo_1325,Activo,2013-05-31,Yanacocha,Newmont,['Distrito de La Encañada'],CAJAMARCA,['La Encañada'],2013,1,2013-S1
Grupo_1251,Activo,2013-05-31,Cerro Corona,Gold Fields,['Distrito de Hualgayoc'],CAJAMARCA,['Hualgayoc'],2013,1,2013-S1
Grupo_1484,Activo,2013-05-31,Yanacocha,Yanacocha,['Distrito Los Baños del Inca'],CAJAMARCA,['Los Baños del Inca'],2013,1,2013-S1
Grupo_1421,Activo,2013-05-31,Antapaccay,Antapaccay,['Provincia de Espinar'],CUSCO,['Espinar'],2013,1,2013-S1
Grupo_606,Activo,2013-05-31,Toromocho,Chinalco,"['CP Morococha', 'CP Nueva Ciudad Morococha']",JUNÍN,"['CP Morococha', 'CP Morococha']",2013,1,2013-S1
Grupo_829,Activo,2013-06-30,Antamina,Antamina,"['CP Carhuayoc', 'CP Cátac']",ÁNCASH,"['CP Carhuayoc', 'CP Catac']",2013,1,2013-S1
Grupo_1391,Activo,2013-06-30,Antamina,Antamina,['CP Chipta'],ÁNCASH,['Huanchay'],2013,1,2013-S1
Grupo_1313,Activo,2013-06-30,Antamina,Antamina,['Distrito de Huarmey'],ÁNCASH,['Huarmey'],2013,1,2013-S1
Grupo_481,Activo,2013-06-30,Antamina,Antamina,"['CP Ayash Pichiú', 'CP Santa Cruz Pichiú']",ÁNCASH,"['CP Ayash Pichiu', 'Santa Cruz Pichiu']",2013,1,2013-S1
Grupo_829,Activo,2013-06-30,Antamina,Antamina,"['CP Carhuayoc', 'CP Cátac']",ÁNCASH,"['CP Carhuayoc', 'CP Catac']",2013,1,2013-S1
Grupo_638,Activo,2013-06-30,Antamina,Antamina,['CP San Antonio de Juprog'],ÁNCASH,['CP San Antonio de Juprog'],2013,1,2013-S1
Grupo_1468,Activo,2013-06-30,Antamina,Antamina,"['CP Cajacay', 'CP Santa Rosa']",ÁNCASH,"['CP Cajacay', 'CP Santa Rosa']",2013,1,2013-S1
Grupo_1237,Activo,2013-06-30,Las Bambas,Las Bambas,"['CP Tambulla', 'Distrito Chalhuahuacho']",APURÍMAC,"['CP Tambulla', 'Chalhuahuacho']",2013,1,2013-S1
Grupo_1444,Activo,2013-06-30,Las Bambas,Las Bambas,"['CP Fuerabamba', 'CP Nueva Fuerabamba', 'CP Chila', 'CP Choaquere', 'CP Minascucho']",APURÍMAC,"['CP Fuerabamba', 'CP Nueva Fuerabamba', 'CP Chila', 'CP Choaquere', 'CP Minascucho']",2013,1,2013-S1
Grupo_1445,Activo,2013-06-30,Las Bambas,Las Bambas,"['CC Huancuire', 'CC Pamputa']",APURÍMAC,"['CC Huancuire', 'CC Pamputa']",2013,1,2013-S1
Grupo_1325,Activo,2013-06-30,Yanacocha,Newmont,['Distrito de La Encañada'],CAJAMARCA,['La Encañada'],2013,1,2013-S1
Grupo_1251,Activo,2013-06-30,Cerro Corona,Gold Fields,['Distrito de Hualgayoc'],CAJAMARCA,['Hualgayoc'],2013,1,2013-S1
Grupo_1484,Activo,2013-06-30,Yanacocha,Yanacocha,['Distrito Los Baños del Inca'],CAJAMARCA,['Los Baños del Inca'],2013,1,2013-S1
Grupo_1421,Activo,2013-06-30,Antapaccay,Antapaccay,['Provincia de Espinar'],CUSCO,['Espinar'],2013,1,2013-S1
Grupo_606,Activo,2013-06-30,Toromocho,Chinalco,"['CP Morococha', 'CP Nueva Ciudad Morococha']",JUNÍN,"['CP Morococha', 'CP Morococha']",2013,1,2013-S1
Grupo_829,Activo,2012-05-31,Antamina,Antamina,"['CP Carhuayoc', 'CP Cátac']",ÁNCASH,"['CP Carhuayoc', 'CP Catac']",2012,1,2012-S1
Grupo_1391,Activo,2012-05-31,Antamina,Antamina,['CP Chipta'],ÁNCASH,['Huanchay'],2012,1,2012-S1
Grupo_1313,Activo,2012-05-31,Antamina,Antamina,['Distrito de Huarmey'],ÁNCASH,['Huarmey'],2012,1,2012-S1
Grupo_481,Activo,2012-05-31,Antamina,Antamina,"['CP Ayash Pichiú', 'CP Santa Cruz Pichiú']",ÁNCASH,"['CP Ayash Pichiu', 'Santa Cruz Pichiu']",2012,1,2012-S1
Grupo_967,Activo,2012-05-31,Antamina,Antamina,['CP Racrachaca'],ÁNCASH,['CP Racrachaca'],2012,1,2012-S1
Grupo_829,Activo,2012-05-31,Antamina,Antamina,"['CP Carhuayoc', 'CP Cátac']",ÁNCASH,"['CP Carhuayoc', 'CP Catac']",2012,1,2012-S1
Grupo_638,Activo,2012-05-31,Antamina,Antamina,['CP San Antonio de Juprog'],ÁNCASH,['CP San Antonio de Juprog'],2012,1,2012-S1
Grupo_1440,Activo,2012-05-31,Antamina,Antamina,['CP Túpac Amaru'],ÁNCASH,['CP Tupac Amaru'],2012,1,2012-S1
Grupo_965,Activo,2012-05-31,Antamina,Antamina,['CP Cajacay'],ÁNCASH,['CP Cajacay'],2012,1,2012-S1
Grupo_1237,Activo,2012-05-31,Las Bambas,Las Bambas,"['CP Tambulla', 'Distrito Chalhuahuacho']",APURÍMAC,"['CP Tambulla', 'Chalhuahuacho']",2012,1,2012-S1
Grupo_1444,Activo,2012-05-31,Las Bambas,Las Bambas,"['CP Fuerabamba', 'CP Nueva Fuerabamba', 'CP Chila', 'CP Choaquere', 'CP Minascucho']",APURÍMAC,"['CP Fuerabamba', 'CP Nueva Fuerabamba', 'CP Chila', 'CP Choaquere', 'CP Minascucho']",2012,1,2012-S1
Grupo_1325,Activo,2012-05-31,Yanacocha,Newmont,['Distrito de La Encañada'],CAJAMARCA,['La Encañada'],2012,1,2012-S1
Grupo_674,Activo,2012-05-31,Yanacocha,Newmont,['CP La Ramada'],CAJAMARCA,['CP La Ramada'],2012,1,2012-S1
Grupo_1251,Activo,2012-05-31,Cerro Corona,Gold Fields,['Distrito de Hualgayoc'],CAJAMARCA,['Hualgayoc'],2012,1,2012-S1
Grupo_1421,Activo,2012-05-31,Antapaccay,Antapaccay,['Provincia de Espinar'],CUSCO,['Espinar'],2012,1,2012-S1
Grupo_606,Activo,2012-05-31,Toromocho,Chinalco,"['CP Morococha', 'CP Nueva Ciudad Morococha']",JUNÍN,"['CP Morococha', 'CP Morococha']",2012,1,2012-S1
Grupo_505,Activo,2012-05-31,Quellaveco,Angloamerican,['Distrito de Torata'],MOQUEGUA,['Distrito de Torata'],2012,1,2012-S1
Grupo_1391,Activo,2014-07-31,Antamina,Antamina,['CP Chipta'],ÁNCASH,['Huanchay'],2014,2,2014-S2
Grupo_829,Activo,2014-07-31,Antamina,Antamina,"['CP Carhuayoc', 'CP Cátac']",ÁNCASH,"['CP Carhuayoc', 'CP Catac']",2014,2,2014-S2
Grupo_1313,Activo,2014-07-31,Antamina,Antamina,['Distrito de Huarmey'],ÁNCASH,['Huarmey'],2014,2,2014-S2
Grupo_481,Activo,2014-07-31,Antamina,Antamina,"['CP Ayash Pichiú', 'CP Santa Cruz Pichiú']",ÁNCASH,"['CP Ayash Pichiu', 'Santa Cruz Pichiu']",2014,2,2014-S2
Grupo_829,Activo,2014-07-31,Antamina,Antamina,"['CP Carhuayoc', 'CP Cátac']",ÁNCASH,"['CP Carhuayoc', 'CP Catac']",2014,2,2014-S2
Grupo_1468,Activo,2014-07-31,Antamina,Antamina,"['CP Cajacay', 'CP Santa Rosa']",ÁNCASH,"['CP Cajacay', 'CP Santa Rosa']",2014,2,2014-S2
Grupo_1237,Activo,2014-07-31,Las Bambas,Las Bambas,"['CP Tambulla', 'Distrito Chalhuahuacho']",APURÍMAC,"['CP Tambulla', 'Chalhuahuacho']",2014,2,2014-S2
Grupo_1604,Activo,2014-07-31,Las Bambas,Las Bambas,"['CP Ccahuapirhua', 'CP Chicñahui', 'CP Record Ccanccaja']",APURÍMAC,"['Ccahuapirhua', 'CP Chicñahui', 'Juliaca']",2014,2,2014-S2
Grupo_1325,Activo,2014-07-31,Yanacocha,Newmont,['Distrito de La Encañada'],CAJAMARCA,['La Encañada'],2014,2,2014-S2
Grupo_1251,Activo,2014-07-31,Cerro Corona,Gold Fields,['Distrito de Hualgayoc'],CAJAMARCA,['Hualgayoc'],2014,2,2014-S2
Grupo_1484,Activo,2014-07-31,Yanacocha,Yanacocha,['Distrito Los Baños del Inca'],CAJAMARCA,['Los Baños del Inca'],2014,2,2014-S2
Grupo_1421,Activo,2014-07-31,Antapaccay,Antapaccay,['Provincia de Espinar'],CUSCO,['Espinar'],2014,2,2014-S2
Grupo_606,Activo,2014-07-31,Toromocho,Chinalco,"['CP Morococha', 'CP Nueva Ciudad Morococha']",JUNÍN,"['CP Morococha', 'CP Morococha']",2014,2,2014-S2
Grupo_829,Activo,2012-07-31,Antamina,Antamina,"['CP Carhuayoc', 'CP Cátac']",ÁNCASH,"['CP Carhuayoc', 'CP Catac']",2012,2,2012-S2
Grupo_1391,Activo,2012-07-31,Antamina,Antamina,['CP Chipta'],ÁNCASH,['Huanchay'],2012,2,2012-S2
Grupo_1313,Activo,2012-07-31,Antamina,Antamina,['Distrito de Huarmey'],ÁNCASH,['Huarmey'],2012,2,2012-S2
Grupo_481,Activo,2012-07-31,Antamina,Antamina,"['CP Ayash Pichiú', 'CP Santa Cruz Pichiú']",ÁNCASH,"['CP Ayash Pichiu', 'Santa Cruz Pichiu']",2012,2,2012-S2
Grupo_967,Activo,2012-07-31,Antamina,Antamina,['CP Racrachaca'],ÁNCASH,['CP Racrachaca'],2012,2,2012-S2
Grupo_829,Activo,2012-07-31,Antamina,Antamina,"['CP Carhuayoc', 'CP Cátac']",ÁNCASH,"['CP Carhuayoc', 'CP Catac']",2012,2,2012-S2
Grupo_638,Activo,2012-07-31,Antamina,Antamina,['CP San Antonio de Juprog'],ÁNCASH,['CP San Antonio de Juprog'],2012,2,2012-S2
Grupo_1440,Activo,2012-07-31,Antamina,Antamina,['CP Túpac Amaru'],ÁNCASH,['CP Tupac Amaru'],2012,2,2012-S2
Grupo_1468,Activo,2012-07-31,Antamina,Antamina,"['CP Cajacay', 'CP Santa Rosa']",ÁNCASH,"['CP Cajacay', 'CP Santa Rosa']",2012,2,2012-S2
Grupo_965,Activo,2012-07-31,Antamina,Antamina,['CP Cajacay'],ÁNCASH,['CP Cajacay'],2012,2,2012-S2
Grupo_1237,Activo,2012-07-31,Las Bambas,Las Bambas,"['CP Tambulla', 'Distrito Chalhuahuacho']",APURÍMAC,"['CP Tambulla', 'Chalhuahuacho']",2012,2,2012-S2
Grupo_1444,Activo,2012-07-31,Las Bambas,Las Bambas,"['CP Fuerabamba', 'CP Nueva Fuerabamba', 'CP Chila', 'CP Choaquere', 'CP Minascucho']",APURÍMAC,"['CP Fuerabamba', 'CP Nueva Fuerabamba', 'CP Chila', 'CP Choaquere', 'CP Minascucho']",2012,2,2012-S2
Grupo_1445,Activo,2012-07-31,Las Bambas,Las Bambas,"['CC Huancuire', 'CC Pamputa']",APURÍMAC,"['CC Huancuire', 'CC Pamputa']",2012,2,2012-S2
Grupo_1325,Activo,2012-07-31,Yanacocha,Newmont,['Distrito de La Encañada'],CAJAMARCA,['La Encañada'],2012,2,2012-S2
Grupo_1251,Activo,2012-07-31,Cerro Corona,Gold Fields,['Distrito de Hualgayoc'],CAJAMARCA,['Hualgayoc'],2012,2,2012-S2
Grupo_1421,Activo,2012-07-31,Antapaccay,Antapaccay,['Provincia de Espinar'],CUSCO,['Espinar'],2012,2,2012-S2
Grupo_606,Activo,2012-07-31,Toromocho,Chinalco,"['CP Morococha', 'CP Nueva Ciudad Morococha']",JUNÍN,"['CP Morococha', 'CP Morococha']",2012,2,2012-S2
Grupo_829,Activo,2012-08-31,Antamina,Antamina,"['CP Carhuayoc', 'CP Cátac']",ÁNCASH,"['CP Carhuayoc', 'CP Catac']",2012,2,2012-S2
Grupo_1391,Activo,2012-08-31,Antamina,Antamina,['CP Chipta'],ÁNCASH,['Huanchay'],2012,2,2012-S2
Grupo_1313,Activo,2012-08-31,Antamina,Antamina,['Distrito de Huarmey'],ÁNCASH,['Huarmey'],2012,2,2012-S2
Grupo_481,Activo,2012-08-31,Antamina,Antamina,"['CP Ayash Pichiú', 'CP Santa Cruz Pichiú']",ÁNCASH,"['CP Ayash Pichiu', 'Santa Cruz Pichiu']",2012,2,2012-S2
Grupo_967,Activo,2012-08-31,Antamina,Antamina,['CP Racrachaca'],ÁNCASH,['CP Racrachaca'],2012,2,2012-S2
Grupo_829,Activo,2012-08-31,Antamina,Antamina,"['CP Carhuayoc', 'CP Cátac']",ÁNCASH,"['CP Carhuayoc', 'CP Catac']",2012,2,2012-S2
Grupo_638,Activo,2012-08-31,Antamina,Antamina,['CP San Antonio de Juprog'],ÁNCASH,['CP San Antonio de Juprog'],2012,2,2012-S2
Grupo_1440,Activo,2012-08-31,Antamina,Antamina,['CP Túpac Amaru'],ÁNCASH,['CP Tupac Amaru'],2012,2,2012-S2
Grupo_1468,Activo,2012-08-31,Antamina,Antamina,"['CP Cajacay', 'CP Santa Rosa']",ÁNCASH,"['CP Cajacay', 'CP Santa Rosa']",2012,2,2012-S2
Grupo_965,Activo,2012-08-31,Antamina,Antamina,['CP Cajacay'],ÁNCASH,['CP Cajacay'],2012,2,2012-S2
Grupo_1237,Activo,2012-08-31,Las Bambas,Las Bambas,"['CP Tambulla', 'Distrito Chalhuahuacho']",APURÍMAC,"['CP Tambulla', 'Chalhuahuacho']",2012,2,2012-S2
Grupo_1444,Activo,2012-08-31,Las Bambas,Las Bambas,"['CP Fuerabamba', 'CP Nueva Fuerabamba', 'CP Chila', 'CP Choaquere', 'CP Minascucho']",APURÍMAC,"['CP Fuerabamba', 'CP Nueva Fuerabamba', 'CP Chila', 'CP Choaquere', 'CP Minascucho']",2012,2,2012-S2
Grupo_1445,Activo,2012-08-31,Las Bambas,Las Bambas,"['CC Huancuire', 'CC Pamputa']",APURÍMAC,"['CC Huancuire', 'CC Pamputa']",2012,2,2012-S2
Grupo_1325,Activo,2012-08-31,Yanacocha,Newmont,['Distrito de La Encañada'],CAJAMARCA,['La Encañada'],2012,2,2012-S2
Grupo_1251,Activo,2012-08-31,Cerro Corona,Gold Fields,['Distrito de Hualgayoc'],CAJAMARCA,['Hualgayoc'],2012,2,2012-S2
Grupo_1421,Activo,2012-08-31,Antapaccay,Antapaccay,['Provincia de Espinar'],CUSCO,['Espinar'],2012,2,2012-S2
Grupo_606,Activo,2012-08-31,Toromocho,Chinalco,"['CP Morococha', 'CP Nueva Ciudad Morococha']",JUNÍN,"['CP Morococha', 'CP Morococha']",2012,2,2012-S2
Grupo_829,Activo,2012-09-30,Antamina,Antamina,"['CP Carhuayoc', 'CP Cátac']",ÁNCASH,"['CP Carhuayoc', 'CP Catac']",2012,2,2012-S2
Grupo_1391,Activo,2012-09-30,Antamina,Antamina,['CP Chipta'],ÁNCASH,['Huanchay'],2012,2,2012-S2
Grupo_1313,Activo,2012-09-30,Antamina,Antamina,['Distrito de Huarmey'],ÁNCASH,['Huarmey'],2012,2,2012-S2
Grupo_481,Activo,2012-09-30,Antamina,Antamina,"['CP Ayash Pichiú', 'CP Santa Cruz Pichiú']",ÁNCASH,"['CP Ayash Pichiu', 'Santa Cruz Pichiu']",2012,2,2012-S2
Grupo_967,Activo,2012-09-30,Antamina,Antamina,['CP Racrachaca'],ÁNCASH,['CP Racrachaca'],2012,2,2012-S2
Grupo_829,Activo,2012-09-30,Antamina,Antamina,"['CP Carhuayoc', 'CP Cátac']",ÁNCASH,"['CP Carhuayoc', 'CP Catac']",2012,2,2012-S2
Grupo_638,Activo,2012-09-30,Antamina,Antamina,['CP San Antonio de Juprog'],ÁNCASH,['CP San Antonio de Juprog'],2012,2,2012-S2
Grupo_1440,Activo,2012-09-30,Antamina,Antamina,['CP Túpac Amaru'],ÁNCASH,['CP Tupac Amaru'],2012,2,2012-S2
Grupo_1468,Activo,2012-09-30,Antamina,Antamina,"['CP Cajacay', 'CP Santa Rosa']",ÁNCASH,"['CP Cajacay', 'CP Santa Rosa']",2012,2,2012-S2
Grupo_965,Activo,2012-09-30,Antamina,Antamina,['CP Cajacay'],ÁNCASH,['CP Cajacay'],2012,2,2012-S2
Grupo_1237,Activo,2012-09-30,Las Bambas,Las Bambas,"['CP Tambulla', 'Distrito Chalhuahuacho']",APURÍMAC,"['CP Tambulla', 'Chalhuahuacho']",2012,2,2012-S2
Grupo_1444,Activo,2012-09-30,Las Bambas,Las Bambas,"['CP Fuerabamba', 'CP Nueva Fuerabamba', 'CP Chila', 'CP Choaquere', 'CP Minascucho']",APURÍMAC,"['CP Fuerabamba', 'CP Nueva Fuerabamba', 'CP Chila', 'CP Choaquere', 'CP Minascucho']",2012,2,2012-S2
Grupo_1445,Activo,2012-09-30,Las Bambas,Las Bambas,"['CC Huancuire', 'CC Pamputa']",APURÍMAC,"['CC Huancuire', 'CC Pamputa']",2012,2,2012-S2
Grupo_1325,Activo,2012-09-30,Yanacocha,Newmont,['Distrito de La Encañada'],CAJAMARCA,['La Encañada'],2012,2,2012-S2
Grupo_1251,Activo,2012-09-30,Cerro Corona,Gold Fields,['Distrito de Hualgayoc'],CAJAMARCA,['Hualgayoc'],2012,2,2012-S2
Grupo_1484,Activo,2012-09-30,Yanacocha,Yanacocha,['Distrito Los Baños del Inca'],CAJAMARCA,['Los Baños del Inca'],2012,2,2012-S2
Grupo_1421,Activo,2012-09-30,Antapaccay,Antapaccay,['Provincia de Espinar'],CUSCO,['Espinar'],2012,2,2012-S2
Grupo_606,Activo,2012-09-30,Toromocho,Chinalco,"['CP Morococha', 'CP Nueva Ciudad Morococha']",JUNÍN,"['CP Morococha', 'CP Morococha']",2012,2,2012-S2
Grupo_829,Activo,2012-10-31,Antamina,Antamina,"['CP Carhuayoc', 'CP Cátac']",ÁNCASH,"['CP Carhuayoc', 'CP Catac']",2012,2,2012-S2
Grupo_1391,Activo,2012-10-31,Antamina,Antamina,['CP Chipta'],ÁNCASH,['Huanchay'],2012,2,2012-S2
Grupo_1313,Activo,2012-10-31,Antamina,Antamina,['Distrito de Huarmey'],ÁNCASH,['Huarmey'],2012,2,2012-S2
Grupo_481,Activo,2012-10-31,Antamina,Antamina,"['CP Ayash Pichiú', 'CP Santa Cruz Pichiú']",ÁNCASH,"['CP Ayash Pichiu', 'Santa Cruz Pichiu']",2012,2,2012-S2
Grupo_967,Activo,2012-10-31,Antamina,Antamina,['CP Racrachaca'],ÁNCASH,['CP Racrachaca'],2012,2,2012-S2
Grupo_829,Activo,2012-10-31,Antamina,Antamina,"['CP Carhuayoc', 'CP Cátac']",ÁNCASH,"['CP Carhuayoc', 'CP Catac']",2012,2,2012-S2
Grupo_638,Activo,2012-10-31,Antamina,Antamina,['CP San Antonio de Juprog'],ÁNCASH,['CP San Antonio de Juprog'],2012,2,2012-S2
Grupo_1440,Activo,2012-10-31,Antamina,Antamina,['CP Túpac Amaru'],ÁNCASH,['CP Tupac Amaru'],2012,2,2012-S2
Grupo_1468,Activo,2012-10-31,Antamina,Antamina,"['CP Cajacay', 'CP Santa Rosa']",ÁNCASH,"['CP Cajacay', 'CP Santa Rosa']",2012,2,2012-S2
Grupo_965,Activo,2012-10-31,Antamina,Antamina,['CP Cajacay'],ÁNCASH,['CP Cajacay'],2012,2,2012-S2
Grupo_1237,Activo,2012-10-31,Las Bambas,Las Bambas,"['CP Tambulla', 'Distrito Chalhuahuacho']",APURÍMAC,"['CP Tambulla', 'Chalhuahuacho']",2012,2,2012-S2
Grupo_1444,Activo,2012-10-31,Las Bambas,Las Bambas,"['CP Fuerabamba', 'CP Nueva Fuerabamba', 'CP Chila', 'CP Choaquere', 'CP Minascucho']",APURÍMAC,"['CP Fuerabamba', 'CP Nueva Fuerabamba', 'CP Chila', 'CP Choaquere', 'CP Minascucho']",2012,2,2012-S2
Grupo_1445,Activo,2012-10-31,Las Bambas,Las Bambas,"['CC Huancuire', 'CC Pamputa']",APURÍMAC,"['CC Huancuire', 'CC Pamputa']",2012,2,2012-S2
Grupo_1325,Activo,2012-10-31,Yanacocha,Newmont,['Distrito de La Encañada'],CAJAMARCA,['La Encañada'],2012,2,2012-S2
Grupo_1251,Activo,2012-10-31,Cerro Corona,Gold Fields,['Distrito de Hualgayoc'],CAJAMARCA,['Hualgayoc'],2012,2,2012-S2
Grupo_1484,Activo,2012-10-31,Yanacocha,Yanacocha,['Distrito Los Baños del Inca'],CAJAMARCA,['Los Baños del Inca'],2012,2,2012-S2
Grupo_1421,Activo,2012-10-31,Antapaccay,Antapaccay,['Provincia de Espinar'],CUSCO,['Espinar'],2012,2,2012-S2
Grupo_606,Activo,2012-10-31,Toromocho,Chinalco,"['CP Morococha', 'CP Nueva Ciudad Morococha']",JUNÍN,"['CP Morococha', 'CP Morococha']",2012,2,2012-S2
Grupo_829,Activo,2013-07-31,Antamina,Antamina,"['CP Carhuayoc', 'CP Cátac']",ÁNCASH,"['CP Carhuayoc', 'CP Catac']",2013,2,2013-S2
Grupo_1391,Activo,2013-07-31,Antamina,Antamina,['CP Chipta'],ÁNCASH,['Huanchay'],2013,2,2013-S2
Grupo_1313,Activo,2013-07-31,Antamina,Antamina,['Distrito de Huarmey'],ÁNCASH,['Huarmey'],2013,2,2013-S2
Grupo_481,Activo,2013-07-31,Antamina,Antamina,"['CP Ayash Pichiú', 'CP Santa Cruz Pichiú']",ÁNCASH,"['CP Ayash Pichiu', 'Santa Cruz Pichiu']",2013,2,2013-S2
Grupo_829,Activo,2013-07-31,Antamina,Antamina,"['CP Carhuayoc', 'CP Cátac']",ÁNCASH,"['CP Carhuayoc', 'CP Catac']",2013,2,2013-S2
Grupo_638,Activo,2013-07-31,Antamina,Antamina,['CP San Antonio de Juprog'],ÁNCASH,['CP San Antonio de Juprog'],2013,2,2013-S2
Grupo_1468,Activo,2013-07-31,Antamina,Antamina,"['CP Cajacay', 'CP Santa Rosa']",ÁNCASH,"['CP Cajacay', 'CP Santa Rosa']",2013,2,2013-S2
Grupo_1237,Activo,2013-07-31,Las Bambas,Las Bambas,"['CP Tambulla', 'Distrito Chalhuahuacho']",APURÍMAC,"['CP Tambulla', 'Chalhuahuacho']",2013,2,2013-S2
Grupo_1444,Activo,2013-07-31,Las Bambas,Las Bambas,"['CP Fuerabamba', 'CP Nueva Fuerabamba', 'CP Chila', 'CP Choaquere', 'CP Minascucho']",APURÍMAC,"['CP Fuerabamba', 'CP Nueva Fuerabamba', 'CP Chila', 'CP Choaquere', 'CP Minascucho']",2013,2,2013-S2
Grupo_1445,Activo,2013-07-31,Las Bambas,Las Bambas,"['CC Huancuire', 'CC Pamputa']",APURÍMAC,"['CC Huancuire', 'CC Pamputa']",2013,2,2013-S2
Grupo_1325,Activo,2013-07-31,Yanacocha,Newmont,['Distrito de La Encañada'],CAJAMARCA,['La Encañada'],2013,2,2013-S2
Grupo_1251,Activo,2013-07-31,Cerro Corona,Gold Fields,['Distrito de Hualgayoc'],CAJAMARCA,['Hualgayoc'],2013,2,2013-S2
Grupo_1484,Activo,2013-07-31,Yanacocha,Yanacocha,['Distrito Los Baños del Inca'],CAJAMARCA,['Los Baños del Inca'],2013,2,2013-S2
Grupo_1421,Activo,2013-07-31,Antapaccay,Antapaccay,['Provincia de Espinar'],CUSCO,['Espinar'],2013,2,2013-S2
Grupo_606,Activo,2013-07-31,Toromocho,Chinalco,"['CP Morococha', 'CP Nueva Ciudad Morococha']",JUNÍN,"['CP Morococha', 'CP Morococha']",2013,2,2013-S2
Grupo_829,Activo,2013-08-31,Antamina,Antamina,"['CP Carhuayoc', 'CP Cátac']",ÁNCASH,"['CP Carhuayoc', 'CP Catac']",2013,2,2013-S2
Grupo_1391,Activo,2013-08-31,Antamina,Antamina,['CP Chipta'],ÁNCASH,['Huanchay'],2013,2,2013-S2
Grupo_1313,Activo,2013-08-31,Antamina,Antamina,['Distrito de Huarmey'],ÁNCASH,['Huarmey'],2013,2,2013-S2
Grupo_481,Activo,2013-08-31,Antamina,Antamina,"['CP Ayash Pichiú', 'CP Santa Cruz Pichiú']",ÁNCASH,"['CP Ayash Pichiu', 'Santa Cruz Pichiu']",2013,2,2013-S2
Grupo_829,Activo,2013-08-31,Antamina,Antamina,"['CP Carhuayoc', 'CP Cátac']",ÁNCASH,"['CP Carhuayoc', 'CP Catac']",2013,2,2013-S2
Grupo_638,Activo,2013-08-31,Antamina,Antamina,['CP San Antonio de Juprog'],ÁNCASH,['CP San Antonio de Juprog'],2013,2,2013-S2
Grupo_1468,Activo,2013-08-31,Antamina,Antamina,"['CP Cajacay', 'CP Santa Rosa']",ÁNCASH,"['CP Cajacay', 'CP Santa Rosa']",2013,2,2013-S2
Grupo_1237,Activo,2013-08-31,Las Bambas,Las Bambas,"['CP Tambulla', 'Distrito Chalhuahuacho']",APURÍMAC,"['CP Tambulla', 'Chalhuahuacho']",2013,2,2013-S2
Grupo_1444,Activo,2013-08-31,Las Bambas,Las Bambas,"['CP Fuerabamba', 'CP Nueva Fuerabamba', 'CP Chila', 'CP Choaquere', 'CP Minascucho']",APURÍMAC,"['CP Fuerabamba', 'CP Nueva Fuerabamba', 'CP Chila', 'CP Choaquere', 'CP Minascucho']",2013,2,2013-S2
Grupo_1325,Activo,2013-08-31,Yanacocha,Newmont,['Distrito de La Encañada'],CAJAMARCA,['La Encañada'],2013,2,2013-S2
Grupo_1251,Activo,2013-08-31,Cerro Corona,Gold Fields,['Distrito de Hualgayoc'],CAJAMARCA,['Hualgayoc'],2013,2,2013-S2
Grupo_1484,Activo,2013-08-31,Yanacocha,Yanacocha,['Distrito Los Baños del Inca'],CAJAMARCA,['Los Baños del Inca'],2013,2,2013-S2
Grupo_1421,Activo,2013-08-31,Antapaccay,Antapaccay,['Provincia de Espinar'],CUSCO,['Espinar'],2013,2,2013-S2
Grupo_606,Activo,2013-08-31,Toromocho,Chinalco,"['CP Morococha', 'CP Nueva Ciudad Morococha']",JUNÍN,"['CP Morococha', 'CP Morococha']",2013,2,2013-S2
Grupo_829,Activo,2013-09-30,Antamina,Antamina,"['CP Carhuayoc', 'CP Cátac']",ÁNCASH,"['CP Carhuayoc', 'CP Catac']",2013,2,2013-S2
Grupo_1391,Activo,2013-09-30,Antamina,Antamina,['CP Chipta'],ÁNCASH,['Huanchay'],2013,2,2013-S2
Grupo_1313,Activo,2013-09-30,Antamina,Antamina,['Distrito de Huarmey'],ÁNCASH,['Huarmey'],2013,2,2013-S2
Grupo_481,Activo,2013-09-30,Antamina,Antamina,"['CP Ayash Pichiú', 'CP Santa Cruz Pichiú']",ÁNCASH,"['CP Ayash Pichiu', 'Santa Cruz Pichiu']",2013,2,2013-S2
Grupo_829,Activo,2013-09-30,Antamina,Antamina,"['CP Carhuayoc', 'CP Cátac']",ÁNCASH,"['CP Carhuayoc', 'CP Catac']",2013,2,2013-S2
Grupo_638,Activo,2013-09-30,Antamina,Antamina,['CP San Antonio de Juprog'],ÁNCASH,['CP San Antonio de Juprog'],2013,2,2013-S2
Grupo_1468,Activo,2013-09-30,Antamina,Antamina,"['CP Cajacay', 'CP Santa Rosa']",ÁNCASH,"['CP Cajacay', 'CP Santa Rosa']",2013,2,2013-S2
Grupo_1237,Activo,2013-09-30,Las Bambas,Las Bambas,"['CP Tambulla', 'Distrito Chalhuahuacho']",APURÍMAC,"['CP Tambulla', 'Chalhuahuacho']",2013,2,2013-S2
Grupo_1444,Activo,2013-09-30,Las Bambas,Las Bambas,"['CP Fuerabamba', 'CP Nueva Fuerabamba', 'CP Chila', 'CP Choaquere', 'CP Minascucho']",APURÍMAC,"['CP Fuerabamba', 'CP Nueva Fuerabamba', 'CP Chila', 'CP Choaquere', 'CP Minascucho']",2013,2,2013-S2
Grupo_1325,Activo,2013-09-30,Yanacocha,Newmont,['Distrito de La Encañada'],CAJAMARCA,['La Encañada'],2013,2,2013-S2
Grupo_1251,Activo,2013-09-30,Cerro Corona,Gold Fields,['Distrito de Hualgayoc'],CAJAMARCA,['Hualgayoc'],2013,2,2013-S2
Grupo_1484,Activo,2013-09-30,Yanacocha,Yanacocha,['Distrito Los Baños del Inca'],CAJAMARCA,['Los Baños del Inca'],2013,2,2013-S2
Grupo_1421,Activo,2013-09-30,Antapaccay,Antapaccay,['Provincia de Espinar'],CUSCO,['Espinar'],2013,2,2013-S2
Grupo_606,Activo,2013-09-30,Toromocho,Chinalco,"['CP Morococha', 'CP Nueva Ciudad Morococha']",JUNÍN,"['CP Morococha', 'CP Morococha']",2013,2,2013-S2
Grupo_829,Activo,2013-10-31,Antamina,Antamina,"['CP Carhuayoc', 'CP Cátac']",ÁNCASH,"['CP Carhuayoc', 'CP Catac']",2013,2,2013-S2
Grupo_1391,Activo,2013-10-31,Antamina,Antamina,['CP Chipta'],ÁNCASH,['Huanchay'],2013,2,2013-S2
Grupo_1313,Activo,2013-10-31,Antamina,Antamina,['Distrito de Huarmey'],ÁNCASH,['Huarmey'],2013,2,2013-S2
Grupo_481,Activo,2013-10-31,Antamina,Antamina,"['CP Ayash Pichiú', 'CP Santa Cruz Pichiú']",ÁNCASH,"['CP Ayash Pichiu', 'Santa Cruz Pichiu']",2013,2,2013-S2
Grupo_829,Activo,2013-10-31,Antamina,Antamina,"['CP Carhuayoc', 'CP Cátac']",ÁNCASH,"['CP Carhuayoc', 'CP Catac']",2013,2,2013-S2
Grupo_638,Activo,2013-10-31,Antamina,Antamina,['CP San Antonio de Juprog'],ÁNCASH,['CP San Antonio de Juprog'],2013,2,2013-S2
Grupo_1468,Activo,2013-10-31,Antamina,Antamina,"['CP Cajacay', 'CP Santa Rosa']",ÁNCASH,"['CP Cajacay', 'CP Santa Rosa']",2013,2,2013-S2
Grupo_1237,Activo,2013-10-31,Las Bambas,Las Bambas,"['CP Tambulla', 'Distrito Chalhuahuacho']",APURÍMAC,"['CP Tambulla', 'Chalhuahuacho']",2013,2,2013-S2
Grupo_1444,Activo,2013-10-31,Las Bambas,Las Bambas,"['CP Fuerabamba', 'CP Nueva Fuerabamba', 'CP Chila', 'CP Choaquere', 'CP Minascucho']",APURÍMAC,"['CP Fuerabamba', 'CP Nueva Fuerabamba', 'CP Chila', 'CP Choaquere', 'CP Minascucho']",2013,2,2013-S2
Grupo_1325,Activo,2013-10-31,Yanacocha,Newmont,['Distrito de La Encañada'],CAJAMARCA,['La Encañada'],2013,2,2013-S2
Grupo_1251,Activo,2013-10-31,Cerro Corona,Gold Fields,['Distrito de Hualgayoc'],CAJAMARCA,['Hualgayoc'],2013,2,2013-S2
Grupo_1484,Activo,2013-10-31,Yanacocha,Yanacocha,['Distrito Los Baños del Inca'],CAJAMARCA,['Los Baños del Inca'],2013,2,2013-S2
Grupo_1421,Activo,2013-10-31,Antapaccay,Antapaccay,['Provincia de Espinar'],CUSCO,['Espinar'],2013,2,2013-S2
Grupo_1692,Activo,2013-10-31,"Las Bambas, Antapaccay","Las Bambas,Glencore",['CP Urinsaya'],CUSCO,['CP Urinsaya'],2013,2,2013-S2
Grupo_606,Activo,2013-10-31,Toromocho,Chinalco,"['CP Morococha', 'CP Nueva Ciudad Morococha']",JUNÍN,"['CP Morococha', 'CP Morococha']",2013,2,2013-S2
Grupo_829,Activo,2013-11-30,Antamina,Antamina,"['CP Carhuayoc', 'CP Cátac']",ÁNCASH,"['CP Carhuayoc', 'CP Catac']",2013,2,2013-S2
Grupo_1391,Activo,2013-11-30,Antamina,Antamina,['CP Chipta'],ÁNCASH,['Huanchay'],2013,2,2013-S2
Grupo_1313,Activo,2013-11-30,Antamina,Antamina,['Distrito de Huarmey'],ÁNCASH,['Huarmey'],2013,2,2013-S2
Grupo_481,Activo,2013-11-30,Antamina,Antamina,"['CP Ayash Pichiú', 'CP Santa Cruz Pichiú']",ÁNCASH,"['CP Ayash Pichiu', 'Santa Cruz Pichiu']",2013,2,2013-S2
Grupo_829,Activo,2013-11-30,Antamina,Antamina,"['CP Carhuayoc', 'CP Cátac']",ÁNCASH,"['CP Carhuayoc', 'CP Catac']",2013,2,2013-S2
Grupo_638,Activo,2013-11-30,Antamina,Antamina,['CP San Antonio de Juprog'],ÁNCASH,['CP San Antonio de Juprog'],2013,2,2013-S2
Grupo_1468,Activo,2013-11-30,Antamina,Antamina,"['CP Cajacay', 'CP Santa Rosa']",ÁNCASH,"['CP Cajacay', 'CP Santa Rosa']",2013,2,2013-S2
Grupo_1237,Activo,2013-11-30,Las Bambas,Las Bambas,"['CP Tambulla', 'Distrito Chalhuahuacho']",APURÍMAC,"['CP Tambulla', 'Chalhuahuacho']",2013,2,2013-S2
Grupo_1444,Activo,2013-11-30,Las Bambas,Las Bambas,"['CP Fuerabamba', 'CP Nueva Fuerabamba', 'CP Chila', 'CP Choaquere', 'CP Minascucho']",APURÍMAC,"['CP Fuerabamba', 'CP Nueva Fuerabamba', 'CP Chila', 'CP Choaquere', 'CP Minascucho']",2013,2,2013-S2
Grupo_1325,Activo,2013-11-30,Yanacocha,Newmont,['Distrito de La Encañada'],CAJAMARCA,['La Encañada'],2013,2,2013-S2
Grupo_1251,Activo,2013-11-30,Cerro Corona,Gold Fields,['Distrito de Hualgayoc'],CAJAMARCA,['Hualgayoc'],2013,2,2013-S2
Grupo_1484,Activo,2013-11-30,Yanacocha,Yanacocha,['Distrito Los Baños del Inca'],CAJAMARCA,['Los Baños del Inca'],2013,2,2013-S2
Grupo_1421,Activo,2013-11-30,Antapaccay,Antapaccay,['Provincia de Espinar'],CUSCO,['Espinar'],2013,2,2013-S2
Grupo_606,Activo,2013-11-30,Toromocho,Chinalco,"['CP Morococha', 'CP Nueva Ciudad Morococha']",JUNÍN,"['CP Morococha', 'CP Morococha']",2013,2,2013-S2
Grupo_829,Activo,2013-12-31,Antamina,Antamina,"['CP Carhuayoc', 'CP Cátac']",ÁNCASH,"['CP Carhuayoc', 'CP Catac']",2013,2,2013-S2
Grupo_1391,Activo,2013-12-31,Antamina,Antamina,['CP Chipta'],ÁNCASH,['Huanchay'],2013,2,2013-S2
Grupo_1313,Activo,2013-12-31,Antamina,Antamina,['Distrito de Huarmey'],ÁNCASH,['Huarmey'],2013,2,2013-S2
Grupo_481,Activo,2013-12-31,Antamina,Antamina,"['CP Ayash Pichiú', 'CP Santa Cruz Pichiú']",ÁNCASH,"['CP Ayash Pichiu', 'Santa Cruz Pichiu']",2013,2,2013-S2
Grupo_829,Activo,2013-12-31,Antamina,Antamina,"['CP Carhuayoc', 'CP Cátac']",ÁNCASH,"['CP Carhuayoc', 'CP Catac']",2013,2,2013-S2
Grupo_638,Activo,2013-12-31,Antamina,Antamina,['CP San Antonio de Juprog'],ÁNCASH,['CP San Antonio de Juprog'],2013,2,2013-S2
Grupo_1468,Activo,2013-12-31,Antamina,Antamina,"['CP Cajacay', 'CP Santa Rosa']",ÁNCASH,"['CP Cajacay', 'CP Santa Rosa']",2013,2,2013-S2
Grupo_1237,Activo,2013-12-31,Las Bambas,Las Bambas,"['CP Tambulla', 'Distrito Chalhuahuacho']",APURÍMAC,"['CP Tambulla', 'Chalhuahuacho']",2013,2,2013-S2
Grupo_1444,Activo,2013-12-31,Las Bambas,Las Bambas,"['CP Fuerabamba', 'CP Nueva Fuerabamba', 'CP Chila', 'CP Choaquere', 'CP Minascucho']",APURÍMAC,"['CP Fuerabamba', 'CP Nueva Fuerabamba', 'CP Chila', 'CP Choaquere', 'CP Minascucho']",2013,2,2013-S2
Grupo_1325,Activo,2013-12-31,Yanacocha,Newmont,['Distrito de La Encañada'],CAJAMARCA,['La Encañada'],2013,2,2013-S2
Grupo_1251,Activo,2013-12-31,Cerro Corona,Gold Fields,['Distrito de Hualgayoc'],CAJAMARCA,['Hualgayoc'],2013,2,2013-S2
Grupo_1484,Activo,2013-12-31,Yanacocha,Yanacocha,['Distrito Los Baños del Inca'],CAJAMARCA,['Los Baños del Inca'],2013,2,2013-S2
Grupo_1421,Activo,2013-12-31,Antapaccay,Antapaccay,['Provincia de Espinar'],CUSCO,['Espinar'],2013,2,2013-S2
Grupo_606,Activo,2013-12-31,Toromocho,Chinalco,"['CP Morococha', 'CP Nueva Ciudad Morococha']",JUNÍN,"['CP Morococha', 'CP Morococha']",2013,2,2013-S2
Grupo_829,Activo,2014-01-31,Antamina,Antamina,"['CP Carhuayoc', 'CP Cátac']",ÁNCASH,"['CP Carhuayoc', 'CP Catac']",2014,1,2014-S1
Grupo_1391,Activo,2014-01-31,Antamina,Antamina,['CP Chipta'],ÁNCASH,['Huanchay'],2014,1,2014-S1
Grupo_1313,Activo,2014-01-31,Antamina,Antamina,['Distrito de Huarmey'],ÁNCASH,['Huarmey'],2014,1,2014-S1
Grupo_481,Activo,2014-01-31,Antamina,Antamina,"['CP Ayash Pichiú', 'CP Santa Cruz Pichiú']",ÁNCASH,"['CP Ayash Pichiu', 'Santa Cruz Pichiu']",2014,1,2014-S1
Grupo_829,Activo,2014-01-31,Antamina,Antamina,"['CP Carhuayoc', 'CP Cátac']",ÁNCASH,"['CP Carhuayoc', 'CP Catac']",2014,1,2014-S1
Grupo_638,Activo,2014-01-31,Antamina,Antamina,['CP San Antonio de Juprog'],ÁNCASH,['CP San Antonio de Juprog'],2014,1,2014-S1
Grupo_1468,Activo,2014-01-31,Antamina,Antamina,"['CP Cajacay', 'CP Santa Rosa']",ÁNCASH,"['CP Cajacay', 'CP Santa Rosa']",2014,1,2014-S1
Grupo_1237,Activo,2014-01-31,Las Bambas,Las Bambas,"['CP Tambulla', 'Distrito Chalhuahuacho']",APURÍMAC,"['CP Tambulla', 'Chalhuahuacho']",2014,1,2014-S1
Grupo_1444,Activo,2014-01-31,Las Bambas,Las Bambas,"['CP Fuerabamba', 'CP Nueva Fuerabamba', 'CP Chila', 'CP Choaquere', 'CP Minascucho']",APURÍMAC,"['CP Fuerabamba', 'CP Nueva Fuerabamba', 'CP Chila', 'CP Choaquere', 'CP Minascucho']",2014,1,2014-S1
Grupo_1325,Activo,2014-01-31,Yanacocha,Newmont,['Distrito de La Encañada'],CAJAMARCA,['La Encañada'],2014,1,2014-S1
Grupo_1251,Activo,2014-01-31,Cerro Corona,Gold Fields,['Distrito de Hualgayoc'],CAJAMARCA,['Hualgayoc'],2014,1,2014-S1
Grupo_1484,Activo,2014-01-31,Yanacocha,Yanacocha,['Distrito Los Baños del Inca'],CAJAMARCA,['Los Baños del Inca'],2014,1,2014-S1
Grupo_1421,Activo,2014-01-31,Antapaccay,Antapaccay,['Provincia de Espinar'],CUSCO,['Espinar'],2014,1,2014-S1
Grupo_606,Activo,2014-01-31,Toromocho,Chinalco,"['CP Morococha', 'CP Nueva Ciudad Morococha']",JUNÍN,"['CP Morococha', 'CP Morococha']",2014,1,2014-S1
Grupo_829,Activo,2014-02-28,Antamina,Antamina,"['CP Carhuayoc', 'CP Cátac']",ÁNCASH,"['CP Carhuayoc', 'CP Catac']",2014,1,2014-S1
Grupo_1391,Activo,2014-02-28,Antamina,Antamina,['CP Chipta'],ÁNCASH,['Huanchay'],2014,1,2014-S1
Grupo_1313,Activo,2014-02-28,Antamina,Antamina,['Distrito de Huarmey'],ÁNCASH,['Huarmey'],2014,1,2014-S1
Grupo_481,Activo,2014-02-28,Antamina,Antamina,"['CP Ayash Pichiú', 'CP Santa Cruz Pichiú']",ÁNCASH,"['CP Ayash Pichiu', 'Santa Cruz Pichiu']",2014,1,2014-S1
Grupo_829,Activo,2014-02-28,Antamina,Antamina,"['CP Carhuayoc', 'CP Cátac']",ÁNCASH,"['CP Carhuayoc', 'CP Catac']",2014,1,2014-S1
Grupo_638,Activo,2014-02-28,Antamina,Antamina,['CP San Antonio de Juprog'],ÁNCASH,['CP San Antonio de Juprog'],2014,1,2014-S1
Grupo_1468,Activo,2014-02-28,Antamina,Antamina,"['CP Cajacay', 'CP Santa Rosa']",ÁNCASH,"['CP Cajacay', 'CP Santa Rosa']",2014,1,2014-S1
Grupo_1237,Activo,2014-02-28,Las Bambas,Las Bambas,"['CP Tambulla', 'Distrito Chalhuahuacho']",APURÍMAC,"['CP Tambulla', 'Chalhuahuacho']",2014,1,2014-S1
Grupo_1444,Activo,2014-02-28,Las Bambas,Las Bambas,"['CP Fuerabamba', 'CP Nueva Fuerabamba', 'CP Chila', 'CP Choaquere', 'CP Minascucho']",APURÍMAC,"['CP Fuerabamba', 'CP Nueva Fuerabamba', 'CP Chila', 'CP Choaquere', 'CP Minascucho']",2014,1,2014-S1
Grupo_1325,Activo,2014-02-28,Yanacocha,Newmont,['Distrito de La Encañada'],CAJAMARCA,['La Encañada'],2014,1,2014-S1
Grupo_1251,Activo,2014-02-28,Cerro Corona,Gold Fields,['Distrito de Hualgayoc'],CAJAMARCA,['Hualgayoc'],2014,1,2014-S1
Grupo_1484,Activo,2014-02-28,Yanacocha,Yanacocha,['Distrito Los Baños del Inca'],CAJAMARCA,['Los Baños del Inca'],2014,1,2014-S1
Grupo_1421,Activo,2014-02-28,Antapaccay,Antapaccay,['Provincia de Espinar'],CUSCO,['Espinar'],2014,1,2014-S1
Grupo_606,Activo,2014-02-28,Toromocho,Chinalco,"['CP Morococha', 'CP Nueva Ciudad Morococha']",JUNÍN,"['CP Morococha', 'CP Morococha']",2014,1,2014-S1
Grupo_829,Activo,2014-03-31,Antamina,Antamina,"['CP Carhuayoc', 'CP Cátac']",ÁNCASH,"['CP Carhuayoc', 'CP Catac']",2014,1,2014-S1
Grupo_1391,Activo,2014-03-31,Antamina,Antamina,['CP Chipta'],ÁNCASH,['Huanchay'],2014,1,2014-S1
Grupo_1313,Activo,2014-03-31,Antamina,Antamina,['Distrito de Huarmey'],ÁNCASH,['Huarmey'],2014,1,2014-S1
Grupo_481,Activo,2014-03-31,Antamina,Antamina,"['CP Ayash Pichiú', 'CP Santa Cruz Pichiú']",ÁNCASH,"['CP Ayash Pichiu', 'Santa Cruz Pichiu']",2014,1,2014-S1
Grupo_829,Activo,2014-03-31,Antamina,Antamina,"['CP Carhuayoc', 'CP Cátac']",ÁNCASH,"['CP Carhuayoc', 'CP Catac']",2014,1,2014-S1
Grupo_638,Activo,2014-03-31,Antamina,Antamina,['CP San Antonio de Juprog'],ÁNCASH,['CP San Antonio de Juprog'],2014,1,2014-S1
Grupo_1468,Activo,2014-03-31,Antamina,Antamina,"['CP Cajacay', 'CP Santa Rosa']",ÁNCASH,"['CP Cajacay', 'CP Santa Rosa']",2014,1,2014-S1
Grupo_1237,Activo,2014-03-31,Las Bambas,Las Bambas,"['CP Tambulla', 'Distrito Chalhuahuacho']",APURÍMAC,"['CP Tambulla', 'Chalhuahuacho']",2014,1,2014-S1
Grupo_1604,Activo,2014-03-31,Las Bambas,Las Bambas,"['CP Ccahuapirhua', 'CP Chicñahui', 'CP Record Ccanccaja']",APURÍMAC,"['Ccahuapirhua', 'CP Chicñahui', 'Juliaca']",2014,1,2014-S1
Grupo_1325,Activo,2014-03-31,Yanacocha,Newmont,['Distrito de La Encañada'],CAJAMARCA,['La Encañada'],2014,1,2014-S1
Grupo_1251,Activo,2014-03-31,Cerro Corona,Gold Fields,['Distrito de Hualgayoc'],CAJAMARCA,['Hualgayoc'],2014,1,2014-S1
Grupo_1484,Activo,2014-03-31,Yanacocha,Yanacocha,['Distrito Los Baños del Inca'],CAJAMARCA,['Los Baños del Inca'],2014,1,2014-S1
Grupo_1421,Activo,2014-03-31,Antapaccay,Antapaccay,['Provincia de Espinar'],CUSCO,['Espinar'],2014,1,2014-S1
Grupo_606,Activo,2014-03-31,Toromocho,Chinalco,"['CP Morococha', 'CP Nueva Ciudad Morococha']",JUNÍN,"['CP Morococha', 'CP Morococha']",2014,1,2014-S1
Grupo_829,Activo,2014-04-30,Antamina,Antamina,"['CP Carhuayoc', 'CP Cátac']",ÁNCASH,"['CP Carhuayoc', 'CP Catac']",2014,1,2014-S1
Grupo_1391,Activo,2014-04-30,Antamina,Antamina,['CP Chipta'],ÁNCASH,['Huanchay'],2014,1,2014-S1
Grupo_1313,Activo,2014-04-30,Antamina,Antamina,['Distrito de Huarmey'],ÁNCASH,['Huarmey'],2014,1,2014-S1
Grupo_481,Activo,2014-04-30,Antamina,Antamina,"['CP Ayash Pichiú', 'CP Santa Cruz Pichiú']",ÁNCASH,"['CP Ayash Pichiu', 'Santa Cruz Pichiu']",2014,1,2014-S1
Grupo_829,Activo,2014-04-30,Antamina,Antamina,"['CP Carhuayoc', 'CP Cátac']",ÁNCASH,"['CP Carhuayoc', 'CP Catac']",2014,1,2014-S1
Grupo_638,Activo,2014-04-30,Antamina,Antamina,['CP San Antonio de Juprog'],ÁNCASH,['CP San Antonio de Juprog'],2014,1,2014-S1
Grupo_1468,Activo,2014-04-30,Antamina,Antamina,"['CP Cajacay', 'CP Santa Rosa']",ÁNCASH,"['CP Cajacay', 'CP Santa Rosa']",2014,1,2014-S1
Grupo_1237,Activo,2014-04-30,Las Bambas,Las Bambas,"['CP Tambulla', 'Distrito Chalhuahuacho']",APURÍMAC,"['CP Tambulla', 'Chalhuahuacho']",2014,1,2014-S1
Grupo_1604,Activo,2014-04-30,Las Bambas,Las Bambas,"['CP Ccahuapirhua', 'CP Chicñahui', 'CP Record Ccanccaja']",APURÍMAC,"['Ccahuapirhua', 'CP Chicñahui', 'Juliaca']",2014,1,2014-S1
Grupo_1325,Activo,2014-04-30,Yanacocha,Newmont,['Distrito de La Encañada'],CAJAMARCA,['La Encañada'],2014,1,2014-S1
Grupo_1251,Activo,2014-04-30,Cerro Corona,Gold Fields,['Distrito de Hualgayoc'],CAJAMARCA,['Hualgayoc'],2014,1,2014-S1
Grupo_1484,Activo,2014-04-30,Yanacocha,Yanacocha,['Distrito Los Baños del Inca'],CAJAMARCA,['Los Baños del Inca'],2014,1,2014-S1
Grupo_1421,Activo,2014-04-30,Antapaccay,Antapaccay,['Provincia de Espinar'],CUSCO,['Espinar'],2014,1,2014-S1
Grupo_606,Activo,2014-04-30,Toromocho,Chinalco,"['CP Morococha', 'CP Nueva Ciudad Morococha']",JUNÍN,"['CP Morococha', 'CP Morococha']",2014,1,2014-S1
Grupo_829,Activo,2014-05-31,Antamina,Antamina,"['CP Carhuayoc', 'CP Cátac']",ÁNCASH,"['CP Carhuayoc', 'CP Catac']",2014,1,2014-S1
Grupo_1391,Activo,2014-05-31,Antamina,Antamina,['CP Chipta'],ÁNCASH,['Huanchay'],2014,1,2014-S1
Grupo_1313,Activo,2014-05-31,Antamina,Antamina,['Distrito de Huarmey'],ÁNCASH,['Huarmey'],2014,1,2014-S1
Grupo_481,Activo,2014-05-31,Antamina,Antamina,"['CP Ayash Pichiú', 'CP Santa Cruz Pichiú']",ÁNCASH,"['CP Ayash Pichiu', 'Santa Cruz Pichiu']",2014,1,2014-S1
Grupo_829,Activo,2014-05-31,Antamina,Antamina,"['CP Carhuayoc', 'CP Cátac']",ÁNCASH,"['CP Carhuayoc', 'CP Catac']",2014,1,2014-S1
Grupo_638,Activo,2014-05-31,Antamina,Antamina,['CP San Antonio de Juprog'],ÁNCASH,['CP San Antonio de Juprog'],2014,1,2014-S1
Grupo_1468,Activo,2014-05-31,Antamina,Antamina,"['CP Cajacay', 'CP Santa Rosa']",ÁNCASH,"['CP Cajacay', 'CP Santa Rosa']",2014,1,2014-S1
Grupo_1237,Activo,2014-05-31,Las Bambas,Las Bambas,"['CP Tambulla', 'Distrito Chalhuahuacho']",APURÍMAC,"['CP Tambulla', 'Chalhuahuacho']",2014,1,2014-S1
Grupo_1604,Activo,2014-05-31,Las Bambas,Las Bambas,"['CP Ccahuapirhua', 'CP Chicñahui', 'CP Record Ccanccaja']",APURÍMAC,"['Ccahuapirhua', 'CP Chicñahui', 'Juliaca']",2014,1,2014-S1
Grupo_1325,Activo,2014-05-31,Yanacocha,Newmont,['Distrito de La Encañada'],CAJAMARCA,['La Encañada'],2014,1,2014-S1
Grupo_1251,Activo,2014-05-31,Cerro Corona,Gold Fields,['Distrito de Hualgayoc'],CAJAMARCA,['Hualgayoc'],2014,1,2014-S1
Grupo_1484,Activo,2014-05-31,Yanacocha,Yanacocha,['Distrito Los Baños del Inca'],CAJAMARCA,['Los Baños del Inca'],2014,1,2014-S1
Grupo_1421,Activo,2014-05-31,Antapaccay,Antapaccay,['Provincia de Espinar'],CUSCO,['Espinar'],2014,1,2014-S1
Grupo_606,Activo,2014-05-31,Toromocho,Chinalco,"['CP Morococha', 'CP Nueva Ciudad Morococha']",JUNÍN,"['CP Morococha', 'CP Morococha']",2014,1,2014-S1
Grupo_829,Activo,2014-06-30,Antamina,Antamina,"['CP Carhuayoc', 'CP Cátac']",ÁNCASH,"['CP Carhuayoc', 'CP Catac']",2014,1,2014-S1
Grupo_1391,Activo,2014-06-30,Antamina,Antamina,['CP Chipta'],ÁNCASH,['Huanchay'],2014,1,2014-S1
Grupo_1313,Activo,2014-06-30,Antamina,Antamina,['Distrito de Huarmey'],ÁNCASH,['Huarmey'],2014,1,2014-S1
Grupo_481,Activo,2014-06-30,Antamina,Antamina,"['CP Ayash Pichiú', 'CP Santa Cruz Pichiú']",ÁNCASH,"['CP Ayash Pichiu', 'Santa Cruz Pichiu']",2014,1,2014-S1
Grupo_829,Activo,2014-06-30,Antamina,Antamina,"['CP Carhuayoc', 'CP Cátac']",ÁNCASH,"['CP Carhuayoc', 'CP Catac']",2014,1,2014-S1
Grupo_1468,Activo,2014-06-30,Antamina,Antamina,"['CP Cajacay', 'CP Santa Rosa']",ÁNCASH,"['CP Cajacay', 'CP Santa Rosa']",2014,1,2014-S1
Grupo_1237,Activo,2014-06-30,Las Bambas,Las Bambas,"['CP Tambulla', 'Distrito Chalhuahuacho']",APURÍMAC,"['CP Tambulla', 'Chalhuahuacho']",2014,1,2014-S1
Grupo_1604,Activo,2014-06-30,Las Bambas,Las Bambas,"['CP Ccahuapirhua', 'CP Chicñahui', 'CP Record Ccanccaja']",APURÍMAC,"['Ccahuapirhua', 'CP Chicñahui', 'Juliaca']",2014,1,2014-S1
Grupo_1325,Activo,2014-06-30,Yanacocha,Newmont,['Distrito de La Encañada'],CAJAMARCA,['La Encañada'],2014,1,2014-S1
Grupo_1251,Activo,2014-06-30,Cerro Corona,Gold Fields,['Distrito de Hualgayoc'],CAJAMARCA,['Hualgayoc'],2014,1,2014-S1
Grupo_1484,Activo,2014-06-30,Yanacocha,Yanacocha,['Distrito Los Baños del Inca'],CAJAMARCA,['Los Baños del Inca'],2014,1,2014-S1
Grupo_1421,Activo,2014-06-30,Antapaccay,Antapaccay,['Provincia de Espinar'],CUSCO,['Espinar'],2014,1,2014-S1
Grupo_606,Activo,2014-06-30,Toromocho,Chinalco,"['CP Morococha', 'CP Nueva Ciudad Morococha']",JUNÍN,"['CP Morococha', 'CP Morococha']",2014,1,2014-S1
Grupo_965,Activo,2012-01-31,Antamina,Antamina,['CP Cajacay'],ÁNCASH,['CP Cajacay'],2012,1,2012-S1
Grupo_829,Activo,2012-01-31,Antamina,Antamina,"['CP Carhuayoc', 'CP Cátac']",ÁNCASH,"['CP Carhuayoc', 'CP Catac']",2012,1,2012-S1
Grupo_1313,Activo,2012-01-31,Antamina,Antamina,['Distrito de Huarmey'],ÁNCASH,['Huarmey'],2012,1,2012-S1
Grupo_481,Activo,2012-01-31,Antamina,Antamina,"['CP Ayash Pichiú', 'CP Santa Cruz Pichiú']",ÁNCASH,"['CP Ayash Pichiu', 'Santa Cruz Pichiu']",2012,1,2012-S1
Grupo_967,Activo,2012-01-31,Antamina,Antamina,['CP Racrachaca'],ÁNCASH,['CP Racrachaca'],2012,1,2012-S1
Grupo_829,Activo,2012-01-31,Antamina,Antamina,"['CP Carhuayoc', 'CP Cátac']",ÁNCASH,"['CP Carhuayoc', 'CP Catac']",2012,1,2012-S1
Grupo_638,Activo,2012-01-31,Antamina,Antamina,['CP San Antonio de Juprog'],ÁNCASH,['CP San Antonio de Juprog'],2012,1,2012-S1
Grupo_1237,Activo,2012-01-31,Las Bambas,Las Bambas,"['CP Tambulla', 'Distrito Chalhuahuacho']",APURÍMAC,"['CP Tambulla', 'Chalhuahuacho']",2012,1,2012-S1
Grupo_1325,Activo,2012-01-31,Yanacocha,Newmont,['Distrito de La Encañada'],CAJAMARCA,['La Encañada'],2012,1,2012-S1
Grupo_674,Activo,2012-01-31,Yanacocha,Newmont,['CP La Ramada'],CAJAMARCA,['CP La Ramada'],2012,1,2012-S1
Grupo_606,Activo,2012-01-31,Toromocho,Chinalco,"['CP Morococha', 'CP Nueva Ciudad Morococha']",JUNÍN,"['CP Morococha', 'CP Morococha']",2012,1,2012-S1
Grupo_505,Activo,2012-01-31,Quellaveco,Angloamerican,['Distrito de Torata'],MOQUEGUA,['Distrito de Torata'],2012,1,2012-S1
Grupo_829,Activo,2012-04-30,Antamina,Antamina,"['CP Carhuayoc', 'CP Cátac']",ÁNCASH,"['CP Carhuayoc', 'CP Catac']",2012,1,2012-S1
Grupo_1391,Activo,2012-04-30,Antamina,Antamina,['CP Chipta'],ÁNCASH,['Huanchay'],2012,1,2012-S1
Grupo_1313,Activo,2012-04-30,Antamina,Antamina,['Distrito de Huarmey'],ÁNCASH,['Huarmey'],2012,1,2012-S1
Grupo_481,Activo,2012-04-30,Antamina,Antamina,"['CP Ayash Pichiú', 'CP Santa Cruz Pichiú']",ÁNCASH,"['CP Ayash Pichiu', 'Santa Cruz Pichiu']",2012,1,2012-S1
Grupo_967,Activo,2012-04-30,Antamina,Antamina,['CP Racrachaca'],ÁNCASH,['CP Racrachaca'],2012,1,2012-S1
Grupo_829,Activo,2012-04-30,Antamina,Antamina,"['CP Carhuayoc', 'CP Cátac']",ÁNCASH,"['CP Carhuayoc', 'CP Catac']",2012,1,2012-S1
Grupo_638,Activo,2012-04-30,Antamina,Antamina,['CP San Antonio de Juprog'],ÁNCASH,['CP San Antonio de Juprog'],2012,1,2012-S1
Grupo_965,Activo,2012-04-30,Antamina,Antamina,['CP Cajacay'],ÁNCASH,['CP Cajacay'],2012,1,2012-S1
Grupo_1237,Activo,2012-04-30,Las Bambas,Las Bambas,"['CP Tambulla', 'Distrito Chalhuahuacho']",APURÍMAC,"['CP Tambulla', 'Chalhuahuacho']",2012,1,2012-S1
Grupo_1444,Activo,2012-04-30,Las Bambas,Las Bambas,"['CP Fuerabamba', 'CP Nueva Fuerabamba', 'CP Chila', 'CP Choaquere', 'CP Minascucho']",APURÍMAC,"['CP Fuerabamba', 'CP Nueva Fuerabamba', 'CP Chila', 'CP Choaquere', 'CP Minascucho']",2012,1,2012-S1
Grupo_1325,Activo,2012-04-30,Yanacocha,Newmont,['Distrito de La Encañada'],CAJAMARCA,['La Encañada'],2012,1,2012-S1
Grupo_674,Activo,2012-04-30,Yanacocha,Newmont,['CP La Ramada'],CAJAMARCA,['CP La Ramada'],2012,1,2012-S1
Grupo_1421,Activo,2012-04-30,Antapaccay,Antapaccay,['Provincia de Espinar'],CUSCO,['Espinar'],2012,1,2012-S1
Grupo_606,Activo,2012-04-30,Toromocho,Chinalco,"['CP Morococha', 'CP Nueva Ciudad Morococha']",JUNÍN,"['CP Morococha', 'CP Morococha']",2012,1,2012-S1
Grupo_505,Activo,2012-04-30,Quellaveco,Angloamerican,['Distrito de Torata'],MOQUEGUA,['Distrito de Torata'],2012,1,2012-S1
Grupo_965,Activo,2011-10-31,Antamina,Antamina,['CP Cajacay'],ÁNCASH,['CP Cajacay'],2011,2,2011-S2
Grupo_1313,Activo,2011-10-31,Antamina,Antamina,['Distrito de Huarmey'],ÁNCASH,['Huarmey'],2011,2,2011-S2
Grupo_481,Activo,2011-10-31,Antamina,Antamina,"['CP Ayash Pichiú', 'CP Santa Cruz Pichiú']",ÁNCASH,"['CP Ayash Pichiu', 'Santa Cruz Pichiu']",2011,2,2011-S2
Grupo_967,Activo,2011-10-31,Antamina,Antamina,['CP Racrachaca'],ÁNCASH,['CP Racrachaca'],2011,2,2011-S2
Grupo_829,Activo,2011-10-31,Antamina,Antamina,"['CP Carhuayoc', 'CP Cátac']",ÁNCASH,"['CP Carhuayoc', 'CP Catac']",2011,2,2011-S2
Grupo_638,Activo,2011-10-31,Antamina,Antamina,['CP San Antonio de Juprog'],ÁNCASH,['CP San Antonio de Juprog'],2011,2,2011-S2
Grupo_1237,Activo,2011-10-31,Las Bambas,Las Bambas,"['CP Tambulla', 'Distrito Chalhuahuacho']",APURÍMAC,"['CP Tambulla', 'Chalhuahuacho']",2011,2,2011-S2
Grupo_1325,Activo,2011-10-31,Yanacocha,Newmont,['Distrito de La Encañada'],CAJAMARCA,['La Encañada'],2011,2,2011-S2
Grupo_674,Activo,2011-10-31,Yanacocha,Newmont,['CP La Ramada'],CAJAMARCA,['CP La Ramada'],2011,2,2011-S2
Grupo_606,Activo,2011-10-31,Toromocho,Chinalco,"['CP Morococha', 'CP Nueva Ciudad Morococha']",JUNÍN,"['CP Morococha', 'CP Morococha']",2011,2,2011-S2
Grupo_505,Activo,2011-10-31,Quellaveco,Angloamerican,['Distrito de Torata'],MOQUEGUA,['Distrito de Torata'],2011,2,2011-S2
Grupo_965,Activo,2011-09-30,Antamina,Antamina,['CP Cajacay'],ÁNCASH,['CP Cajacay'],2011,2,2011-S2
Grupo_1313,Activo,2011-09-30,Antamina,Antamina,['Distrito de Huarmey'],ÁNCASH,['Huarmey'],2011,2,2011-S2
Grupo_481,Activo,2011-09-30,Antamina,Antamina,"['CP Ayash Pichiú', 'CP Santa Cruz Pichiú']",ÁNCASH,"['CP Ayash Pichiu', 'Santa Cruz Pichiu']",2011,2,2011-S2
Grupo_967,Activo,2011-09-30,Antamina,Antamina,['CP Racrachaca'],ÁNCASH,['CP Racrachaca'],2011,2,2011-S2
Grupo_829,Activo,2011-09-30,Antamina,Antamina,"['CP Carhuayoc', 'CP Cátac']",ÁNCASH,"['CP Carhuayoc', 'CP Catac']",2011,2,2011-S2
Grupo_638,Activo,2011-09-30,Antamina,Antamina,['CP San Antonio de Juprog'],ÁNCASH,['CP San Antonio de Juprog'],2011,2,2011-S2
Grupo_1237,Activo,2011-09-30,Las Bambas,Las Bambas,"['CP Tambulla', 'Distrito Chalhuahuacho']",APURÍMAC,"['CP Tambulla', 'Chalhuahuacho']",2011,2,2011-S2
Grupo_674,Activo,2011-09-30,Yanacocha,Newmont,['CP La Ramada'],CAJAMARCA,['CP La Ramada'],2011,2,2011-S2
Grupo_606,Activo,2011-09-30,Toromocho,Chinalco,"['CP Morococha', 'CP Nueva Ciudad Morococha']",JUNÍN,"['CP Morococha', 'CP Morococha']",2011,2,2011-S2
Grupo_505,Activo,2011-09-30,Quellaveco,Angloamerican,['Distrito de Torata'],MOQUEGUA,['Distrito de Torata'],2011,2,2011-S2
Grupo_965,Activo,2011-08-31,Antamina,Antamina,['CP Cajacay'],ÁNCASH,['CP Cajacay'],2011,2,2011-S2
Grupo_1313,Activo,2011-08-31,Antamina,Antamina,['Distrito de Huarmey'],ÁNCASH,['Huarmey'],2011,2,2011-S2
Grupo_481,Activo,2011-08-31,Antamina,Antamina,"['CP Ayash Pichiú', 'CP Santa Cruz Pichiú']",ÁNCASH,"['CP Ayash Pichiu', 'Santa Cruz Pichiu']",2011,2,2011-S2
Grupo_967,Activo,2011-08-31,Antamina,Antamina,['CP Racrachaca'],ÁNCASH,['CP Racrachaca'],2011,2,2011-S2
Grupo_829,Activo,2011-08-31,Antamina,Antamina,"['CP Carhuayoc', 'CP Cátac']",ÁNCASH,"['CP Carhuayoc', 'CP Catac']",2011,2,2011-S2
Grupo_638,Activo,2011-08-31,Antamina,Antamina,['CP San Antonio de Juprog'],ÁNCASH,['CP San Antonio de Juprog'],2011,2,2011-S2
Grupo_1237,Activo,2011-08-31,Las Bambas,Las Bambas,"['CP Tambulla', 'Distrito Chalhuahuacho']",APURÍMAC,"['CP Tambulla', 'Chalhuahuacho']",2011,2,2011-S2
Grupo_674,Activo,2011-08-31,Yanacocha,Newmont,['CP La Ramada'],CAJAMARCA,['CP La Ramada'],2011,2,2011-S2
Grupo_1251,Activo,2011-08-31,Cerro Corona,Gold Fields,['Distrito de Hualgayoc'],CAJAMARCA,['Hualgayoc'],2011,2,2011-S2
Grupo_606,Activo,2011-08-31,Toromocho,Chinalco,"['CP Morococha', 'CP Nueva Ciudad Morococha']",JUNÍN,"['CP Morococha', 'CP Morococha']",2011,2,2011-S2
Grupo_505,Activo,2011-08-31,Quellaveco,Angloamerican,['Distrito de Torata'],MOQUEGUA,['Distrito de Torata'],2011,2,2011-S2
Grupo_1391,Activo,2014-08-31,Antamina,Antamina,['CP Chipta'],ÁNCASH,['Huanchay'],2014,2,2014-S2
Grupo_829,Activo,2014-08-31,Antamina,Antamina,"['CP Carhuayoc', 'CP Cátac']",ÁNCASH,"['CP Carhuayoc', 'CP Catac']",2014,2,2014-S2
Grupo_1313,Activo,2014-08-31,Antamina,Antamina,['Distrito de Huarmey'],ÁNCASH,['Huarmey'],2014,2,2014-S2
Grupo_481,Activo,2014-08-31,Antamina,Antamina,"['CP Ayash Pichiú', 'CP Santa Cruz Pichiú']",ÁNCASH,"['CP Ayash Pichiu', 'Santa Cruz Pichiu']",2014,2,2014-S2
Grupo_829,Activo,2014-08-31,Antamina,Antamina,"['CP Carhuayoc', 'CP Cátac']",ÁNCASH,"['CP Carhuayoc', 'CP Catac']",2014,2,2014-S2
Grupo_1468,Activo,2014-08-31,Antamina,Antamina,"['CP Cajacay', 'CP Santa Rosa']",ÁNCASH,"['CP Cajacay', 'CP Santa Rosa']",2014,2,2014-S2
Grupo_1237,Activo,2014-08-31,Las Bambas,Las Bambas,"['CP Tambulla', 'Distrito Chalhuahuacho']",APURÍMAC,"['CP Tambulla', 'Chalhuahuacho']",2014,2,2014-S2
Grupo_1604,Activo,2014-08-31,Las Bambas,Las Bambas,"['CP Ccahuapirhua', 'CP Chicñahui', 'CP Record Ccanccaja']",APURÍMAC,"['Ccahuapirhua', 'CP Chicñahui', 'Juliaca']",2014,2,2014-S2
Grupo_1325,Activo,2014-08-31,Yanacocha,Newmont,['Distrito de La Encañada'],CAJAMARCA,['La Encañada'],2014,2,2014-S2
Grupo_1251,Activo,2014-08-31,Cerro Corona,Gold Fields,['Distrito de Hualgayoc'],CAJAMARCA,['Hualgayoc'],2014,2,2014-S2
Grupo_1484,Activo,2014-08-31,Yanacocha,Yanacocha,['Distrito Los Baños del Inca'],CAJAMARCA,['Los Baños del Inca'],2014,2,2014-S2
Grupo_1421,Activo,2014-08-31,Antapaccay,Antapaccay,['Provincia de Espinar'],CUSCO,['Espinar'],2014,2,2014-S2
Grupo_606,Activo,2014-08-31,Toromocho,Chinalco,"['CP Morococha', 'CP Nueva Ciudad Morococha']",JUNÍN,"['CP Morococha', 'CP Morococha']",2014,2,2014-S2
Grupo_1723,Activo,2014-08-31,Toromocho,Chinalco,['CP PACHACHACA (Yauli)'],JUNÍN,['PACHACHACA Yauli'],2014,2,2014-S2
Grupo_1391,Activo,2014-09-30,Antamina,Antamina,['CP Chipta'],ÁNCASH,['Huanchay'],2014,2,2014-S2
Grupo_829,Activo,2014-09-30,Antamina,Antamina,"['CP Carhuayoc', 'CP Cátac']",ÁNCASH,"['CP Carhuayoc', 'CP Catac']",2014,2,2014-S2
Grupo_1313,Activo,2014-09-30,Antamina,Antamina,['Distrito de Huarmey'],ÁNCASH,['Huarmey'],2014,2,2014-S2
Grupo_481,Activo,2014-09-30,Antamina,Antamina,"['CP Ayash Pichiú', 'CP Santa Cruz Pichiú']",ÁNCASH,"['CP Ayash Pichiu', 'Santa Cruz Pichiu']",2014,2,2014-S2
Grupo_829,Activo,2014-09-30,Antamina,Antamina,"['CP Carhuayoc', 'CP Cátac']",ÁNCASH,"['CP Carhuayoc', 'CP Catac']",2014,2,2014-S2
Grupo_1468,Activo,2014-09-30,Antamina,Antamina,"['CP Cajacay', 'CP Santa Rosa']",ÁNCASH,"['CP Cajacay', 'CP Santa Rosa']",2014,2,2014-S2
Grupo_1237,Activo,2014-09-30,Las Bambas,Las Bambas,"['CP Tambulla', 'Distrito Chalhuahuacho']",APURÍMAC,"['CP Tambulla', 'Chalhuahuacho']",2014,2,2014-S2
Grupo_1604,Activo,2014-09-30,Las Bambas,Las Bambas,"['CP Ccahuapirhua', 'CP Chicñahui', 'CP Record Ccanccaja']",APURÍMAC,"['Ccahuapirhua', 'CP Chicñahui', 'Juliaca']",2014,2,2014-S2
Grupo_1325,Activo,2014-09-30,Yanacocha,Newmont,['Distrito de La Encañada'],CAJAMARCA,['La Encañada'],2014,2,2014-S2
Grupo_1251,Activo,2014-09-30,Cerro Corona,Gold Fields,['Distrito de Hualgayoc'],CAJAMARCA,['Hualgayoc'],2014,2,2014-S2
Grupo_1484,Activo,2014-09-30,Yanacocha,Yanacocha,['Distrito Los Baños del Inca'],CAJAMARCA,['Los Baños del Inca'],2014,2,2014-S2
Grupo_1421,Activo,2014-09-30,Antapaccay,Antapaccay,['Provincia de Espinar'],CUSCO,['Espinar'],2014,2,2014-S2
Grupo_606,Activo,2014-09-30,Toromocho,Chinalco,"['CP Morococha', 'CP Nueva Ciudad Morococha']",JUNÍN,"['CP Morococha', 'CP Morococha']",2014,2,2014-S2
Grupo_1723,Activo,2014-09-30,Toromocho,Chinalco,['CP PACHACHACA (Yauli)'],JUNÍN,['PACHACHACA Yauli'],2014,2,2014-S2
Grupo_829,Activo,2018-11-30,Antamina,Antamina,"['CP Carhuayoc', 'CP Cátac']",ÁNCASH,"['CP Carhuayoc', 'CP Catac']",2018,2,2018-S2
Grupo_481,Activo,2018-11-30,Antamina,Antamina,"['CP Ayash Pichiú', 'CP Santa Cruz Pichiú']",ÁNCASH,"['CP Ayash Pichiu', 'Santa Cruz Pichiu']",2018,2,2018-S2
Grupo_1740,Activo,2018-11-30,Antamina,Antamina,"['Huaripampa Alto', 'Huaripampa Centro', 'Huaripampa Bajo']",ÁNCASH,"['Huaripampa Alto', 'Huaripampa Central', 'Huaripampa Baja']",2018,2,2018-S2
Grupo_1749,Activo,2018-11-30,Antamina,Antamina,"['CP Ango Raju', 'CP Carhuayoc']",ÁNCASH,"['Huaraz', 'CP Carhuayoc']",2018,2,2018-S2
Grupo_1237,Activo,2018-11-30,Las Bambas,Las Bambas,"['CP Tambulla', 'Distrito Chalhuahuacho']",APURÍMAC,"['CP Tambulla', 'Chalhuahuacho']",2018,2,2018-S2
Grupo_1760,Activo,2018-11-30,Quellaveco,Angloamerican,"['Valle de Tambo (Punta de Bombón)', 'Irrigación Ensenada - Mejía - Mollendo de la provincia Islay']",AREQUIPA,"['Valle de Tambo', 'Mejía Islay']",2018,2,2018-S2
Grupo_1251,Activo,2018-11-30,Cerro Corona,Gold Fields,['Distrito de Hualgayoc'],CAJAMARCA,['Hualgayoc'],2018,2,2018-S2
Grupo_1768,Activo,2018-11-30,Cerro Corona,Gold Fields,['CP Tingo'],CAJAMARCA,['CP Tingo'],2018,2,2018-S2
Grupo_1421,Activo,2018-11-30,Antapaccay,Antapaccay,['Provincia de Espinar'],CUSCO,['Espinar'],2018,2,2018-S2
Grupo_1776,Activo,2018-11-30,Las Bambas,Las Bambas,"['Distrito de Velille', 'CP Tuntuma', 'CP Casa Blanca', 'CP Ccollana', 'CP Cullahuata', 'CP Urasana', 'CP Ayaccasi', 'CP Alccavictoria', 'CP Chacapampa']",CUSCO,"['Velille', 'CP Tuntuma', 'CP Casa Blanca', 'CP Ccollana', 'CP Cullahuata', 'CP Urasana', 'CP Ayaccasi', 'Vvelille', 'CP Chacapampa']",2018,2,2018-S2
Grupo_1783,Activo,2018-11-30,Antamina,Antamina,['Distrito de Llata'],HUÁNUCO,['Llata'],2018,2,2018-S2
Grupo_606,Activo,2018-11-30,Toromocho,Chinalco,"['CP Morococha', 'CP Nueva Ciudad Morococha']",JUNÍN,"['CP Morococha', 'CP Morococha']",2018,2,2018-S2
Grupo_1814,Activo,2018-11-30,Atacocha,Nexa Resources,['CP San Juan de Milpo'],PASCO,['CP San Juan de Milpo'],2018,2,2018-S2
Grupo_829,Activo,2019-07-31,Antamina,Antamina,"['CP Carhuayoc', 'CP Cátac']",ÁNCASH,"['CP Carhuayoc', 'CP Catac']",2019,2,2019-S2
Grupo_481,Activo,2019-07-31,Antamina,Antamina,"['CP Ayash Pichiú', 'CP Santa Cruz Pichiú']",ÁNCASH,"['CP Ayash Pichiu', 'Santa Cruz Pichiu']",2019,2,2019-S2
Grupo_1740,Activo,2019-07-31,Antamina,Antamina,"['Huaripampa Alto', 'Huaripampa Centro', 'Huaripampa Bajo']",ÁNCASH,"['Huaripampa Alto', 'Huaripampa Central', 'Huaripampa Baja']",2019,2,2019-S2
Grupo_1749,Activo,2019-07-31,Antamina,Antamina,"['CP Ango Raju', 'CP Carhuayoc']",ÁNCASH,"['Huaraz', 'CP Carhuayoc']",2019,2,2019-S2
Grupo_1237,Activo,2019-07-31,Las Bambas,Las Bambas,"['CP Tambulla', 'Distrito Chalhuahuacho']",APURÍMAC,"['CP Tambulla', 'Chalhuahuacho']",2019,2,2019-S2
Grupo_1251,Activo,2019-07-31,Cerro Corona,Gold Fields,['Distrito de Hualgayoc'],CAJAMARCA,['Hualgayoc'],2019,2,2019-S2
Grupo_1768,Activo,2019-07-31,Cerro Corona,Gold Fields,['CP Tingo'],CAJAMARCA,['CP Tingo'],2019,2,2019-S2
Grupo_1852,Activo,2019-07-31,Las Bambas,Las Bambas,"['Provincia de Chumbivilcas', 'Distrito de Velille', 'Distrito de Capacmarca', 'Distrito de Quiñota', 'Distrito de Chamaca', 'Distrito de Livitaca', 'Distrito de Llusco', 'CP Huaylla Huaylla']",CUSCO,"['Chumbivilcas', 'Velille', 'Capacmarca', 'Quiñota', 'Chamaca', 'Livitaca', 'Llusco', 'CP Huaylla Huaylla']",2019,2,2019-S2
Grupo_1853,Activo,2019-07-31,Las Bambas,Las Bambas,"['Provincia de Paruro', 'Distrito Paccarectambo', 'Distrito Yaurisque', 'Distrito Ccapi', 'Distrito Huanoquite']",CUSCO,"['Paruro', 'Paccarectambo', 'Yaurisque', 'Ccapi', 'Huanoquite']",2019,2,2019-S2
Grupo_1854,Activo,2019-07-31,Las Bambas,Las Bambas,['CP Fuerabamba'],CUSCO,['CP Fuerabamba'],2019,2,2019-S2
Grupo_1421,Activo,2019-07-31,Antapaccay,Antapaccay,['Provincia de Espinar'],CUSCO,['Espinar'],2019,2,2019-S2
Grupo_1776,Activo,2019-07-31,Las Bambas,Las Bambas,"['Distrito de Velille', 'CP Tuntuma', 'CP Casa Blanca', 'CP Ccollana', 'CP Cullahuata', 'CP Urasana', 'CP Ayaccasi', 'CP Alccavictoria', 'CP Chacapampa']",CUSCO,"['Velille', 'CP Tuntuma', 'CP Casa Blanca', 'CP Ccollana', 'CP Cullahuata', 'CP Urasana', 'CP Ayaccasi', 'Vvelille', 'CP Chacapampa']",2019,2,2019-S2
Grupo_606,Activo,2019-07-31,Toromocho,Chinalco,"['CP Morococha', 'CP Nueva Ciudad Morococha']",JUNÍN,"['CP Morococha', 'CP Morococha']",2019,2,2019-S2
Grupo_1867,Activo,2019-07-31,Quellaveco,Angloamerican,['CP Tumilaca'],MOQUEGUA,['CP Tumilaca'],2019,2,2019-S2
Grupo_1870,Activo,2019-07-31,Atacocha,Nexa Resources,['CP San Pablo de Ticlacayán'],PASCO,['San Pablo de Ticlacayán'],2019,2,2019-S2
Grupo_1814,Activo,2019-07-31,Atacocha,Nexa Resources,['CP San Juan de Milpo'],PASCO,['CP San Juan de Milpo'],2019,2,2019-S2
Grupo_829,Activo,2019-08-31,Antamina,Antamina,"['CP Carhuayoc', 'CP Cátac']",ÁNCASH,"['CP Carhuayoc', 'CP Catac']",2019,2,2019-S2
Grupo_481,Activo,2019-08-31,Antamina,Antamina,"['CP Ayash Pichiú', 'CP Santa Cruz Pichiú']",ÁNCASH,"['CP Ayash Pichiu', 'Santa Cruz Pichiu']",2019,2,2019-S2
Grupo_1740,Activo,2019-08-31,Antamina,Antamina,"['Huaripampa Alto', 'Huaripampa Centro', 'Huaripampa Bajo']",ÁNCASH,"['Huaripampa Alto', 'Huaripampa Central', 'Huaripampa Baja']",2019,2,2019-S2
Grupo_1749,Activo,2019-08-31,Antamina,Antamina,"['CP Ango Raju', 'CP Carhuayoc']",ÁNCASH,"['Huaraz', 'CP Carhuayoc']",2019,2,2019-S2
Grupo_1237,Activo,2019-08-31,Las Bambas,Las Bambas,"['CP Tambulla', 'Distrito Chalhuahuacho']",APURÍMAC,"['CP Tambulla', 'Chalhuahuacho']",2019,2,2019-S2
Grupo_1251,Activo,2019-08-31,Cerro Corona,Gold Fields,['Distrito de Hualgayoc'],CAJAMARCA,['Hualgayoc'],2019,2,2019-S2
Grupo_1768,Activo,2019-08-31,Cerro Corona,Gold Fields,['CP Tingo'],CAJAMARCA,['CP Tingo'],2019,2,2019-S2
Grupo_1852,Activo,2019-08-31,Las Bambas,Las Bambas,"['Provincia de Chumbivilcas', 'Distrito de Velille', 'Distrito de Capacmarca', 'Distrito de Quiñota', 'Distrito de Chamaca', 'Distrito de Livitaca', 'Distrito de Llusco', 'CP Huaylla Huaylla']",CUSCO,"['Chumbivilcas', 'Velille', 'Capacmarca', 'Quiñota', 'Chamaca', 'Livitaca', 'Llusco', 'CP Huaylla Huaylla']",2019,2,2019-S2
Grupo_1853,Activo,2019-08-31,Las Bambas,Las Bambas,"['Provincia de Paruro', 'Distrito Paccarectambo', 'Distrito Yaurisque', 'Distrito Ccapi', 'Distrito Huanoquite']",CUSCO,"['Paruro', 'Paccarectambo', 'Yaurisque', 'Ccapi', 'Huanoquite']",2019,2,2019-S2
Grupo_1854,Activo,2019-08-31,Las Bambas,Las Bambas,['CP Fuerabamba'],CUSCO,['CP Fuerabamba'],2019,2,2019-S2
Grupo_1421,Activo,2019-08-31,Antapaccay,Antapaccay,['Provincia de Espinar'],CUSCO,['Espinar'],2019,2,2019-S2
Grupo_1776,Activo,2019-08-31,Las Bambas,Las Bambas,"['Distrito de Velille', 'CP Tuntuma', 'CP Casa Blanca', 'CP Ccollana', 'CP Cullahuata', 'CP Urasana', 'CP Ayaccasi', 'CP Alccavictoria', 'CP Chacapampa']",CUSCO,"['Velille', 'CP Tuntuma', 'CP Casa Blanca', 'CP Ccollana', 'CP Cullahuata', 'CP Urasana', 'CP Ayaccasi', 'Vvelille', 'CP Chacapampa']",2019,2,2019-S2
Grupo_606,Activo,2019-08-31,Toromocho,Chinalco,"['CP Morococha', 'CP Nueva Ciudad Morococha']",JUNÍN,"['CP Morococha', 'CP Morococha']",2019,2,2019-S2
Grupo_1867,Activo,2019-08-31,Quellaveco,Angloamerican,['CP Tumilaca'],MOQUEGUA,['CP Tumilaca'],2019,2,2019-S2
Grupo_1870,Activo,2019-08-31,Atacocha,Nexa Resources,['CP San Pablo de Ticlacayán'],PASCO,['San Pablo de Ticlacayán'],2019,2,2019-S2
Grupo_1814,Activo,2019-08-31,Atacocha,Nexa Resources,['CP San Juan de Milpo'],PASCO,['CP San Juan de Milpo'],2019,2,2019-S2
Grupo_829,Activo,2019-09-30,Antamina,Antamina,"['CP Carhuayoc', 'CP Cátac']",ÁNCASH,"['CP Carhuayoc', 'CP Catac']",2019,2,2019-S2
Grupo_481,Activo,2019-09-30,Antamina,Antamina,"['CP Ayash Pichiú', 'CP Santa Cruz Pichiú']",ÁNCASH,"['CP Ayash Pichiu', 'Santa Cruz Pichiu']",2019,2,2019-S2
Grupo_1740,Activo,2019-09-30,Antamina,Antamina,"['Huaripampa Alto', 'Huaripampa Centro', 'Huaripampa Bajo']",ÁNCASH,"['Huaripampa Alto', 'Huaripampa Central', 'Huaripampa Baja']",2019,2,2019-S2
Grupo_1749,Activo,2019-09-30,Antamina,Antamina,"['CP Ango Raju', 'CP Carhuayoc']",ÁNCASH,"['Huaraz', 'CP Carhuayoc']",2019,2,2019-S2
Grupo_1237,Activo,2019-09-30,Las Bambas,Las Bambas,"['CP Tambulla', 'Distrito Chalhuahuacho']",APURÍMAC,"['CP Tambulla', 'Chalhuahuacho']",2019,2,2019-S2
Grupo_1251,Activo,2019-09-30,Cerro Corona,Gold Fields,['Distrito de Hualgayoc'],CAJAMARCA,['Hualgayoc'],2019,2,2019-S2
Grupo_1853,Activo,2019-09-30,Las Bambas,Las Bambas,"['Provincia de Paruro', 'Distrito Paccarectambo', 'Distrito Yaurisque', 'Distrito Ccapi', 'Distrito Huanoquite']",CUSCO,"['Paruro', 'Paccarectambo', 'Yaurisque', 'Ccapi', 'Huanoquite']",2019,2,2019-S2
Grupo_1852,Activo,2019-09-30,Las Bambas,Las Bambas,"['Provincia de Chumbivilcas', 'Distrito de Velille', 'Distrito de Capacmarca', 'Distrito de Quiñota', 'Distrito de Chamaca', 'Distrito de Livitaca', 'Distrito de Llusco', 'CP Huaylla Huaylla']",CUSCO,"['Chumbivilcas', 'Velille', 'Capacmarca', 'Quiñota', 'Chamaca', 'Livitaca', 'Llusco', 'CP Huaylla Huaylla']",2019,2,2019-S2
Grupo_1854,Activo,2019-09-30,Las Bambas,Las Bambas,['CP Fuerabamba'],CUSCO,['CP Fuerabamba'],2019,2,2019-S2
Grupo_1421,Activo,2019-09-30,Antapaccay,Antapaccay,['Provincia de Espinar'],CUSCO,['Espinar'],2019,2,2019-S2
Grupo_1776,Activo,2019-09-30,Las Bambas,Las Bambas,"['Distrito de Velille', 'CP Tuntuma', 'CP Casa Blanca', 'CP Ccollana', 'CP Cullahuata', 'CP Urasana', 'CP Ayaccasi', 'CP Alccavictoria', 'CP Chacapampa']",CUSCO,"['Velille', 'CP Tuntuma', 'CP Casa Blanca', 'CP Ccollana', 'CP Cullahuata', 'CP Urasana', 'CP Ayaccasi', 'Vvelille', 'CP Chacapampa']",2019,2,2019-S2
Grupo_606,Activo,2019-09-30,Toromocho,Chinalco,"['CP Morococha', 'CP Nueva Ciudad Morococha']",JUNÍN,"['CP Morococha', 'CP Morococha']",2019,2,2019-S2
Grupo_1867,Activo,2019-09-30,Quellaveco,Angloamerican,['CP Tumilaca'],MOQUEGUA,['CP Tumilaca'],2019,2,2019-S2
Grupo_1870,Activo,2019-09-30,Atacocha,Nexa Resources,['CP San Pablo de Ticlacayán'],PASCO,['San Pablo de Ticlacayán'],2019,2,2019-S2
Grupo_1814,Activo,2019-09-30,Atacocha,Nexa Resources,['CP San Juan de Milpo'],PASCO,['CP San Juan de Milpo'],2019,2,2019-S2
Grupo_829,Activo,2019-11-30,Antamina,Antamina,"['CP Carhuayoc', 'CP Cátac']",ÁNCASH,"['CP Carhuayoc', 'CP Catac']",2019,2,2019-S2
Grupo_481,Activo,2019-11-30,Antamina,Antamina,"['CP Ayash Pichiú', 'CP Santa Cruz Pichiú']",ÁNCASH,"['CP Ayash Pichiu', 'Santa Cruz Pichiu']",2019,2,2019-S2
Grupo_1740,Activo,2019-11-30,Antamina,Antamina,"['Huaripampa Alto', 'Huaripampa Centro', 'Huaripampa Bajo']",ÁNCASH,"['Huaripampa Alto', 'Huaripampa Central', 'Huaripampa Baja']",2019,2,2019-S2
Grupo_1749,Activo,2019-11-30,Antamina,Antamina,"['CP Ango Raju', 'CP Carhuayoc']",ÁNCASH,"['Huaraz', 'CP Carhuayoc']",2019,2,2019-S2
Grupo_1237,Activo,2019-11-30,Las Bambas,Las Bambas,"['CP Tambulla', 'Distrito Chalhuahuacho']",APURÍMAC,"['CP Tambulla', 'Chalhuahuacho']",2019,2,2019-S2
Grupo_1884,Activo,2019-11-30,Yanacocha,Newmont,"['CP Totoracocha', 'CP El Alumbre']",CAJAMARCA,"['CP Totoracocha', 'CP El Alumbre']",2019,2,2019-S2
Grupo_1251,Activo,2019-11-30,Cerro Corona,Gold Fields,['Distrito de Hualgayoc'],CAJAMARCA,['Hualgayoc'],2019,2,2019-S2
Grupo_1885,Activo,2019-11-30,Antapaccay,Glencore,"['CC Huano Huano', 'CC Cala Cala', 'CC Huisa', 'CC Paco Pata', 'CC Tintaya Marquiri', 'CC Alto Huancané', 'CC Huancané Bajo', 'CC Alto Huarca', 'CC Huarca', 'CC Anta Ccollana', 'CC Huisa Ccollana', 'CC Huini Coroccohuayco']",CUSCO,"['CC Huano Huano', 'CC Cala Cala', 'CC Huisa', 'Pacopata', 'Tintaya Marquiri', 'Alto Huancane', 'Huancane Bajo', 'CC Alto Huarca', 'CC Huarca', 'Anta Ccollana', 'Espinar', 'Espinar']",2019,2,2019-S2
Grupo_1853,Activo,2019-11-30,Las Bambas,Las Bambas,"['Provincia de Paruro', 'Distrito Paccarectambo', 'Distrito Yaurisque', 'Distrito Ccapi', 'Distrito Huanoquite']",CUSCO,"['Paruro', 'Paccarectambo', 'Yaurisque', 'Ccapi', 'Huanoquite']",2019,2,2019-S2
Grupo_1852,Activo,2019-11-30,Las Bambas,Las Bambas,"['Provincia de Chumbivilcas', 'Distrito de Velille', 'Distrito de Capacmarca', 'Distrito de Quiñota', 'Distrito de Chamaca', 'Distrito de Livitaca', 'Distrito de Llusco', 'CP Huaylla Huaylla']",CUSCO,"['Chumbivilcas', 'Velille', 'Capacmarca', 'Quiñota', 'Chamaca', 'Livitaca', 'Llusco', 'CP Huaylla Huaylla']",2019,2,2019-S2
Grupo_1854,Activo,2019-11-30,Las Bambas,Las Bambas,['CP Fuerabamba'],CUSCO,['CP Fuerabamba'],2019,2,2019-S2
Grupo_1421,Activo,2019-11-30,Antapaccay,Antapaccay,['Provincia de Espinar'],CUSCO,['Espinar'],2019,2,2019-S2
Grupo_1776,Activo,2019-11-30,Las Bambas,Las Bambas,"['Distrito de Velille', 'CP Tuntuma', 'CP Casa Blanca', 'CP Ccollana', 'CP Cullahuata', 'CP Urasana', 'CP Ayaccasi', 'CP Alccavictoria', 'CP Chacapampa']",CUSCO,"['Velille', 'CP Tuntuma', 'CP Casa Blanca', 'CP Ccollana', 'CP Cullahuata', 'CP Urasana', 'CP Ayaccasi', 'Vvelille', 'CP Chacapampa']",2019,2,2019-S2
Grupo_606,Activo,2019-11-30,Toromocho,Chinalco,"['CP Morococha', 'CP Nueva Ciudad Morococha']",JUNÍN,"['CP Morococha', 'CP Morococha']",2019,2,2019-S2
Grupo_1867,Activo,2019-11-30,Quellaveco,Angloamerican,['CP Tumilaca'],MOQUEGUA,['CP Tumilaca'],2019,2,2019-S2
Grupo_1870,Activo,2019-11-30,Atacocha,Nexa Resources,['CP San Pablo de Ticlacayán'],PASCO,['San Pablo de Ticlacayán'],2019,2,2019-S2
Grupo_1814,Activo,2019-11-30,Atacocha,Nexa Resources,['CP San Juan de Milpo'],PASCO,['CP San Juan de Milpo'],2019,2,2019-S2
Grupo_829,Activo,2019-12-31,Antamina,Antamina,"['CP Carhuayoc', 'CP Cátac']",ÁNCASH,"['CP Carhuayoc', 'CP Catac']",2019,2,2019-S2
Grupo_481,Activo,2019-12-31,Antamina,Antamina,"['CP Ayash Pichiú', 'CP Santa Cruz Pichiú']",ÁNCASH,"['CP Ayash Pichiu', 'Santa Cruz Pichiu']",2019,2,2019-S2
Grupo_1740,Activo,2019-12-31,Antamina,Antamina,"['Huaripampa Alto', 'Huaripampa Centro', 'Huaripampa Bajo']",ÁNCASH,"['Huaripampa Alto', 'Huaripampa Central', 'Huaripampa Baja']",2019,2,2019-S2
Grupo_1749,Activo,2019-12-31,Antamina,Antamina,"['CP Ango Raju', 'CP Carhuayoc']",ÁNCASH,"['Huaraz', 'CP Carhuayoc']",2019,2,2019-S2
Grupo_1237,Activo,2019-12-31,Las Bambas,Las Bambas,"['CP Tambulla', 'Distrito Chalhuahuacho']",APURÍMAC,"['CP Tambulla', 'Chalhuahuacho']",2019,2,2019-S2
Grupo_1884,Activo,2019-12-31,Yanacocha,Newmont,"['CP Totoracocha', 'CP El Alumbre']",CAJAMARCA,"['CP Totoracocha', 'CP El Alumbre']",2019,2,2019-S2
Grupo_1251,Activo,2019-12-31,Cerro Corona,Gold Fields,['Distrito de Hualgayoc'],CAJAMARCA,['Hualgayoc'],2019,2,2019-S2
Grupo_1889,Activo,2019-12-31,Antapaccay,Antapaccay,"['Distrito de Pallpata', 'Huacroyuta Marquiri', 'Huarcapata', 'Chorrillo', 'Antacama', 'Pallpata', 'Canlletera', 'Cruz Pampa', 'Pirhuayani', 'Mamanocca', 'Jaruma Alccasana', 'Distrito de Alto Pichigua', 'Distrito de Pichigua Pichigua', 'Distrito de Condorama', 'Distrito de Ocoruro']",CUSCO,"['Pallpata', 'Pallpata', 'Huarcapata', 'Chorrillo', 'Atacama', 'Pallpata', 'Pallpata', 'Cruz Pampa', 'Pirhuayani', 'Mamanocca', 'Pallpata', 'Alto Pichigua', 'Pichigua Pichigua', 'Condorama', 'Ocoruro']",2019,2,2019-S2
Grupo_1885,Activo,2019-12-31,Antapaccay,Glencore,"['CC Huano Huano', 'CC Cala Cala', 'CC Huisa', 'CC Paco Pata', 'CC Tintaya Marquiri', 'CC Alto Huancané', 'CC Huancané Bajo', 'CC Alto Huarca', 'CC Huarca', 'CC Anta Ccollana', 'CC Huisa Ccollana', 'CC Huini Coroccohuayco']",CUSCO,"['CC Huano Huano', 'CC Cala Cala', 'CC Huisa', 'Pacopata', 'Tintaya Marquiri', 'Alto Huancane', 'Huancane Bajo', 'CC Alto Huarca', 'CC Huarca', 'Anta Ccollana', 'Espinar', 'Espinar']",2019,2,2019-S2
Grupo_1853,Activo,2019-12-31,Las Bambas,Las Bambas,"['Provincia de Paruro', 'Distrito Paccarectambo', 'Distrito Yaurisque', 'Distrito Ccapi', 'Distrito Huanoquite']",CUSCO,"['Paruro', 'Paccarectambo', 'Yaurisque', 'Ccapi', 'Huanoquite']",2019,2,2019-S2
Grupo_1852,Activo,2019-12-31,Las Bambas,Las Bambas,"['Provincia de Chumbivilcas', 'Distrito de Velille', 'Distrito de Capacmarca', 'Distrito de Quiñota', 'Distrito de Chamaca', 'Distrito de Livitaca', 'Distrito de Llusco', 'CP Huaylla Huaylla']",CUSCO,"['Chumbivilcas', 'Velille', 'Capacmarca', 'Quiñota', 'Chamaca', 'Livitaca', 'Llusco', 'CP Huaylla Huaylla']",2019,2,2019-S2
Grupo_1854,Activo,2019-12-31,Las Bambas,Las Bambas,['CP Fuerabamba'],CUSCO,['CP Fuerabamba'],2019,2,2019-S2
Grupo_1421,Activo,2019-12-31,Antapaccay,Antapaccay,['Provincia de Espinar'],CUSCO,['Espinar'],2019,2,2019-S2
Grupo_1776,Activo,2019-12-31,Las Bambas,Las Bambas,"['Distrito de Velille', 'CP Tuntuma', 'CP Casa Blanca', 'CP Ccollana', 'CP Cullahuata', 'CP Urasana', 'CP Ayaccasi', 'CP Alccavictoria', 'CP Chacapampa']",CUSCO,"['Velille', 'CP Tuntuma', 'CP Casa Blanca', 'CP Ccollana', 'CP Cullahuata', 'CP Urasana', 'CP Ayaccasi', 'Vvelille', 'CP Chacapampa']",2019,2,2019-S2
Grupo_606,Activo,2019-12-31,Toromocho,Chinalco,"['CP Morococha', 'CP Nueva Ciudad Morococha']",JUNÍN,"['CP Morococha', 'CP Morococha']",2019,2,2019-S2
Grupo_1867,Activo,2019-12-31,Quellaveco,Angloamerican,['CP Tumilaca'],MOQUEGUA,['CP Tumilaca'],2019,2,2019-S2
Grupo_1870,Activo,2019-12-31,Atacocha,Nexa Resources,['CP San Pablo de Ticlacayán'],PASCO,['San Pablo de Ticlacayán'],2019,2,2019-S2
Grupo_1814,Activo,2019-12-31,Atacocha,Nexa Resources,['CP San Juan de Milpo'],PASCO,['CP San Juan de Milpo'],2019,2,2019-S2
Grupo_1897,Activo,2024-09-30,Antamina,Antamina,['CC Aquia'],ÁNCASH,['CC Aquia'],2024,2,2024-S2
Grupo_1900,Activo,2024-09-30,Las Bambas,Las Bambas,['CC Pumamarca'],APURÍMAC,['CC Pumamarca'],2024,2,2024-S2
Grupo_1901,Activo,2024-09-30,Las Bambas,Las Bambas,['CC Carmen Alto de Chalhuahuacho'],APURÍMAC,['Chalhuahuacho'],2024,2,2024-S2
Grupo_1902,Activo,2024-09-30,Las Bambas,Las Bambas,['CC Chuicuni'],APURÍMAC,['CC Chuicuni'],2024,2,2024-S2
Grupo_1903,Activo,2024-09-30,Las Bambas,Las Bambas,['CC Chila'],APURÍMAC,['CC Chila'],2024,2,2024-S2
Grupo_1904,Activo,2024-09-30,Las Bambas,Las Bambas,['CC Huancuire'],APURÍMAC,['CC Huancuire'],2024,2,2024-S2
Grupo_1854,Activo,2024-09-30,Las Bambas,Las Bambas,['CP Fuerabamba'],CUSCO,['CP Fuerabamba'],2024,2,2024-S2
Grupo_1237,Activo,2024-09-30,Las Bambas,Las Bambas,"['CP Tambulla', 'Distrito Chalhuahuacho']",APURÍMAC,"['CP Tambulla', 'Chalhuahuacho']",2024,2,2024-S2
Grupo_1921,Activo,2024-09-30,Yanacocha,Newmont,"['CP CARHUAQUERO', 'CP Otuzco']",CAJAMARCA,"['CP CARHUAQUERO', 'CP Otuzco']",2024,2,2024-S2
Grupo_1923,Activo,2024-09-30,Las Bambas,Las Bambas,['Distrito de Velille'],CUSCO,['Velille'],2024,2,2024-S2
Grupo_1924,Activo,2024-09-30,Las Bambas,Las Bambas,['Distrito de Coporaque'],CUSCO,['Coporaque'],2024,2,2024-S2
Grupo_1927,Activo,2024-09-30,Las Bambas,Las Bambas,"['CC Huininquiri', 'CC Cancahuani', 'CC Lacca-lacca Yanque Parcobamba', 'CC Cruzpampa', 'CC Idiopa-Ñaupa-Japo Urinsaya']",CUSCO,"['Chumbivilcas', 'Cancahuani', 'Colquemarca', 'CC Cruzpampa', 'Colquemarca']",2024,2,2024-S2
Grupo_1889,Activo,2024-09-30,Antapaccay,Antapaccay,"['Distrito de Pallpata', 'Huacroyuta Marquiri', 'Huarcapata', 'Chorrillo', 'Antacama', 'Pallpata', 'Canlletera', 'Cruz Pampa', 'Pirhuayani', 'Mamanocca', 'Jaruma Alccasana', 'Distrito de Alto Pichigua', 'Distrito de Pichigua Pichigua', 'Distrito de Condorama', 'Distrito de Ocoruro']",CUSCO,"['Pallpata', 'Pallpata', 'Huarcapata', 'Chorrillo', 'Atacama', 'Pallpata', 'Pallpata', 'Cruz Pampa', 'Pirhuayani', 'Mamanocca', 'Pallpata', 'Alto Pichigua', 'Pichigua Pichigua', 'Condorama', 'Ocoruro']",2024,2,2024-S2
Grupo_1885,Activo,2024-09-30,Antapaccay,Glencore,"['CC Huano Huano', 'CC Cala Cala', 'CC Huisa', 'CC Paco Pata', 'CC Tintaya Marquiri', 'CC Alto Huancané', 'CC Huancané Bajo', 'CC Alto Huarca', 'CC Huarca', 'CC Anta Ccollana', 'CC Huisa Ccollana', 'CC Huini Coroccohuayco']",CUSCO,"['CC Huano Huano', 'CC Cala Cala', 'CC Huisa', 'Pacopata', 'Tintaya Marquiri', 'Alto Huancane', 'Huancane Bajo', 'CC Alto Huarca', 'CC Huarca', 'Anta Ccollana', 'Espinar', 'Espinar']",2024,2,2024-S2
Grupo_1852,Activo,2024-09-30,Las Bambas,Las Bambas,"['Provincia de Chumbivilcas', 'Distrito de Velille', 'Distrito de Capacmarca', 'Distrito de Quiñota', 'Distrito de Chamaca', 'Distrito de Livitaca', 'Distrito de Llusco', 'CP Huaylla Huaylla']",CUSCO,"['Chumbivilcas', 'Velille', 'Capacmarca', 'Quiñota', 'Chamaca', 'Livitaca', 'Llusco', 'CP Huaylla Huaylla']",2024,2,2024-S2
Grupo_1421,Activo,2024-09-30,Antapaccay,Antapaccay,['Provincia de Espinar'],CUSCO,['Espinar'],2024,2,2024-S2
Grupo_1939,Activo,2024-09-30,Antamina,Antamina,['Distrito de Llata'],HUÁNUCO,['Llata'],2024,2,2024-S2
Grupo_606,Activo,2024-09-30,Toromocho,Chinalco,"['CP Morococha', 'CP Nueva Ciudad Morococha']",JUNÍN,"['CP Morococha', 'CP Morococha']",2024,2,2024-S2
Grupo_1867,Activo,2024-09-30,Quellaveco,Angloamerican,['CP Tumilaca'],MOQUEGUA,['CP Tumilaca'],2024,2,2024-S2
Grupo_1814,Activo,2024-09-30,Atacocha,Nexa Resources,['CP San Juan de Milpo'],PASCO,['CP San Juan de Milpo'],2024,2,2024-S2
Grupo_829,Activo,2018-08-31,Antamina,Antamina,"['CP Carhuayoc', 'CP Cátac']",ÁNCASH,"['CP Carhuayoc', 'CP Catac']",2018,2,2018-S2
Grupo_481,Activo,2018-08-31,Antamina,Antamina,"['CP Ayash Pichiú', 'CP Santa Cruz Pichiú']",ÁNCASH,"['CP Ayash Pichiu', 'Santa Cruz Pichiu']",2018,2,2018-S2
Grupo_1740,Activo,2018-08-31,Antamina,Antamina,"['Huaripampa Alto', 'Huaripampa Centro', 'Huaripampa Bajo']",ÁNCASH,"['Huaripampa Alto', 'Huaripampa Central', 'Huaripampa Baja']",2018,2,2018-S2
Grupo_1749,Activo,2018-08-31,Antamina,Antamina,"['CP Ango Raju', 'CP Carhuayoc']",ÁNCASH,"['Huaraz', 'CP Carhuayoc']",2018,2,2018-S2
Grupo_1237,Activo,2018-08-31,Las Bambas,Las Bambas,"['CP Tambulla', 'Distrito Chalhuahuacho']",APURÍMAC,"['CP Tambulla', 'Chalhuahuacho']",2018,2,2018-S2
Grupo_1251,Activo,2018-08-31,Cerro Corona,Gold Fields,['Distrito de Hualgayoc'],CAJAMARCA,['Hualgayoc'],2018,2,2018-S2
Grupo_1768,Activo,2018-08-31,Cerro Corona,Gold Fields,['CP Tingo'],CAJAMARCA,['CP Tingo'],2018,2,2018-S2
Grupo_1421,Activo,2018-08-31,Antapaccay,Antapaccay,['Provincia de Espinar'],CUSCO,['Espinar'],2018,2,2018-S2
Grupo_1776,Activo,2018-08-31,Las Bambas,Las Bambas,"['Distrito de Velille', 'CP Tuntuma', 'CP Casa Blanca', 'CP Ccollana', 'CP Cullahuata', 'CP Urasana', 'CP Ayaccasi', 'CP Alccavictoria', 'CP Chacapampa']",CUSCO,"['Velille', 'CP Tuntuma', 'CP Casa Blanca', 'CP Ccollana', 'CP Cullahuata', 'CP Urasana', 'CP Ayaccasi', 'Vvelille', 'CP Chacapampa']",2018,2,2018-S2
Grupo_1783,Activo,2018-08-31,Antamina,Antamina,['Distrito de Llata'],HUÁNUCO,['Llata'],2018,2,2018-S2
Grupo_606,Activo,2018-08-31,Toromocho,Chinalco,"['CP Morococha', 'CP Nueva Ciudad Morococha']",JUNÍN,"['CP Morococha', 'CP Morococha']",2018,2,2018-S2
Grupo_1814,Activo,2018-08-31,Atacocha,Nexa Resources,['CP San Juan de Milpo'],PASCO,['CP San Juan de Milpo'],2018,2,2018-S2
Grupo_829,Activo,2018-09-30,Antamina,Antamina,"['CP Carhuayoc', 'CP Cátac']",ÁNCASH,"['CP Carhuayoc', 'CP Catac']",2018,2,2018-S2
Grupo_481,Activo,2018-09-30,Antamina,Antamina,"['CP Ayash Pichiú', 'CP Santa Cruz Pichiú']",ÁNCASH,"['CP Ayash Pichiu', 'Santa Cruz Pichiu']",2018,2,2018-S2
Grupo_1740,Activo,2018-09-30,Antamina,Antamina,"['Huaripampa Alto', 'Huaripampa Centro', 'Huaripampa Bajo']",ÁNCASH,"['Huaripampa Alto', 'Huaripampa Central', 'Huaripampa Baja']",2018,2,2018-S2
Grupo_1749,Activo,2018-09-30,Antamina,Antamina,"['CP Ango Raju', 'CP Carhuayoc']",ÁNCASH,"['Huaraz', 'CP Carhuayoc']",2018,2,2018-S2
Grupo_1237,Activo,2018-09-30,Las Bambas,Las Bambas,"['CP Tambulla', 'Distrito Chalhuahuacho']",APURÍMAC,"['CP Tambulla', 'Chalhuahuacho']",2018,2,2018-S2
Grupo_1251,Activo,2018-09-30,Cerro Corona,Gold Fields,['Distrito de Hualgayoc'],CAJAMARCA,['Hualgayoc'],2018,2,2018-S2
Grupo_1768,Activo,2018-09-30,Cerro Corona,Gold Fields,['CP Tingo'],CAJAMARCA,['CP Tingo'],2018,2,2018-S2
Grupo_1421,Activo,2018-09-30,Antapaccay,Antapaccay,['Provincia de Espinar'],CUSCO,['Espinar'],2018,2,2018-S2
Grupo_1776,Activo,2018-09-30,Las Bambas,Las Bambas,"['Distrito de Velille', 'CP Tuntuma', 'CP Casa Blanca', 'CP Ccollana', 'CP Cullahuata', 'CP Urasana', 'CP Ayaccasi', 'CP Alccavictoria', 'CP Chacapampa']",CUSCO,"['Velille', 'CP Tuntuma', 'CP Casa Blanca', 'CP Ccollana', 'CP Cullahuata', 'CP Urasana', 'CP Ayaccasi', 'Vvelille', 'CP Chacapampa']",2018,2,2018-S2
Grupo_1783,Activo,2018-09-30,Antamina,Antamina,['Distrito de Llata'],HUÁNUCO,['Llata'],2018,2,2018-S2
Grupo_606,Activo,2018-09-30,Toromocho,Chinalco,"['CP Morococha', 'CP Nueva Ciudad Morococha']",JUNÍN,"['CP Morococha', 'CP Morococha']",2018,2,2018-S2
Grupo_1814,Activo,2018-09-30,Atacocha,Nexa Resources,['CP San Juan de Milpo'],PASCO,['CP San Juan de Milpo'],2018,2,2018-S2
Grupo_829,Activo,2018-10-31,Antamina,Antamina,"['CP Carhuayoc', 'CP Cátac']",ÁNCASH,"['CP Carhuayoc', 'CP Catac']",2018,2,2018-S2
Grupo_481,Activo,2018-10-31,Antamina,Antamina,"['CP Ayash Pichiú', 'CP Santa Cruz Pichiú']",ÁNCASH,"['CP Ayash Pichiu', 'Santa Cruz Pichiu']",2018,2,2018-S2
Grupo_1740,Activo,2018-10-31,Antamina,Antamina,"['Huaripampa Alto', 'Huaripampa Centro', 'Huaripampa Bajo']",ÁNCASH,"['Huaripampa Alto', 'Huaripampa Central', 'Huaripampa Baja']",2018,2,2018-S2
Grupo_1749,Activo,2018-10-31,Antamina,Antamina,"['CP Ango Raju', 'CP Carhuayoc']",ÁNCASH,"['Huaraz', 'CP Carhuayoc']",2018,2,2018-S2
Grupo_1237,Activo,2018-10-31,Las Bambas,Las Bambas,"['CP Tambulla', 'Distrito Chalhuahuacho']",APURÍMAC,"['CP Tambulla', 'Chalhuahuacho']",2018,2,2018-S2
Grupo_1760,Activo,2018-10-31,Quellaveco,Angloamerican,"['Valle de Tambo (Punta de Bombón)', 'Irrigación Ensenada - Mejía - Mollendo de la provincia Islay']",AREQUIPA,"['Valle de Tambo', 'Mejía Islay']",2018,2,2018-S2
Grupo_1251,Activo,2018-10-31,Cerro Corona,Gold Fields,['Distrito de Hualgayoc'],CAJAMARCA,['Hualgayoc'],2018,2,2018-S2
Grupo_1768,Activo,2018-10-31,Cerro Corona,Gold Fields,['CP Tingo'],CAJAMARCA,['CP Tingo'],2018,2,2018-S2
Grupo_1421,Activo,2018-10-31,Antapaccay,Antapaccay,['Provincia de Espinar'],CUSCO,['Espinar'],2018,2,2018-S2
Grupo_1776,Activo,2018-10-31,Las Bambas,Las Bambas,"['Distrito de Velille', 'CP Tuntuma', 'CP Casa Blanca', 'CP Ccollana', 'CP Cullahuata', 'CP Urasana', 'CP Ayaccasi', 'CP Alccavictoria', 'CP Chacapampa']",CUSCO,"['Velille', 'CP Tuntuma', 'CP Casa Blanca', 'CP Ccollana', 'CP Cullahuata', 'CP Urasana', 'CP Ayaccasi', 'Vvelille', 'CP Chacapampa']",2018,2,2018-S2
Grupo_1783,Activo,2018-10-31,Antamina,Antamina,['Distrito de Llata'],HUÁNUCO,['Llata'],2018,2,2018-S2
Grupo_606,Activo,2018-10-31,Toromocho,Chinalco,"['CP Morococha', 'CP Nueva Ciudad Morococha']",JUNÍN,"['CP Morococha', 'CP Morococha']",2018,2,2018-S2
Grupo_1814,Activo,2018-10-31,Atacocha,Nexa Resources,['CP San Juan de Milpo'],PASCO,['CP San Juan de Milpo'],2018,2,2018-S2
Grupo_829,Activo,2018-12-31,Antamina,Antamina,"['CP Carhuayoc', 'CP Cátac']",ÁNCASH,"['CP Carhuayoc', 'CP Catac']",2018,2,2018-S2
Grupo_481,Activo,2018-12-31,Antamina,Antamina,"['CP Ayash Pichiú', 'CP Santa Cruz Pichiú']",ÁNCASH,"['CP Ayash Pichiu', 'Santa Cruz Pichiu']",2018,2,2018-S2
Grupo_1740,Activo,2018-12-31,Antamina,Antamina,"['Huaripampa Alto', 'Huaripampa Centro', 'Huaripampa Bajo']",ÁNCASH,"['Huaripampa Alto', 'Huaripampa Central', 'Huaripampa Baja']",2018,2,2018-S2
Grupo_1749,Activo,2018-12-31,Antamina,Antamina,"['CP Ango Raju', 'CP Carhuayoc']",ÁNCASH,"['Huaraz', 'CP Carhuayoc']",2018,2,2018-S2
Grupo_1237,Activo,2018-12-31,Las Bambas,Las Bambas,"['CP Tambulla', 'Distrito Chalhuahuacho']",APURÍMAC,"['CP Tambulla', 'Chalhuahuacho']",2018,2,2018-S2
Grupo_1760,Activo,2018-12-31,Quellaveco,Angloamerican,"['Valle de Tambo (Punta de Bombón)', 'Irrigación Ensenada - Mejía - Mollendo de la provincia Islay']",AREQUIPA,"['Valle de Tambo', 'Mejía Islay']",2018,2,2018-S2
Grupo_1251,Activo,2018-12-31,Cerro Corona,Gold Fields,['Distrito de Hualgayoc'],CAJAMARCA,['Hualgayoc'],2018,2,2018-S2
Grupo_1768,Activo,2018-12-31,Cerro Corona,Gold Fields,['CP Tingo'],CAJAMARCA,['CP Tingo'],2018,2,2018-S2
Grupo_1854,Activo,2018-12-31,Las Bambas,Las Bambas,['CP Fuerabamba'],CUSCO,['CP Fuerabamba'],2018,2,2018-S2
Grupo_1421,Activo,2018-12-31,Antapaccay,Antapaccay,['Provincia de Espinar'],CUSCO,['Espinar'],2018,2,2018-S2
Grupo_1776,Activo,2018-12-31,Las Bambas,Las Bambas,"['Distrito de Velille', 'CP Tuntuma', 'CP Casa Blanca', 'CP Ccollana', 'CP Cullahuata', 'CP Urasana', 'CP Ayaccasi', 'CP Alccavictoria', 'CP Chacapampa']",CUSCO,"['Velille', 'CP Tuntuma', 'CP Casa Blanca', 'CP Ccollana', 'CP Cullahuata', 'CP Urasana', 'CP Ayaccasi', 'Vvelille', 'CP Chacapampa']",2018,2,2018-S2
Grupo_606,Activo,2018-12-31,Toromocho,Chinalco,"['CP Morococha', 'CP Nueva Ciudad Morococha']",JUNÍN,"['CP Morococha', 'CP Morococha']",2018,2,2018-S2
Grupo_1814,Activo,2018-12-31,Atacocha,Nexa Resources,['CP San Juan de Milpo'],PASCO,['CP San Juan de Milpo'],2018,2,2018-S2
Grupo_829,Activo,2019-01-31,Antamina,Antamina,"['CP Carhuayoc', 'CP Cátac']",ÁNCASH,"['CP Carhuayoc', 'CP Catac']",2019,1,2019-S1
Grupo_481,Activo,2019-01-31,Antamina,Antamina,"['CP Ayash Pichiú', 'CP Santa Cruz Pichiú']",ÁNCASH,"['CP Ayash Pichiu', 'Santa Cruz Pichiu']",2019,1,2019-S1
Grupo_1740,Activo,2019-01-31,Antamina,Antamina,"['Huaripampa Alto', 'Huaripampa Centro', 'Huaripampa Bajo']",ÁNCASH,"['Huaripampa Alto', 'Huaripampa Central', 'Huaripampa Baja']",2019,1,2019-S1
Grupo_1749,Activo,2019-01-31,Antamina,Antamina,"['CP Ango Raju', 'CP Carhuayoc']",ÁNCASH,"['Huaraz', 'CP Carhuayoc']",2019,1,2019-S1
Grupo_1237,Activo,2019-01-31,Las Bambas,Las Bambas,"['CP Tambulla', 'Distrito Chalhuahuacho']",APURÍMAC,"['CP Tambulla', 'Chalhuahuacho']",2019,1,2019-S1
Grupo_1760,Activo,2019-01-31,Quellaveco,Angloamerican,"['Valle de Tambo (Punta de Bombón)', 'Irrigación Ensenada - Mejía - Mollendo de la provincia Islay']",AREQUIPA,"['Valle de Tambo', 'Mejía Islay']",2019,1,2019-S1
Grupo_1251,Activo,2019-01-31,Cerro Corona,Gold Fields,['Distrito de Hualgayoc'],CAJAMARCA,['Hualgayoc'],2019,1,2019-S1
Grupo_1768,Activo,2019-01-31,Cerro Corona,Gold Fields,['CP Tingo'],CAJAMARCA,['CP Tingo'],2019,1,2019-S1
Grupo_1854,Activo,2019-01-31,Las Bambas,Las Bambas,['CP Fuerabamba'],CUSCO,['CP Fuerabamba'],2019,1,2019-S1
Grupo_1421,Activo,2019-01-31,Antapaccay,Antapaccay,['Provincia de Espinar'],CUSCO,['Espinar'],2019,1,2019-S1
Grupo_1776,Activo,2019-01-31,Las Bambas,Las Bambas,"['Distrito de Velille', 'CP Tuntuma', 'CP Casa Blanca', 'CP Ccollana', 'CP Cullahuata', 'CP Urasana', 'CP Ayaccasi', 'CP Alccavictoria', 'CP Chacapampa']",CUSCO,"['Velille', 'CP Tuntuma', 'CP Casa Blanca', 'CP Ccollana', 'CP Cullahuata', 'CP Urasana', 'CP Ayaccasi', 'Vvelille', 'CP Chacapampa']",2019,1,2019-S1
Grupo_606,Activo,2019-01-31,Toromocho,Chinalco,"['CP Morococha', 'CP Nueva Ciudad Morococha']",JUNÍN,"['CP Morococha', 'CP Morococha']",2019,1,2019-S1
Grupo_1814,Activo,2019-01-31,Atacocha,Nexa Resources,['CP San Juan de Milpo'],PASCO,['CP San Juan de Milpo'],2019,1,2019-S1
Grupo_829,Activo,2019-02-28,Antamina,Antamina,"['CP Carhuayoc', 'CP Cátac']",ÁNCASH,"['CP Carhuayoc', 'CP Catac']",2019,1,2019-S1
Grupo_481,Activo,2019-02-28,Antamina,Antamina,"['CP Ayash Pichiú', 'CP Santa Cruz Pichiú']",ÁNCASH,"['CP Ayash Pichiu', 'Santa Cruz Pichiu']",2019,1,2019-S1
Grupo_1740,Activo,2019-02-28,Antamina,Antamina,"['Huaripampa Alto', 'Huaripampa Centro', 'Huaripampa Bajo']",ÁNCASH,"['Huaripampa Alto', 'Huaripampa Central', 'Huaripampa Baja']",2019,1,2019-S1
Grupo_1749,Activo,2019-02-28,Antamina,Antamina,"['CP Ango Raju', 'CP Carhuayoc']",ÁNCASH,"['Huaraz', 'CP Carhuayoc']",2019,1,2019-S1
Grupo_1237,Activo,2019-02-28,Las Bambas,Las Bambas,"['CP Tambulla', 'Distrito Chalhuahuacho']",APURÍMAC,"['CP Tambulla', 'Chalhuahuacho']",2019,1,2019-S1
Grupo_1760,Activo,2019-02-28,Quellaveco,Angloamerican,"['Valle de Tambo (Punta de Bombón)', 'Irrigación Ensenada - Mejía - Mollendo de la provincia Islay']",AREQUIPA,"['Valle de Tambo', 'Mejía Islay']",2019,1,2019-S1
Grupo_1251,Activo,2019-02-28,Cerro Corona,Gold Fields,['Distrito de Hualgayoc'],CAJAMARCA,['Hualgayoc'],2019,1,2019-S1
Grupo_1768,Activo,2019-02-28,Cerro Corona,Gold Fields,['CP Tingo'],CAJAMARCA,['CP Tingo'],2019,1,2019-S1
Grupo_1854,Activo,2019-02-28,Las Bambas,Las Bambas,['CP Fuerabamba'],CUSCO,['CP Fuerabamba'],2019,1,2019-S1
Grupo_1421,Activo,2019-02-28,Antapaccay,Antapaccay,['Provincia de Espinar'],CUSCO,['Espinar'],2019,1,2019-S1
Grupo_1776,Activo,2019-02-28,Las Bambas,Las Bambas,"['Distrito de Velille', 'CP Tuntuma', 'CP Casa Blanca', 'CP Ccollana', 'CP Cullahuata', 'CP Urasana', 'CP Ayaccasi', 'CP Alccavictoria', 'CP Chacapampa']",CUSCO,"['Velille', 'CP Tuntuma', 'CP Casa Blanca', 'CP Ccollana', 'CP Cullahuata', 'CP Urasana', 'CP Ayaccasi', 'Vvelille', 'CP Chacapampa']",2019,1,2019-S1
Grupo_606,Activo,2019-02-28,Toromocho,Chinalco,"['CP Morococha', 'CP Nueva Ciudad Morococha']",JUNÍN,"['CP Morococha', 'CP Morococha']",2019,1,2019-S1
Grupo_1814,Activo,2019-02-28,Atacocha,Nexa Resources,['CP San Juan de Milpo'],PASCO,['CP San Juan de Milpo'],2019,1,2019-S1
Grupo_829,Activo,2019-03-31,Antamina,Antamina,"['CP Carhuayoc', 'CP Cátac']",ÁNCASH,"['CP Carhuayoc', 'CP Catac']",2019,1,2019-S1
Grupo_481,Activo,2019-03-31,Antamina,Antamina,"['CP Ayash Pichiú', 'CP Santa Cruz Pichiú']",ÁNCASH,"['CP Ayash Pichiu', 'Santa Cruz Pichiu']",2019,1,2019-S1
Grupo_1740,Activo,2019-03-31,Antamina,Antamina,"['Huaripampa Alto', 'Huaripampa Centro', 'Huaripampa Bajo']",ÁNCASH,"['Huaripampa Alto', 'Huaripampa Central', 'Huaripampa Baja']",2019,1,2019-S1
Grupo_1749,Activo,2019-03-31,Antamina,Antamina,"['CP Ango Raju', 'CP Carhuayoc']",ÁNCASH,"['Huaraz', 'CP Carhuayoc']",2019,1,2019-S1
Grupo_1237,Activo,2019-03-31,Las Bambas,Las Bambas,"['CP Tambulla', 'Distrito Chalhuahuacho']",APURÍMAC,"['CP Tambulla', 'Chalhuahuacho']",2019,1,2019-S1
Grupo_1760,Activo,2019-03-31,Quellaveco,Angloamerican,"['Valle de Tambo (Punta de Bombón)', 'Irrigación Ensenada - Mejía - Mollendo de la provincia Islay']",AREQUIPA,"['Valle de Tambo', 'Mejía Islay']",2019,1,2019-S1
Grupo_1251,Activo,2019-03-31,Cerro Corona,Gold Fields,['Distrito de Hualgayoc'],CAJAMARCA,['Hualgayoc'],2019,1,2019-S1
Grupo_1768,Activo,2019-03-31,Cerro Corona,Gold Fields,['CP Tingo'],CAJAMARCA,['CP Tingo'],2019,1,2019-S1
Grupo_1852,Activo,2019-03-31,Las Bambas,Las Bambas,"['Provincia de Chumbivilcas', 'Distrito de Velille', 'Distrito de Capacmarca', 'Distrito de Quiñota', 'Distrito de Chamaca', 'Distrito de Livitaca', 'Distrito de Llusco', 'CP Huaylla Huaylla']",CUSCO,"['Chumbivilcas', 'Velille', 'Capacmarca', 'Quiñota', 'Chamaca', 'Livitaca', 'Llusco', 'CP Huaylla Huaylla']",2019,1,2019-S1
Grupo_1853,Activo,2019-03-31,Las Bambas,Las Bambas,"['Provincia de Paruro', 'Distrito Paccarectambo', 'Distrito Yaurisque', 'Distrito Ccapi', 'Distrito Huanoquite']",CUSCO,"['Paruro', 'Paccarectambo', 'Yaurisque', 'Ccapi', 'Huanoquite']",2019,1,2019-S1
Grupo_1854,Activo,2019-03-31,Las Bambas,Las Bambas,['CP Fuerabamba'],CUSCO,['CP Fuerabamba'],2019,1,2019-S1
Grupo_1421,Activo,2019-03-31,Antapaccay,Antapaccay,['Provincia de Espinar'],CUSCO,['Espinar'],2019,1,2019-S1
Grupo_1776,Activo,2019-03-31,Las Bambas,Las Bambas,"['Distrito de Velille', 'CP Tuntuma', 'CP Casa Blanca', 'CP Ccollana', 'CP Cullahuata', 'CP Urasana', 'CP Ayaccasi', 'CP Alccavictoria', 'CP Chacapampa']",CUSCO,"['Velille', 'CP Tuntuma', 'CP Casa Blanca', 'CP Ccollana', 'CP Cullahuata', 'CP Urasana', 'CP Ayaccasi', 'Vvelille', 'CP Chacapampa']",2019,1,2019-S1
Grupo_606,Activo,2019-03-31,Toromocho,Chinalco,"['CP Morococha', 'CP Nueva Ciudad Morococha']",JUNÍN,"['CP Morococha', 'CP Morococha']",2019,1,2019-S1
Grupo_1870,Activo,2019-03-31,Atacocha,Nexa Resources,['CP San Pablo de Ticlacayán'],PASCO,['San Pablo de Ticlacayán'],2019,1,2019-S1
Grupo_1814,Activo,2019-03-31,Atacocha,Nexa Resources,['CP San Juan de Milpo'],PASCO,['CP San Juan de Milpo'],2019,1,2019-S1
Grupo_829,Activo,2019-04-30,Antamina,Antamina,"['CP Carhuayoc', 'CP Cátac']",ÁNCASH,"['CP Carhuayoc', 'CP Catac']",2019,1,2019-S1
Grupo_481,Activo,2019-04-30,Antamina,Antamina,"['CP Ayash Pichiú', 'CP Santa Cruz Pichiú']",ÁNCASH,"['CP Ayash Pichiu', 'Santa Cruz Pichiu']",2019,1,2019-S1
Grupo_1740,Activo,2019-04-30,Antamina,Antamina,"['Huaripampa Alto', 'Huaripampa Centro', 'Huaripampa Bajo']",ÁNCASH,"['Huaripampa Alto', 'Huaripampa Central', 'Huaripampa Baja']",2019,1,2019-S1
Grupo_1749,Activo,2019-04-30,Antamina,Antamina,"['CP Ango Raju', 'CP Carhuayoc']",ÁNCASH,"['Huaraz', 'CP Carhuayoc']",2019,1,2019-S1
Grupo_1237,Activo,2019-04-30,Las Bambas,Las Bambas,"['CP Tambulla', 'Distrito Chalhuahuacho']",APURÍMAC,"['CP Tambulla', 'Chalhuahuacho']",2019,1,2019-S1
Grupo_1760,Activo,2019-04-30,Quellaveco,Angloamerican,"['Valle de Tambo (Punta de Bombón)', 'Irrigación Ensenada - Mejía - Mollendo de la provincia Islay']",AREQUIPA,"['Valle de Tambo', 'Mejía Islay']",2019,1,2019-S1
Grupo_1251,Activo,2019-04-30,Cerro Corona,Gold Fields,['Distrito de Hualgayoc'],CAJAMARCA,['Hualgayoc'],2019,1,2019-S1
Grupo_1768,Activo,2019-04-30,Cerro Corona,Gold Fields,['CP Tingo'],CAJAMARCA,['CP Tingo'],2019,1,2019-S1
Grupo_1852,Activo,2019-04-30,Las Bambas,Las Bambas,"['Provincia de Chumbivilcas', 'Distrito de Velille', 'Distrito de Capacmarca', 'Distrito de Quiñota', 'Distrito de Chamaca', 'Distrito de Livitaca', 'Distrito de Llusco', 'CP Huaylla Huaylla']",CUSCO,"['Chumbivilcas', 'Velille', 'Capacmarca', 'Quiñota', 'Chamaca', 'Livitaca', 'Llusco', 'CP Huaylla Huaylla']",2019,1,2019-S1
Grupo_1853,Activo,2019-04-30,Las Bambas,Las Bambas,"['Provincia de Paruro', 'Distrito Paccarectambo', 'Distrito Yaurisque', 'Distrito Ccapi', 'Distrito Huanoquite']",CUSCO,"['Paruro', 'Paccarectambo', 'Yaurisque', 'Ccapi', 'Huanoquite']",2019,1,2019-S1
Grupo_1854,Activo,2019-04-30,Las Bambas,Las Bambas,['CP Fuerabamba'],CUSCO,['CP Fuerabamba'],2019,1,2019-S1
Grupo_1421,Activo,2019-04-30,Antapaccay,Antapaccay,['Provincia de Espinar'],CUSCO,['Espinar'],2019,1,2019-S1
Grupo_1776,Activo,2019-04-30,Las Bambas,Las Bambas,"['Distrito de Velille', 'CP Tuntuma', 'CP Casa Blanca', 'CP Ccollana', 'CP Cullahuata', 'CP Urasana', 'CP Ayaccasi', 'CP Alccavictoria', 'CP Chacapampa']",CUSCO,"['Velille', 'CP Tuntuma', 'CP Casa Blanca', 'CP Ccollana', 'CP Cullahuata', 'CP Urasana', 'CP Ayaccasi', 'Vvelille', 'CP Chacapampa']",2019,1,2019-S1
Grupo_606,Activo,2019-04-30,Toromocho,Chinalco,"['CP Morococha', 'CP Nueva Ciudad Morococha']",JUNÍN,"['CP Morococha', 'CP Morococha']",2019,1,2019-S1
Grupo_1870,Activo,2019-04-30,Atacocha,Nexa Resources,['CP San Pablo de Ticlacayán'],PASCO,['San Pablo de Ticlacayán'],2019,1,2019-S1
Grupo_1814,Activo,2019-04-30,Atacocha,Nexa Resources,['CP San Juan de Milpo'],PASCO,['CP San Juan de Milpo'],2019,1,2019-S1
Grupo_829,Activo,2019-05-31,Antamina,Antamina,"['CP Carhuayoc', 'CP Cátac']",ÁNCASH,"['CP Carhuayoc', 'CP Catac']",2019,1,2019-S1
Grupo_481,Activo,2019-05-31,Antamina,Antamina,"['CP Ayash Pichiú', 'CP Santa Cruz Pichiú']",ÁNCASH,"['CP Ayash Pichiu', 'Santa Cruz Pichiu']",2019,1,2019-S1
Grupo_1740,Activo,2019-05-31,Antamina,Antamina,"['Huaripampa Alto', 'Huaripampa Centro', 'Huaripampa Bajo']",ÁNCASH,"['Huaripampa Alto', 'Huaripampa Central', 'Huaripampa Baja']",2019,1,2019-S1
Grupo_1749,Activo,2019-05-31,Antamina,Antamina,"['CP Ango Raju', 'CP Carhuayoc']",ÁNCASH,"['Huaraz', 'CP Carhuayoc']",2019,1,2019-S1
Grupo_1237,Activo,2019-05-31,Las Bambas,Las Bambas,"['CP Tambulla', 'Distrito Chalhuahuacho']",APURÍMAC,"['CP Tambulla', 'Chalhuahuacho']",2019,1,2019-S1
Grupo_1251,Activo,2019-05-31,Cerro Corona,Gold Fields,['Distrito de Hualgayoc'],CAJAMARCA,['Hualgayoc'],2019,1,2019-S1
Grupo_1768,Activo,2019-05-31,Cerro Corona,Gold Fields,['CP Tingo'],CAJAMARCA,['CP Tingo'],2019,1,2019-S1
Grupo_1852,Activo,2019-05-31,Las Bambas,Las Bambas,"['Provincia de Chumbivilcas', 'Distrito de Velille', 'Distrito de Capacmarca', 'Distrito de Quiñota', 'Distrito de Chamaca', 'Distrito de Livitaca', 'Distrito de Llusco', 'CP Huaylla Huaylla']",CUSCO,"['Chumbivilcas', 'Velille', 'Capacmarca', 'Quiñota', 'Chamaca', 'Livitaca', 'Llusco', 'CP Huaylla Huaylla']",2019,1,2019-S1
Grupo_1853,Activo,2019-05-31,Las Bambas,Las Bambas,"['Provincia de Paruro', 'Distrito Paccarectambo', 'Distrito Yaurisque', 'Distrito Ccapi', 'Distrito Huanoquite']",CUSCO,"['Paruro', 'Paccarectambo', 'Yaurisque', 'Ccapi', 'Huanoquite']",2019,1,2019-S1
Grupo_1854,Activo,2019-05-31,Las Bambas,Las Bambas,['CP Fuerabamba'],CUSCO,['CP Fuerabamba'],2019,1,2019-S1
Grupo_1421,Activo,2019-05-31,Antapaccay,Antapaccay,['Provincia de Espinar'],CUSCO,['Espinar'],2019,1,2019-S1
Grupo_1776,Activo,2019-05-31,Las Bambas,Las Bambas,"['Distrito de Velille', 'CP Tuntuma', 'CP Casa Blanca', 'CP Ccollana', 'CP Cullahuata', 'CP Urasana', 'CP Ayaccasi', 'CP Alccavictoria', 'CP Chacapampa']",CUSCO,"['Velille', 'CP Tuntuma', 'CP Casa Blanca', 'CP Ccollana', 'CP Cullahuata', 'CP Urasana', 'CP Ayaccasi', 'Vvelille', 'CP Chacapampa']",2019,1,2019-S1
Grupo_606,Activo,2019-05-31,Toromocho,Chinalco,"['CP Morococha', 'CP Nueva Ciudad Morococha']",JUNÍN,"['CP Morococha', 'CP Morococha']",2019,1,2019-S1
Grupo_1870,Activo,2019-05-31,Atacocha,Nexa Resources,['CP San Pablo de Ticlacayán'],PASCO,['San Pablo de Ticlacayán'],2019,1,2019-S1
Grupo_1814,Activo,2019-05-31,Atacocha,Nexa Resources,['CP San Juan de Milpo'],PASCO,['CP San Juan de Milpo'],2019,1,2019-S1
Grupo_829,Activo,2019-06-30,Antamina,Antamina,"['CP Carhuayoc', 'CP Cátac']",ÁNCASH,"['CP Carhuayoc', 'CP Catac']",2019,1,2019-S1
Grupo_481,Activo,2019-06-30,Antamina,Antamina,"['CP Ayash Pichiú', 'CP Santa Cruz Pichiú']",ÁNCASH,"['CP Ayash Pichiu', 'Santa Cruz Pichiu']",2019,1,2019-S1
Grupo_1740,Activo,2019-06-30,Antamina,Antamina,"['Huaripampa Alto', 'Huaripampa Centro', 'Huaripampa Bajo']",ÁNCASH,"['Huaripampa Alto', 'Huaripampa Central', 'Huaripampa Baja']",2019,1,2019-S1
Grupo_1749,Activo,2019-06-30,Antamina,Antamina,"['CP Ango Raju', 'CP Carhuayoc']",ÁNCASH,"['Huaraz', 'CP Carhuayoc']",2019,1,2019-S1
Grupo_1237,Activo,2019-06-30,Las Bambas,Las Bambas,"['CP Tambulla', 'Distrito Chalhuahuacho']",APURÍMAC,"['CP Tambulla', 'Chalhuahuacho']",2019,1,2019-S1
Grupo_1251,Activo,2019-06-30,Cerro Corona,Gold Fields,['Distrito de Hualgayoc'],CAJAMARCA,['Hualgayoc'],2019,1,2019-S1
Grupo_1768,Activo,2019-06-30,Cerro Corona,Gold Fields,['CP Tingo'],CAJAMARCA,['CP Tingo'],2019,1,2019-S1
Grupo_1852,Activo,2019-06-30,Las Bambas,Las Bambas,"['Provincia de Chumbivilcas', 'Distrito de Velille', 'Distrito de Capacmarca', 'Distrito de Quiñota', 'Distrito de Chamaca', 'Distrito de Livitaca', 'Distrito de Llusco', 'CP Huaylla Huaylla']",CUSCO,"['Chumbivilcas', 'Velille', 'Capacmarca', 'Quiñota', 'Chamaca', 'Livitaca', 'Llusco', 'CP Huaylla Huaylla']",2019,1,2019-S1
Grupo_1853,Activo,2019-06-30,Las Bambas,Las Bambas,"['Provincia de Paruro', 'Distrito Paccarectambo', 'Distrito Yaurisque', 'Distrito Ccapi', 'Distrito Huanoquite']",CUSCO,"['Paruro', 'Paccarectambo', 'Yaurisque', 'Ccapi', 'Huanoquite']",2019,1,2019-S1
Grupo_1854,Activo,2019-06-30,Las Bambas,Las Bambas,['CP Fuerabamba'],CUSCO,['CP Fuerabamba'],2019,1,2019-S1
Grupo_1421,Activo,2019-06-30,Antapaccay,Antapaccay,['Provincia de Espinar'],CUSCO,['Espinar'],2019,1,2019-S1
Grupo_1776,Activo,2019-06-30,Las Bambas,Las Bambas,"['Distrito de Velille', 'CP Tuntuma', 'CP Casa Blanca', 'CP Ccollana', 'CP Cullahuata', 'CP Urasana', 'CP Ayaccasi', 'CP Alccavictoria', 'CP Chacapampa']",CUSCO,"['Velille', 'CP Tuntuma', 'CP Casa Blanca', 'CP Ccollana', 'CP Cullahuata', 'CP Urasana', 'CP Ayaccasi', 'Vvelille', 'CP Chacapampa']",2019,1,2019-S1
Grupo_606,Activo,2019-06-30,Toromocho,Chinalco,"['CP Morococha', 'CP Nueva Ciudad Morococha']",JUNÍN,"['CP Morococha', 'CP Morococha']",2019,1,2019-S1
Grupo_1870,Activo,2019-06-30,Atacocha,Nexa Resources,['CP San Pablo de Ticlacayán'],PASCO,['San Pablo de Ticlacayán'],2019,1,2019-S1
Grupo_1814,Activo,2019-06-30,Atacocha,Nexa Resources,['CP San Juan de Milpo'],PASCO,['CP San Juan de Milpo'],2019,1,2019-S1
Grupo_829,Activo,2019-10-31,Antamina,Antamina,"['CP Carhuayoc', 'CP Cátac']",ÁNCASH,"['CP Carhuayoc', 'CP Catac']",2019,2,2019-S2
Grupo_481,Activo,2019-10-31,Antamina,Antamina,"['CP Ayash Pichiú', 'CP Santa Cruz Pichiú']",ÁNCASH,"['CP Ayash Pichiu', 'Santa Cruz Pichiu']",2019,2,2019-S2
Grupo_1740,Activo,2019-10-31,Antamina,Antamina,"['Huaripampa Alto', 'Huaripampa Centro', 'Huaripampa Bajo']",ÁNCASH,"['Huaripampa Alto', 'Huaripampa Central', 'Huaripampa Baja']",2019,2,2019-S2
Grupo_1749,Activo,2019-10-31,Antamina,Antamina,"['CP Ango Raju', 'CP Carhuayoc']",ÁNCASH,"['Huaraz', 'CP Carhuayoc']",2019,2,2019-S2
Grupo_1237,Activo,2019-10-31,Las Bambas,Las Bambas,"['CP Tambulla', 'Distrito Chalhuahuacho']",APURÍMAC,"['CP Tambulla', 'Chalhuahuacho']",2019,2,2019-S2
Grupo_1251,Activo,2019-10-31,Cerro Corona,Gold Fields,['Distrito de Hualgayoc'],CAJAMARCA,['Hualgayoc'],2019,2,2019-S2
Grupo_1853,Activo,2019-10-31,Las Bambas,Las Bambas,"['Provincia de Paruro', 'Distrito Paccarectambo', 'Distrito Yaurisque', 'Distrito Ccapi', 'Distrito Huanoquite']",CUSCO,"['Paruro', 'Paccarectambo', 'Yaurisque', 'Ccapi', 'Huanoquite']",2019,2,2019-S2
Grupo_1852,Activo,2019-10-31,Las Bambas,Las Bambas,"['Provincia de Chumbivilcas', 'Distrito de Velille', 'Distrito de Capacmarca', 'Distrito de Quiñota', 'Distrito de Chamaca', 'Distrito de Livitaca', 'Distrito de Llusco', 'CP Huaylla Huaylla']",CUSCO,"['Chumbivilcas', 'Velille', 'Capacmarca', 'Quiñota', 'Chamaca', 'Livitaca', 'Llusco', 'CP Huaylla Huaylla']",2019,2,2019-S2
Grupo_1854,Activo,2019-10-31,Las Bambas,Las Bambas,['CP Fuerabamba'],CUSCO,['CP Fuerabamba'],2019,2,2019-S2
Grupo_1421,Activo,2019-10-31,Antapaccay,Antapaccay,['Provincia de Espinar'],CUSCO,['Espinar'],2019,2,2019-S2
Grupo_1776,Activo,2019-10-31,Las Bambas,Las Bambas,"['Distrito de Velille', 'CP Tuntuma', 'CP Casa Blanca', 'CP Ccollana', 'CP Cullahuata', 'CP Urasana', 'CP Ayaccasi', 'CP Alccavictoria', 'CP Chacapampa']",CUSCO,"['Velille', 'CP Tuntuma', 'CP Casa Blanca', 'CP Ccollana', 'CP Cullahuata', 'CP Urasana', 'CP Ayaccasi', 'Vvelille', 'CP Chacapampa']",2019,2,2019-S2
Grupo_606,Activo,2019-10-31,Toromocho,Chinalco,"['CP Morococha', 'CP Nueva Ciudad Morococha']",JUNÍN,"['CP Morococha', 'CP Morococha']",2019,2,2019-S2
Grupo_1867,Activo,2019-10-31,Quellaveco,Angloamerican,['CP Tumilaca'],MOQUEGUA,['CP Tumilaca'],2019,2,2019-S2
Grupo_1870,Activo,2019-10-31,Atacocha,Nexa Resources,['CP San Pablo de Ticlacayán'],PASCO,['San Pablo de Ticlacayán'],2019,2,2019-S2
Grupo_1814,Activo,2019-10-31,Atacocha,Nexa Resources,['CP San Juan de Milpo'],PASCO,['CP San Juan de Milpo'],2019,2,2019-S2
Grupo_829,Activo,2020-01-31,Antamina,Antamina,"['CP Carhuayoc', 'CP Cátac']",ÁNCASH,"['CP Carhuayoc', 'CP Catac']",2020,1,2020-S1
Grupo_481,Activo,2020-01-31,Antamina,Antamina,"['CP Ayash Pichiú', 'CP Santa Cruz Pichiú']",ÁNCASH,"['CP Ayash Pichiu', 'Santa Cruz Pichiu']",2020,1,2020-S1
Grupo_1740,Activo,2020-01-31,Antamina,Antamina,"['Huaripampa Alto', 'Huaripampa Centro', 'Huaripampa Bajo']",ÁNCASH,"['Huaripampa Alto', 'Huaripampa Central', 'Huaripampa Baja']",2020,1,2020-S1
Grupo_1749,Activo,2020-01-31,Antamina,Antamina,"['CP Ango Raju', 'CP Carhuayoc']",ÁNCASH,"['Huaraz', 'CP Carhuayoc']",2020,1,2020-S1
Grupo_1237,Activo,2020-01-31,Las Bambas,Las Bambas,"['CP Tambulla', 'Distrito Chalhuahuacho']",APURÍMAC,"['CP Tambulla', 'Chalhuahuacho']",2020,1,2020-S1
Grupo_1884,Activo,2020-01-31,Yanacocha,Newmont,"['CP Totoracocha', 'CP El Alumbre']",CAJAMARCA,"['CP Totoracocha', 'CP El Alumbre']",2020,1,2020-S1
Grupo_1251,Activo,2020-01-31,Cerro Corona,Gold Fields,['Distrito de Hualgayoc'],CAJAMARCA,['Hualgayoc'],2020,1,2020-S1
Grupo_1889,Activo,2020-01-31,Antapaccay,Antapaccay,"['Distrito de Pallpata', 'Huacroyuta Marquiri', 'Huarcapata', 'Chorrillo', 'Antacama', 'Pallpata', 'Canlletera', 'Cruz Pampa', 'Pirhuayani', 'Mamanocca', 'Jaruma Alccasana', 'Distrito de Alto Pichigua', 'Distrito de Pichigua Pichigua', 'Distrito de Condorama', 'Distrito de Ocoruro']",CUSCO,"['Pallpata', 'Pallpata', 'Huarcapata', 'Chorrillo', 'Atacama', 'Pallpata', 'Pallpata', 'Cruz Pampa', 'Pirhuayani', 'Mamanocca', 'Pallpata', 'Alto Pichigua', 'Pichigua Pichigua', 'Condorama', 'Ocoruro']",2020,1,2020-S1
Grupo_1885,Activo,2020-01-31,Antapaccay,Glencore,"['CC Huano Huano', 'CC Cala Cala', 'CC Huisa', 'CC Paco Pata', 'CC Tintaya Marquiri', 'CC Alto Huancané', 'CC Huancané Bajo', 'CC Alto Huarca', 'CC Huarca', 'CC Anta Ccollana', 'CC Huisa Ccollana', 'CC Huini Coroccohuayco']",CUSCO,"['CC Huano Huano', 'CC Cala Cala', 'CC Huisa', 'Pacopata', 'Tintaya Marquiri', 'Alto Huancane', 'Huancane Bajo', 'CC Alto Huarca', 'CC Huarca', 'Anta Ccollana', 'Espinar', 'Espinar']",2020,1,2020-S1
Grupo_1853,Activo,2020-01-31,Las Bambas,Las Bambas,"['Provincia de Paruro', 'Distrito Paccarectambo', 'Distrito Yaurisque', 'Distrito Ccapi', 'Distrito Huanoquite']",CUSCO,"['Paruro', 'Paccarectambo', 'Yaurisque', 'Ccapi', 'Huanoquite']",2020,1,2020-S1
Grupo_1852,Activo,2020-01-31,Las Bambas,Las Bambas,"['Provincia de Chumbivilcas', 'Distrito de Velille', 'Distrito de Capacmarca', 'Distrito de Quiñota', 'Distrito de Chamaca', 'Distrito de Livitaca', 'Distrito de Llusco', 'CP Huaylla Huaylla']",CUSCO,"['Chumbivilcas', 'Velille', 'Capacmarca', 'Quiñota', 'Chamaca', 'Livitaca', 'Llusco', 'CP Huaylla Huaylla']",2020,1,2020-S1
Grupo_1854,Activo,2020-01-31,Las Bambas,Las Bambas,['CP Fuerabamba'],CUSCO,['CP Fuerabamba'],2020,1,2020-S1
Grupo_1421,Activo,2020-01-31,Antapaccay,Antapaccay,['Provincia de Espinar'],CUSCO,['Espinar'],2020,1,2020-S1
Grupo_1776,Activo,2020-01-31,Las Bambas,Las Bambas,"['Distrito de Velille', 'CP Tuntuma', 'CP Casa Blanca', 'CP Ccollana', 'CP Cullahuata', 'CP Urasana', 'CP Ayaccasi', 'CP Alccavictoria', 'CP Chacapampa']",CUSCO,"['Velille', 'CP Tuntuma', 'CP Casa Blanca', 'CP Ccollana', 'CP Cullahuata', 'CP Urasana', 'CP Ayaccasi', 'Vvelille', 'CP Chacapampa']",2020,1,2020-S1
Grupo_606,Activo,2020-01-31,Toromocho,Chinalco,"['CP Morococha', 'CP Nueva Ciudad Morococha']",JUNÍN,"['CP Morococha', 'CP Morococha']",2020,1,2020-S1
Grupo_1867,Activo,2020-01-31,Quellaveco,Angloamerican,['CP Tumilaca'],MOQUEGUA,['CP Tumilaca'],2020,1,2020-S1
Grupo_1870,Activo,2020-01-31,Atacocha,Nexa Resources,['CP San Pablo de Ticlacayán'],PASCO,['San Pablo de Ticlacayán'],2020,1,2020-S1
Grupo_1814,Activo,2020-01-31,Atacocha,Nexa Resources,['CP San Juan de Milpo'],PASCO,['CP San Juan de Milpo'],2020,1,2020-S1
Grupo_829,Activo,2018-07-31,Antamina,Antamina,"['CP Carhuayoc', 'CP Cátac']",ÁNCASH,"['CP Carhuayoc', 'CP Catac']",2018,2,2018-S2
Grupo_481,Activo,2018-07-31,Antamina,Antamina,"['CP Ayash Pichiú', 'CP Santa Cruz Pichiú']",ÁNCASH,"['CP Ayash Pichiu', 'Santa Cruz Pichiu']",2018,2,2018-S2
Grupo_1740,Activo,2018-07-31,Antamina,Antamina,"['Huaripampa Alto', 'Huaripampa Centro', 'Huaripampa Bajo']",ÁNCASH,"['Huaripampa Alto', 'Huaripampa Central', 'Huaripampa Baja']",2018,2,2018-S2
Grupo_1749,Activo,2018-07-31,Antamina,Antamina,"['CP Ango Raju', 'CP Carhuayoc']",ÁNCASH,"['Huaraz', 'CP Carhuayoc']",2018,2,2018-S2
Grupo_1237,Activo,2018-07-31,Las Bambas,Las Bambas,"['CP Tambulla', 'Distrito Chalhuahuacho']",APURÍMAC,"['CP Tambulla', 'Chalhuahuacho']",2018,2,2018-S2
Grupo_1251,Activo,2018-07-31,Cerro Corona,Gold Fields,['Distrito de Hualgayoc'],CAJAMARCA,['Hualgayoc'],2018,2,2018-S2
Grupo_1768,Activo,2018-07-31,Cerro Corona,Gold Fields,['CP Tingo'],CAJAMARCA,['CP Tingo'],2018,2,2018-S2
Grupo_1421,Activo,2018-07-31,Antapaccay,Antapaccay,['Provincia de Espinar'],CUSCO,['Espinar'],2018,2,2018-S2
Grupo_1776,Activo,2018-07-31,Las Bambas,Las Bambas,"['Distrito de Velille', 'CP Tuntuma', 'CP Casa Blanca', 'CP Ccollana', 'CP Cullahuata', 'CP Urasana', 'CP Ayaccasi', 'CP Alccavictoria', 'CP Chacapampa']",CUSCO,"['Velille', 'CP Tuntuma', 'CP Casa Blanca', 'CP Ccollana', 'CP Cullahuata', 'CP Urasana', 'CP Ayaccasi', 'Vvelille', 'CP Chacapampa']",2018,2,2018-S2
Grupo_1783,Activo,2018-07-31,Antamina,Antamina,['Distrito de Llata'],HUÁNUCO,['Llata'],2018,2,2018-S2
Grupo_606,Activo,2018-07-31,Toromocho,Chinalco,"['CP Morococha', 'CP Nueva Ciudad Morococha']",JUNÍN,"['CP Morococha', 'CP Morococha']",2018,2,2018-S2
Grupo_1814,Activo,2018-07-31,Atacocha,Nexa Resources,['CP San Juan de Milpo'],PASCO,['CP San Juan de Milpo'],2018,2,2018-S2
Grupo_1749,Activo,2020-02-29,Antamina,Antamina,"['CP Ango Raju', 'CP Carhuayoc']",ÁNCASH,"['Huaraz', 'CP Carhuayoc']",2020,1,2020-S1
Grupo_1740,Activo,2020-02-29,Antamina,Antamina,"['Huaripampa Alto', 'Huaripampa Centro', 'Huaripampa Bajo']",ÁNCASH,"['Huaripampa Alto', 'Huaripampa Central', 'Huaripampa Baja']",2020,1,2020-S1
Grupo_829,Activo,2020-02-29,Antamina,Antamina,"['CP Carhuayoc', 'CP Cátac']",ÁNCASH,"['CP Carhuayoc', 'CP Catac']",2020,1,2020-S1
Grupo_481,Activo,2020-02-29,Antamina,Antamina,"['CP Ayash Pichiú', 'CP Santa Cruz Pichiú']",ÁNCASH,"['CP Ayash Pichiu', 'Santa Cruz Pichiu']",2020,1,2020-S1
Grupo_1237,Activo,2020-02-29,Las Bambas,Las Bambas,"['CP Tambulla', 'Distrito Chalhuahuacho']",APURÍMAC,"['CP Tambulla', 'Chalhuahuacho']",2020,1,2020-S1
Grupo_1884,Activo,2020-02-29,Yanacocha,Newmont,"['CP Totoracocha', 'CP El Alumbre']",CAJAMARCA,"['CP Totoracocha', 'CP El Alumbre']",2020,1,2020-S1
Grupo_1251,Activo,2020-02-29,Cerro Corona,Gold Fields,['Distrito de Hualgayoc'],CAJAMARCA,['Hualgayoc'],2020,1,2020-S1
Grupo_1889,Activo,2020-02-29,Antapaccay,Antapaccay,"['Distrito de Pallpata', 'Huacroyuta Marquiri', 'Huarcapata', 'Chorrillo', 'Antacama', 'Pallpata', 'Canlletera', 'Cruz Pampa', 'Pirhuayani', 'Mamanocca', 'Jaruma Alccasana', 'Distrito de Alto Pichigua', 'Distrito de Pichigua Pichigua', 'Distrito de Condorama', 'Distrito de Ocoruro']",CUSCO,"['Pallpata', 'Pallpata', 'Huarcapata', 'Chorrillo', 'Atacama', 'Pallpata', 'Pallpata', 'Cruz Pampa', 'Pirhuayani', 'Mamanocca', 'Pallpata', 'Alto Pichigua', 'Pichigua Pichigua', 'Condorama', 'Ocoruro']",2020,1,2020-S1
Grupo_1885,Activo,2020-02-29,Antapaccay,Glencore,"['CC Huano Huano', 'CC Cala Cala', 'CC Huisa', 'CC Paco Pata', 'CC Tintaya Marquiri', 'CC Alto Huancané', 'CC Huancané Bajo', 'CC Alto Huarca', 'CC Huarca', 'CC Anta Ccollana', 'CC Huisa Ccollana', 'CC Huini Coroccohuayco']",CUSCO,"['CC Huano Huano', 'CC Cala Cala', 'CC Huisa', 'Pacopata', 'Tintaya Marquiri', 'Alto Huancane', 'Huancane Bajo', 'CC Alto Huarca', 'CC Huarca', 'Anta Ccollana', 'Espinar', 'Espinar']",2020,1,2020-S1
Grupo_1852,Activo,2020-02-29,Las Bambas,Las Bambas,"['Provincia de Chumbivilcas', 'Distrito de Velille', 'Distrito de Capacmarca', 'Distrito de Quiñota', 'Distrito de Chamaca', 'Distrito de Livitaca', 'Distrito de Llusco', 'CP Huaylla Huaylla']",CUSCO,"['Chumbivilcas', 'Velille', 'Capacmarca', 'Quiñota', 'Chamaca', 'Livitaca', 'Llusco', 'CP Huaylla Huaylla']",2020,1,2020-S1
Grupo_1853,Activo,2020-02-29,Las Bambas,Las Bambas,"['Provincia de Paruro', 'Distrito Paccarectambo', 'Distrito Yaurisque', 'Distrito Ccapi', 'Distrito Huanoquite']",CUSCO,"['Paruro', 'Paccarectambo', 'Yaurisque', 'Ccapi', 'Huanoquite']",2020,1,2020-S1
Grupo_1854,Activo,2020-02-29,Las Bambas,Las Bambas,['CP Fuerabamba'],CUSCO,['CP Fuerabamba'],2020,1,2020-S1
Grupo_1776,Activo,2020-02-29,Las Bambas,Las Bambas,"['Distrito de Velille', 'CP Tuntuma', 'CP Casa Blanca', 'CP Ccollana', 'CP Cullahuata', 'CP Urasana', 'CP Ayaccasi', 'CP Alccavictoria', 'CP Chacapampa']",CUSCO,"['Velille', 'CP Tuntuma', 'CP Casa Blanca', 'CP Ccollana', 'CP Cullahuata', 'CP Urasana', 'CP Ayaccasi', 'Vvelille', 'CP Chacapampa']",2020,1,2020-S1
Grupo_1421,Activo,2020-02-29,Antapaccay,Antapaccay,['Provincia de Espinar'],CUSCO,['Espinar'],2020,1,2020-S1
Grupo_606,Activo,2020-02-29,Toromocho,Chinalco,"['CP Morococha', 'CP Nueva Ciudad Morococha']",JUNÍN,"['CP Morococha', 'CP Morococha']",2020,1,2020-S1
Grupo_1867,Activo,2020-02-29,Quellaveco,Angloamerican,['CP Tumilaca'],MOQUEGUA,['CP Tumilaca'],2020,1,2020-S1
Grupo_1870,Activo,2020-02-29,Atacocha,Nexa Resources,['CP San Pablo de Ticlacayán'],PASCO,['San Pablo de Ticlacayán'],2020,1,2020-S1
Grupo_1814,Activo,2020-02-29,Atacocha,Nexa Resources,['CP San Juan de Milpo'],PASCO,['CP San Juan de Milpo'],2020,1,2020-S1
Grupo_1749,Activo,2020-03-31,Antamina,Antamina,"['CP Ango Raju', 'CP Carhuayoc']",ÁNCASH,"['Huaraz', 'CP Carhuayoc']",2020,1,2020-S1
Grupo_1740,Activo,2020-03-31,Antamina,Antamina,"['Huaripampa Alto', 'Huaripampa Centro', 'Huaripampa Bajo']",ÁNCASH,"['Huaripampa Alto', 'Huaripampa Central', 'Huaripampa Baja']",2020,1,2020-S1
Grupo_829,Activo,2020-03-31,Antamina,Antamina,"['CP Carhuayoc', 'CP Cátac']",ÁNCASH,"['CP Carhuayoc', 'CP Catac']",2020,1,2020-S1
Grupo_481,Activo,2020-03-31,Antamina,Antamina,"['CP Ayash Pichiú', 'CP Santa Cruz Pichiú']",ÁNCASH,"['CP Ayash Pichiu', 'Santa Cruz Pichiu']",2020,1,2020-S1
Grupo_1237,Activo,2020-03-31,Las Bambas,Las Bambas,"['CP Tambulla', 'Distrito Chalhuahuacho']",APURÍMAC,"['CP Tambulla', 'Chalhuahuacho']",2020,1,2020-S1
Grupo_1884,Activo,2020-03-31,Yanacocha,Newmont,"['CP Totoracocha', 'CP El Alumbre']",CAJAMARCA,"['CP Totoracocha', 'CP El Alumbre']",2020,1,2020-S1
Grupo_1251,Activo,2020-03-31,Cerro Corona,Gold Fields,['Distrito de Hualgayoc'],CAJAMARCA,['Hualgayoc'],2020,1,2020-S1
Grupo_1889,Activo,2020-03-31,Antapaccay,Antapaccay,"['Distrito de Pallpata', 'Huacroyuta Marquiri', 'Huarcapata', 'Chorrillo', 'Antacama', 'Pallpata', 'Canlletera', 'Cruz Pampa', 'Pirhuayani', 'Mamanocca', 'Jaruma Alccasana', 'Distrito de Alto Pichigua', 'Distrito de Pichigua Pichigua', 'Distrito de Condorama', 'Distrito de Ocoruro']",CUSCO,"['Pallpata', 'Pallpata', 'Huarcapata', 'Chorrillo', 'Atacama', 'Pallpata', 'Pallpata', 'Cruz Pampa', 'Pirhuayani', 'Mamanocca', 'Pallpata', 'Alto Pichigua', 'Pichigua Pichigua', 'Condorama', 'Ocoruro']",2020,1,2020-S1
Grupo_1885,Activo,2020-03-31,Antapaccay,Glencore,"['CC Huano Huano', 'CC Cala Cala', 'CC Huisa', 'CC Paco Pata', 'CC Tintaya Marquiri', 'CC Alto Huancané', 'CC Huancané Bajo', 'CC Alto Huarca', 'CC Huarca', 'CC Anta Ccollana', 'CC Huisa Ccollana', 'CC Huini Coroccohuayco']",CUSCO,"['CC Huano Huano', 'CC Cala Cala', 'CC Huisa', 'Pacopata', 'Tintaya Marquiri', 'Alto Huancane', 'Huancane Bajo', 'CC Alto Huarca', 'CC Huarca', 'Anta Ccollana', 'Espinar', 'Espinar']",2020,1,2020-S1
Grupo_1852,Activo,2020-03-31,Las Bambas,Las Bambas,"['Provincia de Chumbivilcas', 'Distrito de Velille', 'Distrito de Capacmarca', 'Distrito de Quiñota', 'Distrito de Chamaca', 'Distrito de Livitaca', 'Distrito de Llusco', 'CP Huaylla Huaylla']",CUSCO,"['Chumbivilcas', 'Velille', 'Capacmarca', 'Quiñota', 'Chamaca', 'Livitaca', 'Llusco', 'CP Huaylla Huaylla']",2020,1,2020-S1
Grupo_1853,Activo,2020-03-31,Las Bambas,Las Bambas,"['Provincia de Paruro', 'Distrito Paccarectambo', 'Distrito Yaurisque', 'Distrito Ccapi', 'Distrito Huanoquite']",CUSCO,"['Paruro', 'Paccarectambo', 'Yaurisque', 'Ccapi', 'Huanoquite']",2020,1,2020-S1
Grupo_1854,Activo,2020-03-31,Las Bambas,Las Bambas,['CP Fuerabamba'],CUSCO,['CP Fuerabamba'],2020,1,2020-S1
Grupo_1776,Activo,2020-03-31,Las Bambas,Las Bambas,"['Distrito de Velille', 'CP Tuntuma', 'CP Casa Blanca', 'CP Ccollana', 'CP Cullahuata', 'CP Urasana', 'CP Ayaccasi', 'CP Alccavictoria', 'CP Chacapampa']",CUSCO,"['Velille', 'CP Tuntuma', 'CP Casa Blanca', 'CP Ccollana', 'CP Cullahuata', 'CP Urasana', 'CP Ayaccasi', 'Vvelille', 'CP Chacapampa']",2020,1,2020-S1
Grupo_1421,Activo,2020-03-31,Antapaccay,Antapaccay,['Provincia de Espinar'],CUSCO,['Espinar'],2020,1,2020-S1
Grupo_606,Activo,2020-03-31,Toromocho,Chinalco,"['CP Morococha', 'CP Nueva Ciudad Morococha']",JUNÍN,"['CP Morococha', 'CP Morococha']",2020,1,2020-S1
Grupo_1867,Activo,2020-03-31,Quellaveco,Angloamerican,['CP Tumilaca'],MOQUEGUA,['CP Tumilaca'],2020,1,2020-S1
Grupo_1870,Activo,2020-03-31,Atacocha,Nexa Resources,['CP San Pablo de Ticlacayán'],PASCO,['San Pablo de Ticlacayán'],2020,1,2020-S1
Grupo_1814,Activo,2020-03-31,Atacocha,Nexa Resources,['CP San Juan de Milpo'],PASCO,['CP San Juan de Milpo'],2020,1,2020-S1
Grupo_1749,Activo,2020-08-31,Antamina,Antamina,"['CP Ango Raju', 'CP Carhuayoc']",ÁNCASH,"['Huaraz', 'CP Carhuayoc']",2020,2,2020-S2
Grupo_1740,Activo,2020-08-31,Antamina,Antamina,"['Huaripampa Alto', 'Huaripampa Centro', 'Huaripampa Bajo']",ÁNCASH,"['Huaripampa Alto', 'Huaripampa Central', 'Huaripampa Baja']",2020,2,2020-S2
Grupo_829,Activo,2020-08-31,Antamina,Antamina,"['CP Carhuayoc', 'CP Cátac']",ÁNCASH,"['CP Carhuayoc', 'CP Catac']",2020,2,2020-S2
Grupo_481,Activo,2020-08-31,Antamina,Antamina,"['CP Ayash Pichiú', 'CP Santa Cruz Pichiú']",ÁNCASH,"['CP Ayash Pichiu', 'Santa Cruz Pichiu']",2020,2,2020-S2
Grupo_1237,Activo,2020-08-31,Las Bambas,Las Bambas,"['CP Tambulla', 'Distrito Chalhuahuacho']",APURÍMAC,"['CP Tambulla', 'Chalhuahuacho']",2020,2,2020-S2
Grupo_1884,Activo,2020-08-31,Yanacocha,Newmont,"['CP Totoracocha', 'CP El Alumbre']",CAJAMARCA,"['CP Totoracocha', 'CP El Alumbre']",2020,2,2020-S2
Grupo_1251,Activo,2020-08-31,Cerro Corona,Gold Fields,['Distrito de Hualgayoc'],CAJAMARCA,['Hualgayoc'],2020,2,2020-S2
Grupo_1889,Activo,2020-08-31,Antapaccay,Antapaccay,"['Distrito de Pallpata', 'Huacroyuta Marquiri', 'Huarcapata', 'Chorrillo', 'Antacama', 'Pallpata', 'Canlletera', 'Cruz Pampa', 'Pirhuayani', 'Mamanocca', 'Jaruma Alccasana', 'Distrito de Alto Pichigua', 'Distrito de Pichigua Pichigua', 'Distrito de Condorama', 'Distrito de Ocoruro']",CUSCO,"['Pallpata', 'Pallpata', 'Huarcapata', 'Chorrillo', 'Atacama', 'Pallpata', 'Pallpata', 'Cruz Pampa', 'Pirhuayani', 'Mamanocca', 'Pallpata', 'Alto Pichigua', 'Pichigua Pichigua', 'Condorama', 'Ocoruro']",2020,2,2020-S2
Grupo_1885,Activo,2020-08-31,Antapaccay,Glencore,"['CC Huano Huano', 'CC Cala Cala', 'CC Huisa', 'CC Paco Pata', 'CC Tintaya Marquiri', 'CC Alto Huancané', 'CC Huancané Bajo', 'CC Alto Huarca', 'CC Huarca', 'CC Anta Ccollana', 'CC Huisa Ccollana', 'CC Huini Coroccohuayco']",CUSCO,"['CC Huano Huano', 'CC Cala Cala', 'CC Huisa', 'Pacopata', 'Tintaya Marquiri', 'Alto Huancane', 'Huancane Bajo', 'CC Alto Huarca', 'CC Huarca', 'Anta Ccollana', 'Espinar', 'Espinar']",2020,2,2020-S2
Grupo_1852,Activo,2020-08-31,Las Bambas,Las Bambas,"['Provincia de Chumbivilcas', 'Distrito de Velille', 'Distrito de Capacmarca', 'Distrito de Quiñota', 'Distrito de Chamaca', 'Distrito de Livitaca', 'Distrito de Llusco', 'CP Huaylla Huaylla']",CUSCO,"['Chumbivilcas', 'Velille', 'Capacmarca', 'Quiñota', 'Chamaca', 'Livitaca', 'Llusco', 'CP Huaylla Huaylla']",2020,2,2020-S2
Grupo_1853,Activo,2020-08-31,Las Bambas,Las Bambas,"['Provincia de Paruro', 'Distrito Paccarectambo', 'Distrito Yaurisque', 'Distrito Ccapi', 'Distrito Huanoquite']",CUSCO,"['Paruro', 'Paccarectambo', 'Yaurisque', 'Ccapi', 'Huanoquite']",2020,2,2020-S2
Grupo_1854,Activo,2020-08-31,Las Bambas,Las Bambas,['CP Fuerabamba'],CUSCO,['CP Fuerabamba'],2020,2,2020-S2
Grupo_1776,Activo,2020-08-31,Las Bambas,Las Bambas,"['Distrito de Velille', 'CP Tuntuma', 'CP Casa Blanca', 'CP Ccollana', 'CP Cullahuata', 'CP Urasana', 'CP Ayaccasi', 'CP Alccavictoria', 'CP Chacapampa']",CUSCO,"['Velille', 'CP Tuntuma', 'CP Casa Blanca', 'CP Ccollana', 'CP Cullahuata', 'CP Urasana', 'CP Ayaccasi', 'Vvelille', 'CP Chacapampa']",2020,2,2020-S2
Grupo_1421,Activo,2020-08-31,Antapaccay,Antapaccay,['Provincia de Espinar'],CUSCO,['Espinar'],2020,2,2020-S2
Grupo_606,Activo,2020-08-31,Toromocho,Chinalco,"['CP Morococha', 'CP Nueva Ciudad Morococha']",JUNÍN,"['CP Morococha', 'CP Morococha']",2020,2,2020-S2
Grupo_1867,Activo,2020-08-31,Quellaveco,Angloamerican,['CP Tumilaca'],MOQUEGUA,['CP Tumilaca'],2020,2,2020-S2
Grupo_1870,Activo,2020-08-31,Atacocha,Nexa Resources,['CP San Pablo de Ticlacayán'],PASCO,['San Pablo de Ticlacayán'],2020,2,2020-S2
Grupo_1814,Activo,2020-08-31,Atacocha,Nexa Resources,['CP San Juan de Milpo'],PASCO,['CP San Juan de Milpo'],2020,2,2020-S2
Grupo_1897,Activo,2024-07-31,Antamina,Antamina,['CC Aquia'],ÁNCASH,['CC Aquia'],2024,2,2024-S2
Grupo_1900,Activo,2024-07-31,Las Bambas,Las Bambas,['CC Pumamarca'],APURÍMAC,['CC Pumamarca'],2024,2,2024-S2
Grupo_1901,Activo,2024-07-31,Las Bambas,Las Bambas,['CC Carmen Alto de Chalhuahuacho'],APURÍMAC,['Chalhuahuacho'],2024,2,2024-S2
Grupo_1902,Activo,2024-07-31,Las Bambas,Las Bambas,['CC Chuicuni'],APURÍMAC,['CC Chuicuni'],2024,2,2024-S2
Grupo_1903,Activo,2024-07-31,Las Bambas,Las Bambas,['CC Chila'],APURÍMAC,['CC Chila'],2024,2,2024-S2
Grupo_1904,Activo,2024-07-31,Las Bambas,Las Bambas,['CC Huancuire'],APURÍMAC,['CC Huancuire'],2024,2,2024-S2
Grupo_1854,Activo,2024-07-31,Las Bambas,Las Bambas,['CP Fuerabamba'],CUSCO,['CP Fuerabamba'],2024,2,2024-S2
Grupo_1237,Activo,2024-07-31,Las Bambas,Las Bambas,"['CP Tambulla', 'Distrito Chalhuahuacho']",APURÍMAC,"['CP Tambulla', 'Chalhuahuacho']",2024,2,2024-S2
Grupo_1921,Activo,2024-07-31,Yanacocha,Newmont,"['CP CARHUAQUERO', 'CP Otuzco']",CAJAMARCA,"['CP CARHUAQUERO', 'CP Otuzco']",2024,2,2024-S2
Grupo_1923,Activo,2024-07-31,Las Bambas,Las Bambas,['Distrito de Velille'],CUSCO,['Velille'],2024,2,2024-S2
Grupo_1924,Activo,2024-07-31,Las Bambas,Las Bambas,['Distrito de Coporaque'],CUSCO,['Coporaque'],2024,2,2024-S2
Grupo_1927,Activo,2024-07-31,Las Bambas,Las Bambas,"['CC Huininquiri', 'CC Cancahuani', 'CC Lacca-lacca Yanque Parcobamba', 'CC Cruzpampa', 'CC Idiopa-Ñaupa-Japo Urinsaya']",CUSCO,"['Chumbivilcas', 'Cancahuani', 'Colquemarca', 'CC Cruzpampa', 'Colquemarca']",2024,2,2024-S2
Grupo_1889,Activo,2024-07-31,Antapaccay,Antapaccay,"['Distrito de Pallpata', 'Huacroyuta Marquiri', 'Huarcapata', 'Chorrillo', 'Antacama', 'Pallpata', 'Canlletera', 'Cruz Pampa', 'Pirhuayani', 'Mamanocca', 'Jaruma Alccasana', 'Distrito de Alto Pichigua', 'Distrito de Pichigua Pichigua', 'Distrito de Condorama', 'Distrito de Ocoruro']",CUSCO,"['Pallpata', 'Pallpata', 'Huarcapata', 'Chorrillo', 'Atacama', 'Pallpata', 'Pallpata', 'Cruz Pampa', 'Pirhuayani', 'Mamanocca', 'Pallpata', 'Alto Pichigua', 'Pichigua Pichigua', 'Condorama', 'Ocoruro']",2024,2,2024-S2
Grupo_1885,Activo,2024-07-31,Antapaccay,Glencore,"['CC Huano Huano', 'CC Cala Cala', 'CC Huisa', 'CC Paco Pata', 'CC Tintaya Marquiri', 'CC Alto Huancané', 'CC Huancané Bajo', 'CC Alto Huarca', 'CC Huarca', 'CC Anta Ccollana', 'CC Huisa Ccollana', 'CC Huini Coroccohuayco']",CUSCO,"['CC Huano Huano', 'CC Cala Cala', 'CC Huisa', 'Pacopata', 'Tintaya Marquiri', 'Alto Huancane', 'Huancane Bajo', 'CC Alto Huarca', 'CC Huarca', 'Anta Ccollana', 'Espinar', 'Espinar']",2024,2,2024-S2
Grupo_1852,Activo,2024-07-31,Las Bambas,Las Bambas,"['Provincia de Chumbivilcas', 'Distrito de Velille', 'Distrito de Capacmarca', 'Distrito de Quiñota', 'Distrito de Chamaca', 'Distrito de Livitaca', 'Distrito de Llusco', 'CP Huaylla Huaylla']",CUSCO,"['Chumbivilcas', 'Velille', 'Capacmarca', 'Quiñota', 'Chamaca', 'Livitaca', 'Llusco', 'CP Huaylla Huaylla']",2024,2,2024-S2
Grupo_1421,Activo,2024-07-31,Antapaccay,Antapaccay,['Provincia de Espinar'],CUSCO,['Espinar'],2024,2,2024-S2
Grupo_1939,Activo,2024-07-31,Antamina,Antamina,['Distrito de Llata'],HUÁNUCO,['Llata'],2024,2,2024-S2
Grupo_606,Activo,2024-07-31,Toromocho,Chinalco,"['CP Morococha', 'CP Nueva Ciudad Morococha']",JUNÍN,"['CP Morococha', 'CP Morococha']",2024,2,2024-S2
Grupo_2057,Activo,2024-07-31,Chungar,Volcan,['CP Cullhuay'],LIMA PROVINCIAS,['CP Cullhuay'],2024,2,2024-S2
Grupo_1867,Activo,2024-07-31,Quellaveco,Angloamerican,['CP Tumilaca'],MOQUEGUA,['CP Tumilaca'],2024,2,2024-S2
Grupo_1814,Activo,2024-07-31,Atacocha,Nexa Resources,['CP San Juan de Milpo'],PASCO,['CP San Juan de Milpo'],2024,2,2024-S2
Grupo_1391,Activo,2014-10-31,Antamina,Antamina,['CP Chipta'],ÁNCASH,['Huanchay'],2014,2,2014-S2
Grupo_829,Activo,2014-10-31,Antamina,Antamina,"['CP Carhuayoc', 'CP Cátac']",ÁNCASH,"['CP Carhuayoc', 'CP Catac']",2014,2,2014-S2
Grupo_1313,Activo,2014-10-31,Antamina,Antamina,['Distrito de Huarmey'],ÁNCASH,['Huarmey'],2014,2,2014-S2
Grupo_481,Activo,2014-10-31,Antamina,Antamina,"['CP Ayash Pichiú', 'CP Santa Cruz Pichiú']",ÁNCASH,"['CP Ayash Pichiu', 'Santa Cruz Pichiu']",2014,2,2014-S2
Grupo_1468,Activo,2014-10-31,Antamina,Antamina,"['CP Cajacay', 'CP Santa Rosa']",ÁNCASH,"['CP Cajacay', 'CP Santa Rosa']",2014,2,2014-S2
Grupo_1237,Activo,2014-10-31,Las Bambas,Las Bambas,"['CP Tambulla', 'Distrito Chalhuahuacho']",APURÍMAC,"['CP Tambulla', 'Chalhuahuacho']",2014,2,2014-S2
Grupo_1604,Activo,2014-10-31,Las Bambas,Las Bambas,"['CP Ccahuapirhua', 'CP Chicñahui', 'CP Record Ccanccaja']",APURÍMAC,"['Ccahuapirhua', 'CP Chicñahui', 'Juliaca']",2014,2,2014-S2
Grupo_1325,Activo,2014-10-31,Yanacocha,Newmont,['Distrito de La Encañada'],CAJAMARCA,['La Encañada'],2014,2,2014-S2
Grupo_1251,Activo,2014-10-31,Cerro Corona,Gold Fields,['Distrito de Hualgayoc'],CAJAMARCA,['Hualgayoc'],2014,2,2014-S2
Grupo_1484,Activo,2014-10-31,Yanacocha,Yanacocha,['Distrito Los Baños del Inca'],CAJAMARCA,['Los Baños del Inca'],2014,2,2014-S2
Grupo_1421,Activo,2014-10-31,Antapaccay,Antapaccay,['Provincia de Espinar'],CUSCO,['Espinar'],2014,2,2014-S2
Grupo_606,Activo,2014-10-31,Toromocho,Chinalco,"['CP Morococha', 'CP Nueva Ciudad Morococha']",JUNÍN,"['CP Morococha', 'CP Morococha']",2014,2,2014-S2
Grupo_1723,Activo,2014-10-31,Toromocho,Chinalco,['CP PACHACHACA (Yauli)'],JUNÍN,['PACHACHACA Yauli'],2014,2,2014-S2
Grupo_829,Activo,2014-11-30,Antamina,Antamina,"['CP Carhuayoc', 'CP Cátac']",ÁNCASH,"['CP Carhuayoc', 'CP Catac']",2014,2,2014-S2
Grupo_1313,Activo,2014-11-30,Antamina,Antamina,['Distrito de Huarmey'],ÁNCASH,['Huarmey'],2014,2,2014-S2
Grupo_481,Activo,2014-11-30,Antamina,Antamina,"['CP Ayash Pichiú', 'CP Santa Cruz Pichiú']",ÁNCASH,"['CP Ayash Pichiu', 'Santa Cruz Pichiu']",2014,2,2014-S2
Grupo_1468,Activo,2014-11-30,Antamina,Antamina,"['CP Cajacay', 'CP Santa Rosa']",ÁNCASH,"['CP Cajacay', 'CP Santa Rosa']",2014,2,2014-S2
Grupo_1237,Activo,2014-11-30,Las Bambas,Las Bambas,"['CP Tambulla', 'Distrito Chalhuahuacho']",APURÍMAC,"['CP Tambulla', 'Chalhuahuacho']",2014,2,2014-S2
Grupo_1604,Activo,2014-11-30,Las Bambas,Las Bambas,"['CP Ccahuapirhua', 'CP Chicñahui', 'CP Record Ccanccaja']",APURÍMAC,"['Ccahuapirhua', 'CP Chicñahui', 'Juliaca']",2014,2,2014-S2
Grupo_1325,Activo,2014-11-30,Yanacocha,Newmont,['Distrito de La Encañada'],CAJAMARCA,['La Encañada'],2014,2,2014-S2
Grupo_1251,Activo,2014-11-30,Cerro Corona,Gold Fields,['Distrito de Hualgayoc'],CAJAMARCA,['Hualgayoc'],2014,2,2014-S2
Grupo_1484,Activo,2014-11-30,Yanacocha,Yanacocha,['Distrito Los Baños del Inca'],CAJAMARCA,['Los Baños del Inca'],2014,2,2014-S2
Grupo_1768,Activo,2014-11-30,Cerro Corona,Gold Fields,['CP Tingo'],CAJAMARCA,['CP Tingo'],2014,2,2014-S2
Grupo_1421,Activo,2014-11-30,Antapaccay,Antapaccay,['Provincia de Espinar'],CUSCO,['Espinar'],2014,2,2014-S2
Grupo_606,Activo,2014-11-30,Toromocho,Chinalco,"['CP Morococha', 'CP Nueva Ciudad Morococha']",JUNÍN,"['CP Morococha', 'CP Morococha']",2014,2,2014-S2
Grupo_1723,Activo,2014-11-30,Toromocho,Chinalco,['CP PACHACHACA (Yauli)'],JUNÍN,['PACHACHACA Yauli'],2014,2,2014-S2
Grupo_829,Activo,2014-12-31,Antamina,Antamina,"['CP Carhuayoc', 'CP Cátac']",ÁNCASH,"['CP Carhuayoc', 'CP Catac']",2014,2,2014-S2
Grupo_1313,Activo,2014-12-31,Antamina,Antamina,['Distrito de Huarmey'],ÁNCASH,['Huarmey'],2014,2,2014-S2
Grupo_481,Activo,2014-12-31,Antamina,Antamina,"['CP Ayash Pichiú', 'CP Santa Cruz Pichiú']",ÁNCASH,"['CP Ayash Pichiu', 'Santa Cruz Pichiu']",2014,2,2014-S2
Grupo_1468,Activo,2014-12-31,Antamina,Antamina,"['CP Cajacay', 'CP Santa Rosa']",ÁNCASH,"['CP Cajacay', 'CP Santa Rosa']",2014,2,2014-S2
Grupo_1237,Activo,2014-12-31,Las Bambas,Las Bambas,"['CP Tambulla', 'Distrito Chalhuahuacho']",APURÍMAC,"['CP Tambulla', 'Chalhuahuacho']",2014,2,2014-S2
Grupo_1604,Activo,2014-12-31,Las Bambas,Las Bambas,"['CP Ccahuapirhua', 'CP Chicñahui', 'CP Record Ccanccaja']",APURÍMAC,"['Ccahuapirhua', 'CP Chicñahui', 'Juliaca']",2014,2,2014-S2
Grupo_1325,Activo,2014-12-31,Yanacocha,Newmont,['Distrito de La Encañada'],CAJAMARCA,['La Encañada'],2014,2,2014-S2
Grupo_1251,Activo,2014-12-31,Cerro Corona,Gold Fields,['Distrito de Hualgayoc'],CAJAMARCA,['Hualgayoc'],2014,2,2014-S2
Grupo_1484,Activo,2014-12-31,Yanacocha,Yanacocha,['Distrito Los Baños del Inca'],CAJAMARCA,['Los Baños del Inca'],2014,2,2014-S2
Grupo_1768,Activo,2014-12-31,Cerro Corona,Gold Fields,['CP Tingo'],CAJAMARCA,['CP Tingo'],2014,2,2014-S2
Grupo_1421,Activo,2014-12-31,Antapaccay,Antapaccay,['Provincia de Espinar'],CUSCO,['Espinar'],2014,2,2014-S2
Grupo_606,Activo,2014-12-31,Toromocho,Chinalco,"['CP Morococha', 'CP Nueva Ciudad Morococha']",JUNÍN,"['CP Morococha', 'CP Morococha']",2014,2,2014-S2
Grupo_1723,Activo,2014-12-31,Toromocho,Chinalco,['CP PACHACHACA (Yauli)'],JUNÍN,['PACHACHACA Yauli'],2014,2,2014-S2
Grupo_829,Activo,2015-01-31,Antamina,Antamina,"['CP Carhuayoc', 'CP Cátac']",ÁNCASH,"['CP Carhuayoc', 'CP Catac']",2015,1,2015-S1
Grupo_1313,Activo,2015-01-31,Antamina,Antamina,['Distrito de Huarmey'],ÁNCASH,['Huarmey'],2015,1,2015-S1
Grupo_481,Activo,2015-01-31,Antamina,Antamina,"['CP Ayash Pichiú', 'CP Santa Cruz Pichiú']",ÁNCASH,"['CP Ayash Pichiu', 'Santa Cruz Pichiu']",2015,1,2015-S1
Grupo_1468,Activo,2015-01-31,Antamina,Antamina,"['CP Cajacay', 'CP Santa Rosa']",ÁNCASH,"['CP Cajacay', 'CP Santa Rosa']",2015,1,2015-S1
Grupo_1237,Activo,2015-01-31,Las Bambas,Las Bambas,"['CP Tambulla', 'Distrito Chalhuahuacho']",APURÍMAC,"['CP Tambulla', 'Chalhuahuacho']",2015,1,2015-S1
Grupo_1604,Activo,2015-01-31,Las Bambas,Las Bambas,"['CP Ccahuapirhua', 'CP Chicñahui', 'CP Record Ccanccaja']",APURÍMAC,"['Ccahuapirhua', 'CP Chicñahui', 'Juliaca']",2015,1,2015-S1
Grupo_1325,Activo,2015-01-31,Yanacocha,Newmont,['Distrito de La Encañada'],CAJAMARCA,['La Encañada'],2015,1,2015-S1
Grupo_1251,Activo,2015-01-31,Cerro Corona,Gold Fields,['Distrito de Hualgayoc'],CAJAMARCA,['Hualgayoc'],2015,1,2015-S1
Grupo_1484,Activo,2015-01-31,Yanacocha,Yanacocha,['Distrito Los Baños del Inca'],CAJAMARCA,['Los Baños del Inca'],2015,1,2015-S1
Grupo_1768,Activo,2015-01-31,Cerro Corona,Gold Fields,['CP Tingo'],CAJAMARCA,['CP Tingo'],2015,1,2015-S1
Grupo_1421,Activo,2015-01-31,Antapaccay,Antapaccay,['Provincia de Espinar'],CUSCO,['Espinar'],2015,1,2015-S1
Grupo_606,Activo,2015-01-31,Toromocho,Chinalco,"['CP Morococha', 'CP Nueva Ciudad Morococha']",JUNÍN,"['CP Morococha', 'CP Morococha']",2015,1,2015-S1
Grupo_1723,Activo,2015-01-31,Toromocho,Chinalco,['CP PACHACHACA (Yauli)'],JUNÍN,['PACHACHACA Yauli'],2015,1,2015-S1
Grupo_829,Activo,2015-02-28,Antamina,Antamina,"['CP Carhuayoc', 'CP Cátac']",ÁNCASH,"['CP Carhuayoc', 'CP Catac']",2015,1,2015-S1
Grupo_1313,Activo,2015-02-28,Antamina,Antamina,['Distrito de Huarmey'],ÁNCASH,['Huarmey'],2015,1,2015-S1
Grupo_481,Activo,2015-02-28,Antamina,Antamina,"['CP Ayash Pichiú', 'CP Santa Cruz Pichiú']",ÁNCASH,"['CP Ayash Pichiu', 'Santa Cruz Pichiu']",2015,1,2015-S1
Grupo_1468,Activo,2015-02-28,Antamina,Antamina,"['CP Cajacay', 'CP Santa Rosa']",ÁNCASH,"['CP Cajacay', 'CP Santa Rosa']",2015,1,2015-S1
Grupo_1237,Activo,2015-02-28,Las Bambas,Las Bambas,"['CP Tambulla', 'Distrito Chalhuahuacho']",APURÍMAC,"['CP Tambulla', 'Chalhuahuacho']",2015,1,2015-S1
Grupo_1604,Activo,2015-02-28,Las Bambas,Las Bambas,"['CP Ccahuapirhua', 'CP Chicñahui', 'CP Record Ccanccaja']",APURÍMAC,"['Ccahuapirhua', 'CP Chicñahui', 'Juliaca']",2015,1,2015-S1
Grupo_1325,Activo,2015-02-28,Yanacocha,Newmont,['Distrito de La Encañada'],CAJAMARCA,['La Encañada'],2015,1,2015-S1
Grupo_1251,Activo,2015-02-28,Cerro Corona,Gold Fields,['Distrito de Hualgayoc'],CAJAMARCA,['Hualgayoc'],2015,1,2015-S1
Grupo_1484,Activo,2015-02-28,Yanacocha,Yanacocha,['Distrito Los Baños del Inca'],CAJAMARCA,['Los Baños del Inca'],2015,1,2015-S1
Grupo_1768,Activo,2015-02-28,Cerro Corona,Gold Fields,['CP Tingo'],CAJAMARCA,['CP Tingo'],2015,1,2015-S1
Grupo_1421,Activo,2015-02-28,Antapaccay,Antapaccay,['Provincia de Espinar'],CUSCO,['Espinar'],2015,1,2015-S1
Grupo_606,Activo,2015-02-28,Toromocho,Chinalco,"['CP Morococha', 'CP Nueva Ciudad Morococha']",JUNÍN,"['CP Morococha', 'CP Morococha']",2015,1,2015-S1
Grupo_1723,Activo,2015-02-28,Toromocho,Chinalco,['CP PACHACHACA (Yauli)'],JUNÍN,['PACHACHACA Yauli'],2015,1,2015-S1
Grupo_829,Activo,2015-03-31,Antamina,Antamina,"['CP Carhuayoc', 'CP Cátac']",ÁNCASH,"['CP Carhuayoc', 'CP Catac']",2015,1,2015-S1
Grupo_1313,Activo,2015-03-31,Antamina,Antamina,['Distrito de Huarmey'],ÁNCASH,['Huarmey'],2015,1,2015-S1
Grupo_481,Activo,2015-03-31,Antamina,Antamina,"['CP Ayash Pichiú', 'CP Santa Cruz Pichiú']",ÁNCASH,"['CP Ayash Pichiu', 'Santa Cruz Pichiu']",2015,1,2015-S1
Grupo_1468,Activo,2015-03-31,Antamina,Antamina,"['CP Cajacay', 'CP Santa Rosa']",ÁNCASH,"['CP Cajacay', 'CP Santa Rosa']",2015,1,2015-S1
Grupo_1237,Activo,2015-03-31,Las Bambas,Las Bambas,"['CP Tambulla', 'Distrito Chalhuahuacho']",APURÍMAC,"['CP Tambulla', 'Chalhuahuacho']",2015,1,2015-S1
Grupo_1604,Activo,2015-03-31,Las Bambas,Las Bambas,"['CP Ccahuapirhua', 'CP Chicñahui', 'CP Record Ccanccaja']",APURÍMAC,"['Ccahuapirhua', 'CP Chicñahui', 'Juliaca']",2015,1,2015-S1
Grupo_1325,Activo,2015-03-31,Yanacocha,Newmont,['Distrito de La Encañada'],CAJAMARCA,['La Encañada'],2015,1,2015-S1
Grupo_1251,Activo,2015-03-31,Cerro Corona,Gold Fields,['Distrito de Hualgayoc'],CAJAMARCA,['Hualgayoc'],2015,1,2015-S1
Grupo_1484,Activo,2015-03-31,Yanacocha,Yanacocha,['Distrito Los Baños del Inca'],CAJAMARCA,['Los Baños del Inca'],2015,1,2015-S1
Grupo_1768,Activo,2015-03-31,Cerro Corona,Gold Fields,['CP Tingo'],CAJAMARCA,['CP Tingo'],2015,1,2015-S1
Grupo_1421,Activo,2015-03-31,Antapaccay,Antapaccay,['Provincia de Espinar'],CUSCO,['Espinar'],2015,1,2015-S1
Grupo_606,Activo,2015-03-31,Toromocho,Chinalco,"['CP Morococha', 'CP Nueva Ciudad Morococha']",JUNÍN,"['CP Morococha', 'CP Morococha']",2015,1,2015-S1
Grupo_1723,Activo,2015-03-31,Toromocho,Chinalco,['CP PACHACHACA (Yauli)'],JUNÍN,['PACHACHACA Yauli'],2015,1,2015-S1
Grupo_829,Activo,2015-04-30,Antamina,Antamina,"['CP Carhuayoc', 'CP Cátac']",ÁNCASH,"['CP Carhuayoc', 'CP Catac']",2015,1,2015-S1
Grupo_1313,Activo,2015-04-30,Antamina,Antamina,['Distrito de Huarmey'],ÁNCASH,['Huarmey'],2015,1,2015-S1
Grupo_481,Activo,2015-04-30,Antamina,Antamina,"['CP Ayash Pichiú', 'CP Santa Cruz Pichiú']",ÁNCASH,"['CP Ayash Pichiu', 'Santa Cruz Pichiu']",2015,1,2015-S1
Grupo_1468,Activo,2015-04-30,Antamina,Antamina,"['CP Cajacay', 'CP Santa Rosa']",ÁNCASH,"['CP Cajacay', 'CP Santa Rosa']",2015,1,2015-S1
Grupo_1237,Activo,2015-04-30,Las Bambas,Las Bambas,"['CP Tambulla', 'Distrito Chalhuahuacho']",APURÍMAC,"['CP Tambulla', 'Chalhuahuacho']",2015,1,2015-S1
Grupo_1604,Activo,2015-04-30,Las Bambas,Las Bambas,"['CP Ccahuapirhua', 'CP Chicñahui', 'CP Record Ccanccaja']",APURÍMAC,"['Ccahuapirhua', 'CP Chicñahui', 'Juliaca']",2015,1,2015-S1
Grupo_1325,Activo,2015-04-30,Yanacocha,Newmont,['Distrito de La Encañada'],CAJAMARCA,['La Encañada'],2015,1,2015-S1
Grupo_1251,Activo,2015-04-30,Cerro Corona,Gold Fields,['Distrito de Hualgayoc'],CAJAMARCA,['Hualgayoc'],2015,1,2015-S1
Grupo_1484,Activo,2015-04-30,Yanacocha,Yanacocha,['Distrito Los Baños del Inca'],CAJAMARCA,['Los Baños del Inca'],2015,1,2015-S1
Grupo_1768,Activo,2015-04-30,Cerro Corona,Gold Fields,['CP Tingo'],CAJAMARCA,['CP Tingo'],2015,1,2015-S1
Grupo_1421,Activo,2015-04-30,Antapaccay,Antapaccay,['Provincia de Espinar'],CUSCO,['Espinar'],2015,1,2015-S1
Grupo_606,Activo,2015-04-30,Toromocho,Chinalco,"['CP Morococha', 'CP Nueva Ciudad Morococha']",JUNÍN,"['CP Morococha', 'CP Morococha']",2015,1,2015-S1
Grupo_1723,Activo,2015-04-30,Toromocho,Chinalco,['CP PACHACHACA (Yauli)'],JUNÍN,['PACHACHACA Yauli'],2015,1,2015-S1
Grupo_829,Activo,2015-05-31,Antamina,Antamina,"['CP Carhuayoc', 'CP Cátac']",ÁNCASH,"['CP Carhuayoc', 'CP Catac']",2015,1,2015-S1
Grupo_1313,Activo,2015-05-31,Antamina,Antamina,['Distrito de Huarmey'],ÁNCASH,['Huarmey'],2015,1,2015-S1
Grupo_481,Activo,2015-05-31,Antamina,Antamina,"['CP Ayash Pichiú', 'CP Santa Cruz Pichiú']",ÁNCASH,"['CP Ayash Pichiu', 'Santa Cruz Pichiu']",2015,1,2015-S1
Grupo_1468,Activo,2015-05-31,Antamina,Antamina,"['CP Cajacay', 'CP Santa Rosa']",ÁNCASH,"['CP Cajacay', 'CP Santa Rosa']",2015,1,2015-S1
Grupo_1740,Activo,2015-05-31,Antamina,Antamina,"['Huaripampa Alto', 'Huaripampa Centro', 'Huaripampa Bajo']",ÁNCASH,"['Huaripampa Alto', 'Huaripampa Central', 'Huaripampa Baja']",2015,1,2015-S1
Grupo_1237,Activo,2015-05-31,Las Bambas,Las Bambas,"['CP Tambulla', 'Distrito Chalhuahuacho']",APURÍMAC,"['CP Tambulla', 'Chalhuahuacho']",2015,1,2015-S1
Grupo_1604,Activo,2015-05-31,Las Bambas,Las Bambas,"['CP Ccahuapirhua', 'CP Chicñahui', 'CP Record Ccanccaja']",APURÍMAC,"['Ccahuapirhua', 'CP Chicñahui', 'Juliaca']",2015,1,2015-S1
Grupo_1325,Activo,2015-05-31,Yanacocha,Newmont,['Distrito de La Encañada'],CAJAMARCA,['La Encañada'],2015,1,2015-S1
Grupo_1251,Activo,2015-05-31,Cerro Corona,Gold Fields,['Distrito de Hualgayoc'],CAJAMARCA,['Hualgayoc'],2015,1,2015-S1
Grupo_1484,Activo,2015-05-31,Yanacocha,Yanacocha,['Distrito Los Baños del Inca'],CAJAMARCA,['Los Baños del Inca'],2015,1,2015-S1
Grupo_1768,Activo,2015-05-31,Cerro Corona,Gold Fields,['CP Tingo'],CAJAMARCA,['CP Tingo'],2015,1,2015-S1
Grupo_1421,Activo,2015-05-31,Antapaccay,Antapaccay,['Provincia de Espinar'],CUSCO,['Espinar'],2015,1,2015-S1
Grupo_606,Activo,2015-05-31,Toromocho,Chinalco,"['CP Morococha', 'CP Nueva Ciudad Morococha']",JUNÍN,"['CP Morococha', 'CP Morococha']",2015,1,2015-S1
Grupo_1723,Activo,2015-05-31,Toromocho,Chinalco,['CP PACHACHACA (Yauli)'],JUNÍN,['PACHACHACA Yauli'],2015,1,2015-S1
Grupo_829,Activo,2015-06-30,Antamina,Antamina,"['CP Carhuayoc', 'CP Cátac']",ÁNCASH,"['CP Carhuayoc', 'CP Catac']",2015,1,2015-S1
Grupo_1313,Activo,2015-06-30,Antamina,Antamina,['Distrito de Huarmey'],ÁNCASH,['Huarmey'],2015,1,2015-S1
Grupo_481,Activo,2015-06-30,Antamina,Antamina,"['CP Ayash Pichiú', 'CP Santa Cruz Pichiú']",ÁNCASH,"['CP Ayash Pichiu', 'Santa Cruz Pichiu']",2015,1,2015-S1
Grupo_1468,Activo,2015-06-30,Antamina,Antamina,"['CP Cajacay', 'CP Santa Rosa']",ÁNCASH,"['CP Cajacay', 'CP Santa Rosa']",2015,1,2015-S1
Grupo_1740,Activo,2015-06-30,Antamina,Antamina,"['Huaripampa Alto', 'Huaripampa Centro', 'Huaripampa Bajo']",ÁNCASH,"['Huaripampa Alto', 'Huaripampa Central', 'Huaripampa Baja']",2015,1,2015-S1
Grupo_1237,Activo,2015-06-30,Las Bambas,Las Bambas,"['CP Tambulla', 'Distrito Chalhuahuacho']",APURÍMAC,"['CP Tambulla', 'Chalhuahuacho']",2015,1,2015-S1
Grupo_1604,Activo,2015-06-30,Las Bambas,Las Bambas,"['CP Ccahuapirhua', 'CP Chicñahui', 'CP Record Ccanccaja']",APURÍMAC,"['Ccahuapirhua', 'CP Chicñahui', 'Juliaca']",2015,1,2015-S1
Grupo_1325,Activo,2015-06-30,Yanacocha,Newmont,['Distrito de La Encañada'],CAJAMARCA,['La Encañada'],2015,1,2015-S1
Grupo_1251,Activo,2015-06-30,Cerro Corona,Gold Fields,['Distrito de Hualgayoc'],CAJAMARCA,['Hualgayoc'],2015,1,2015-S1
Grupo_1484,Activo,2015-06-30,Yanacocha,Yanacocha,['Distrito Los Baños del Inca'],CAJAMARCA,['Los Baños del Inca'],2015,1,2015-S1
Grupo_1768,Activo,2015-06-30,Cerro Corona,Gold Fields,['CP Tingo'],CAJAMARCA,['CP Tingo'],2015,1,2015-S1
Grupo_1421,Activo,2015-06-30,Antapaccay,Antapaccay,['Provincia de Espinar'],CUSCO,['Espinar'],2015,1,2015-S1
Grupo_606,Activo,2015-06-30,Toromocho,Chinalco,"['CP Morococha', 'CP Nueva Ciudad Morococha']",JUNÍN,"['CP Morococha', 'CP Morococha']",2015,1,2015-S1
Grupo_1723,Activo,2015-06-30,Toromocho,Chinalco,['CP PACHACHACA (Yauli)'],JUNÍN,['PACHACHACA Yauli'],2015,1,2015-S1
Grupo_829,Activo,2015-07-31,Antamina,Antamina,"['CP Carhuayoc', 'CP Cátac']",ÁNCASH,"['CP Carhuayoc', 'CP Catac']",2015,2,2015-S2
Grupo_1313,Activo,2015-07-31,Antamina,Antamina,['Distrito de Huarmey'],ÁNCASH,['Huarmey'],2015,2,2015-S2
Grupo_481,Activo,2015-07-31,Antamina,Antamina,"['CP Ayash Pichiú', 'CP Santa Cruz Pichiú']",ÁNCASH,"['CP Ayash Pichiu', 'Santa Cruz Pichiu']",2015,2,2015-S2
Grupo_1468,Activo,2015-07-31,Antamina,Antamina,"['CP Cajacay', 'CP Santa Rosa']",ÁNCASH,"['CP Cajacay', 'CP Santa Rosa']",2015,2,2015-S2
Grupo_1740,Activo,2015-07-31,Antamina,Antamina,"['Huaripampa Alto', 'Huaripampa Centro', 'Huaripampa Bajo']",ÁNCASH,"['Huaripampa Alto', 'Huaripampa Central', 'Huaripampa Baja']",2015,2,2015-S2
Grupo_1237,Activo,2015-07-31,Las Bambas,Las Bambas,"['CP Tambulla', 'Distrito Chalhuahuacho']",APURÍMAC,"['CP Tambulla', 'Chalhuahuacho']",2015,2,2015-S2
Grupo_1604,Activo,2015-07-31,Las Bambas,Las Bambas,"['CP Ccahuapirhua', 'CP Chicñahui', 'CP Record Ccanccaja']",APURÍMAC,"['Ccahuapirhua', 'CP Chicñahui', 'Juliaca']",2015,2,2015-S2
Grupo_1325,Activo,2015-07-31,Yanacocha,Newmont,['Distrito de La Encañada'],CAJAMARCA,['La Encañada'],2015,2,2015-S2
Grupo_1251,Activo,2015-07-31,Cerro Corona,Gold Fields,['Distrito de Hualgayoc'],CAJAMARCA,['Hualgayoc'],2015,2,2015-S2
Grupo_1484,Activo,2015-07-31,Yanacocha,Yanacocha,['Distrito Los Baños del Inca'],CAJAMARCA,['Los Baños del Inca'],2015,2,2015-S2
Grupo_1768,Activo,2015-07-31,Cerro Corona,Gold Fields,['CP Tingo'],CAJAMARCA,['CP Tingo'],2015,2,2015-S2
Grupo_1421,Activo,2015-07-31,Antapaccay,Antapaccay,['Provincia de Espinar'],CUSCO,['Espinar'],2015,2,2015-S2
Grupo_606,Activo,2015-07-31,Toromocho,Chinalco,"['CP Morococha', 'CP Nueva Ciudad Morococha']",JUNÍN,"['CP Morococha', 'CP Morococha']",2015,2,2015-S2
Grupo_1723,Activo,2015-07-31,Toromocho,Chinalco,['CP PACHACHACA (Yauli)'],JUNÍN,['PACHACHACA Yauli'],2015,2,2015-S2
Grupo_829,Activo,2015-08-31,Antamina,Antamina,"['CP Carhuayoc', 'CP Cátac']",ÁNCASH,"['CP Carhuayoc', 'CP Catac']",2015,2,2015-S2
Grupo_1313,Activo,2015-08-31,Antamina,Antamina,['Distrito de Huarmey'],ÁNCASH,['Huarmey'],2015,2,2015-S2
Grupo_481,Activo,2015-08-31,Antamina,Antamina,"['CP Ayash Pichiú', 'CP Santa Cruz Pichiú']",ÁNCASH,"['CP Ayash Pichiu', 'Santa Cruz Pichiu']",2015,2,2015-S2
Grupo_1468,Activo,2015-08-31,Antamina,Antamina,"['CP Cajacay', 'CP Santa Rosa']",ÁNCASH,"['CP Cajacay', 'CP Santa Rosa']",2015,2,2015-S2
Grupo_1740,Activo,2015-08-31,Antamina,Antamina,"['Huaripampa Alto', 'Huaripampa Centro', 'Huaripampa Bajo']",ÁNCASH,"['Huaripampa Alto', 'Huaripampa Central', 'Huaripampa Baja']",2015,2,2015-S2
Grupo_1237,Activo,2015-08-31,Las Bambas,Las Bambas,"['CP Tambulla', 'Distrito Chalhuahuacho']",APURÍMAC,"['CP Tambulla', 'Chalhuahuacho']",2015,2,2015-S2
Grupo_1604,Activo,2015-08-31,Las Bambas,Las Bambas,"['CP Ccahuapirhua', 'CP Chicñahui', 'CP Record Ccanccaja']",APURÍMAC,"['Ccahuapirhua', 'CP Chicñahui', 'Juliaca']",2015,2,2015-S2
Grupo_1251,Activo,2015-08-31,Cerro Corona,Gold Fields,['Distrito de Hualgayoc'],CAJAMARCA,['Hualgayoc'],2015,2,2015-S2
Grupo_1484,Activo,2015-08-31,Yanacocha,Yanacocha,['Distrito Los Baños del Inca'],CAJAMARCA,['Los Baños del Inca'],2015,2,2015-S2
Grupo_1768,Activo,2015-08-31,Cerro Corona,Gold Fields,['CP Tingo'],CAJAMARCA,['CP Tingo'],2015,2,2015-S2
Grupo_1421,Activo,2015-08-31,Antapaccay,Antapaccay,['Provincia de Espinar'],CUSCO,['Espinar'],2015,2,2015-S2
Grupo_606,Activo,2015-08-31,Toromocho,Chinalco,"['CP Morococha', 'CP Nueva Ciudad Morococha']",JUNÍN,"['CP Morococha', 'CP Morococha']",2015,2,2015-S2
Grupo_1723,Activo,2015-08-31,Toromocho,Chinalco,['CP PACHACHACA (Yauli)'],JUNÍN,['PACHACHACA Yauli'],2015,2,2015-S2
Grupo_829,Activo,2015-09-30,Antamina,Antamina,"['CP Carhuayoc', 'CP Cátac']",ÁNCASH,"['CP Carhuayoc', 'CP Catac']",2015,2,2015-S2
Grupo_1313,Activo,2015-09-30,Antamina,Antamina,['Distrito de Huarmey'],ÁNCASH,['Huarmey'],2015,2,2015-S2
Grupo_481,Activo,2015-09-30,Antamina,Antamina,"['CP Ayash Pichiú', 'CP Santa Cruz Pichiú']",ÁNCASH,"['CP Ayash Pichiu', 'Santa Cruz Pichiu']",2015,2,2015-S2
Grupo_1468,Activo,2015-09-30,Antamina,Antamina,"['CP Cajacay', 'CP Santa Rosa']",ÁNCASH,"['CP Cajacay', 'CP Santa Rosa']",2015,2,2015-S2
Grupo_1740,Activo,2015-09-30,Antamina,Antamina,"['Huaripampa Alto', 'Huaripampa Centro', 'Huaripampa Bajo']",ÁNCASH,"['Huaripampa Alto', 'Huaripampa Central', 'Huaripampa Baja']",2015,2,2015-S2
Grupo_1237,Activo,2015-09-30,Las Bambas,Las Bambas,"['CP Tambulla', 'Distrito Chalhuahuacho']",APURÍMAC,"['CP Tambulla', 'Chalhuahuacho']",2015,2,2015-S2
Grupo_1604,Activo,2015-09-30,Las Bambas,Las Bambas,"['CP Ccahuapirhua', 'CP Chicñahui', 'CP Record Ccanccaja']",APURÍMAC,"['Ccahuapirhua', 'CP Chicñahui', 'Juliaca']",2015,2,2015-S2
Grupo_1251,Activo,2015-09-30,Cerro Corona,Gold Fields,['Distrito de Hualgayoc'],CAJAMARCA,['Hualgayoc'],2015,2,2015-S2
Grupo_1484,Activo,2015-09-30,Yanacocha,Yanacocha,['Distrito Los Baños del Inca'],CAJAMARCA,['Los Baños del Inca'],2015,2,2015-S2
Grupo_1768,Activo,2015-09-30,Cerro Corona,Gold Fields,['CP Tingo'],CAJAMARCA,['CP Tingo'],2015,2,2015-S2
Grupo_1421,Activo,2015-09-30,Antapaccay,Antapaccay,['Provincia de Espinar'],CUSCO,['Espinar'],2015,2,2015-S2
Grupo_606,Activo,2015-09-30,Toromocho,Chinalco,"['CP Morococha', 'CP Nueva Ciudad Morococha']",JUNÍN,"['CP Morococha', 'CP Morococha']",2015,2,2015-S2
Grupo_1723,Activo,2015-09-30,Toromocho,Chinalco,['CP PACHACHACA (Yauli)'],JUNÍN,['PACHACHACA Yauli'],2015,2,2015-S2
Grupo_829,Activo,2015-10-31,Antamina,Antamina,"['CP Carhuayoc', 'CP Cátac']",ÁNCASH,"['CP Carhuayoc', 'CP Catac']",2015,2,2015-S2
Grupo_1313,Activo,2015-10-31,Antamina,Antamina,['Distrito de Huarmey'],ÁNCASH,['Huarmey'],2015,2,2015-S2
Grupo_481,Activo,2015-10-31,Antamina,Antamina,"['CP Ayash Pichiú', 'CP Santa Cruz Pichiú']",ÁNCASH,"['CP Ayash Pichiu', 'Santa Cruz Pichiu']",2015,2,2015-S2
Grupo_1468,Activo,2015-10-31,Antamina,Antamina,"['CP Cajacay', 'CP Santa Rosa']",ÁNCASH,"['CP Cajacay', 'CP Santa Rosa']",2015,2,2015-S2
Grupo_1740,Activo,2015-10-31,Antamina,Antamina,"['Huaripampa Alto', 'Huaripampa Centro', 'Huaripampa Bajo']",ÁNCASH,"['Huaripampa Alto', 'Huaripampa Central', 'Huaripampa Baja']",2015,2,2015-S2
Grupo_1440,Activo,2015-10-31,Antamina,Antamina,['CP Túpac Amaru'],ÁNCASH,['CP Tupac Amaru'],2015,2,2015-S2
Grupo_1237,Activo,2015-10-31,Las Bambas,Las Bambas,"['CP Tambulla', 'Distrito Chalhuahuacho']",APURÍMAC,"['CP Tambulla', 'Chalhuahuacho']",2015,2,2015-S2
Grupo_1604,Activo,2015-10-31,Las Bambas,Las Bambas,"['CP Ccahuapirhua', 'CP Chicñahui', 'CP Record Ccanccaja']",APURÍMAC,"['Ccahuapirhua', 'CP Chicñahui', 'Juliaca']",2015,2,2015-S2
Grupo_1251,Activo,2015-10-31,Cerro Corona,Gold Fields,['Distrito de Hualgayoc'],CAJAMARCA,['Hualgayoc'],2015,2,2015-S2
Grupo_1484,Activo,2015-10-31,Yanacocha,Yanacocha,['Distrito Los Baños del Inca'],CAJAMARCA,['Los Baños del Inca'],2015,2,2015-S2
Grupo_1768,Activo,2015-10-31,Cerro Corona,Gold Fields,['CP Tingo'],CAJAMARCA,['CP Tingo'],2015,2,2015-S2
Grupo_1421,Activo,2015-10-31,Antapaccay,Antapaccay,['Provincia de Espinar'],CUSCO,['Espinar'],2015,2,2015-S2
Grupo_606,Activo,2015-10-31,Toromocho,Chinalco,"['CP Morococha', 'CP Nueva Ciudad Morococha']",JUNÍN,"['CP Morococha', 'CP Morococha']",2015,2,2015-S2
Grupo_1723,Activo,2015-10-31,Toromocho,Chinalco,['CP PACHACHACA (Yauli)'],JUNÍN,['PACHACHACA Yauli'],2015,2,2015-S2
Grupo_829,Activo,2015-11-30,Antamina,Antamina,"['CP Carhuayoc', 'CP Cátac']",ÁNCASH,"['CP Carhuayoc', 'CP Catac']",2015,2,2015-S2
Grupo_1313,Activo,2015-11-30,Antamina,Antamina,['Distrito de Huarmey'],ÁNCASH,['Huarmey'],2015,2,2015-S2
Grupo_481,Activo,2015-11-30,Antamina,Antamina,"['CP Ayash Pichiú', 'CP Santa Cruz Pichiú']",ÁNCASH,"['CP Ayash Pichiu', 'Santa Cruz Pichiu']",2015,2,2015-S2
Grupo_1468,Activo,2015-11-30,Antamina,Antamina,"['CP Cajacay', 'CP Santa Rosa']",ÁNCASH,"['CP Cajacay', 'CP Santa Rosa']",2015,2,2015-S2
Grupo_1740,Activo,2015-11-30,Antamina,Antamina,"['Huaripampa Alto', 'Huaripampa Centro', 'Huaripampa Bajo']",ÁNCASH,"['Huaripampa Alto', 'Huaripampa Central', 'Huaripampa Baja']",2015,2,2015-S2
Grupo_1440,Activo,2015-11-30,Antamina,Antamina,['CP Túpac Amaru'],ÁNCASH,['CP Tupac Amaru'],2015,2,2015-S2
Grupo_1237,Activo,2015-11-30,Las Bambas,Las Bambas,"['CP Tambulla', 'Distrito Chalhuahuacho']",APURÍMAC,"['CP Tambulla', 'Chalhuahuacho']",2015,2,2015-S2
Grupo_1604,Activo,2015-11-30,Las Bambas,Las Bambas,"['CP Ccahuapirhua', 'CP Chicñahui', 'CP Record Ccanccaja']",APURÍMAC,"['Ccahuapirhua', 'CP Chicñahui', 'Juliaca']",2015,2,2015-S2
Grupo_1251,Activo,2015-11-30,Cerro Corona,Gold Fields,['Distrito de Hualgayoc'],CAJAMARCA,['Hualgayoc'],2015,2,2015-S2
Grupo_1484,Activo,2015-11-30,Yanacocha,Yanacocha,['Distrito Los Baños del Inca'],CAJAMARCA,['Los Baños del Inca'],2015,2,2015-S2
Grupo_1768,Activo,2015-11-30,Cerro Corona,Gold Fields,['CP Tingo'],CAJAMARCA,['CP Tingo'],2015,2,2015-S2
Grupo_1421,Activo,2015-11-30,Antapaccay,Antapaccay,['Provincia de Espinar'],CUSCO,['Espinar'],2015,2,2015-S2
Grupo_606,Activo,2015-11-30,Toromocho,Chinalco,"['CP Morococha', 'CP Nueva Ciudad Morococha']",JUNÍN,"['CP Morococha', 'CP Morococha']",2015,2,2015-S2
Grupo_1723,Activo,2015-11-30,Toromocho,Chinalco,['CP PACHACHACA (Yauli)'],JUNÍN,['PACHACHACA Yauli'],2015,2,2015-S2
Grupo_829,Activo,2015-12-31,Antamina,Antamina,"['CP Carhuayoc', 'CP Cátac']",ÁNCASH,"['CP Carhuayoc', 'CP Catac']",2015,2,2015-S2
Grupo_1313,Activo,2015-12-31,Antamina,Antamina,['Distrito de Huarmey'],ÁNCASH,['Huarmey'],2015,2,2015-S2
Grupo_481,Activo,2015-12-31,Antamina,Antamina,"['CP Ayash Pichiú', 'CP Santa Cruz Pichiú']",ÁNCASH,"['CP Ayash Pichiu', 'Santa Cruz Pichiu']",2015,2,2015-S2
Grupo_1468,Activo,2015-12-31,Antamina,Antamina,"['CP Cajacay', 'CP Santa Rosa']",ÁNCASH,"['CP Cajacay', 'CP Santa Rosa']",2015,2,2015-S2
Grupo_1740,Activo,2015-12-31,Antamina,Antamina,"['Huaripampa Alto', 'Huaripampa Centro', 'Huaripampa Bajo']",ÁNCASH,"['Huaripampa Alto', 'Huaripampa Central', 'Huaripampa Baja']",2015,2,2015-S2
Grupo_1440,Activo,2015-12-31,Antamina,Antamina,['CP Túpac Amaru'],ÁNCASH,['CP Tupac Amaru'],2015,2,2015-S2
Grupo_1237,Activo,2015-12-31,Las Bambas,Las Bambas,"['CP Tambulla', 'Distrito Chalhuahuacho']",APURÍMAC,"['CP Tambulla', 'Chalhuahuacho']",2015,2,2015-S2
Grupo_1604,Activo,2015-12-31,Las Bambas,Las Bambas,"['CP Ccahuapirhua', 'CP Chicñahui', 'CP Record Ccanccaja']",APURÍMAC,"['Ccahuapirhua', 'CP Chicñahui', 'Juliaca']",2015,2,2015-S2
Grupo_1251,Activo,2015-12-31,Cerro Corona,Gold Fields,['Distrito de Hualgayoc'],CAJAMARCA,['Hualgayoc'],2015,2,2015-S2
Grupo_1484,Activo,2015-12-31,Yanacocha,Yanacocha,['Distrito Los Baños del Inca'],CAJAMARCA,['Los Baños del Inca'],2015,2,2015-S2
Grupo_1768,Activo,2015-12-31,Cerro Corona,Gold Fields,['CP Tingo'],CAJAMARCA,['CP Tingo'],2015,2,2015-S2
Grupo_1421,Activo,2015-12-31,Antapaccay,Antapaccay,['Provincia de Espinar'],CUSCO,['Espinar'],2015,2,2015-S2
Grupo_606,Activo,2015-12-31,Toromocho,Chinalco,"['CP Morococha', 'CP Nueva Ciudad Morococha']",JUNÍN,"['CP Morococha', 'CP Morococha']",2015,2,2015-S2
Grupo_1723,Activo,2015-12-31,Toromocho,Chinalco,['CP PACHACHACA (Yauli)'],JUNÍN,['PACHACHACA Yauli'],2015,2,2015-S2
Grupo_829,Activo,2016-01-31,Antamina,Antamina,"['CP Carhuayoc', 'CP Cátac']",ÁNCASH,"['CP Carhuayoc', 'CP Catac']",2016,1,2016-S1
Grupo_1313,Activo,2016-01-31,Antamina,Antamina,['Distrito de Huarmey'],ÁNCASH,['Huarmey'],2016,1,2016-S1
Grupo_481,Activo,2016-01-31,Antamina,Antamina,"['CP Ayash Pichiú', 'CP Santa Cruz Pichiú']",ÁNCASH,"['CP Ayash Pichiu', 'Santa Cruz Pichiu']",2016,1,2016-S1
Grupo_1468,Activo,2016-01-31,Antamina,Antamina,"['CP Cajacay', 'CP Santa Rosa']",ÁNCASH,"['CP Cajacay', 'CP Santa Rosa']",2016,1,2016-S1
Grupo_1740,Activo,2016-01-31,Antamina,Antamina,"['Huaripampa Alto', 'Huaripampa Centro', 'Huaripampa Bajo']",ÁNCASH,"['Huaripampa Alto', 'Huaripampa Central', 'Huaripampa Baja']",2016,1,2016-S1
Grupo_1440,Activo,2016-01-31,Antamina,Antamina,['CP Túpac Amaru'],ÁNCASH,['CP Tupac Amaru'],2016,1,2016-S1
Grupo_1237,Activo,2016-01-31,Las Bambas,Las Bambas,"['CP Tambulla', 'Distrito Chalhuahuacho']",APURÍMAC,"['CP Tambulla', 'Chalhuahuacho']",2016,1,2016-S1
Grupo_1604,Activo,2016-01-31,Las Bambas,Las Bambas,"['CP Ccahuapirhua', 'CP Chicñahui', 'CP Record Ccanccaja']",APURÍMAC,"['Ccahuapirhua', 'CP Chicñahui', 'Juliaca']",2016,1,2016-S1
Grupo_1251,Activo,2016-01-31,Cerro Corona,Gold Fields,['Distrito de Hualgayoc'],CAJAMARCA,['Hualgayoc'],2016,1,2016-S1
Grupo_1484,Activo,2016-01-31,Yanacocha,Yanacocha,['Distrito Los Baños del Inca'],CAJAMARCA,['Los Baños del Inca'],2016,1,2016-S1
Grupo_1768,Activo,2016-01-31,Cerro Corona,Gold Fields,['CP Tingo'],CAJAMARCA,['CP Tingo'],2016,1,2016-S1
Grupo_1421,Activo,2016-01-31,Antapaccay,Antapaccay,['Provincia de Espinar'],CUSCO,['Espinar'],2016,1,2016-S1
Grupo_606,Activo,2016-01-31,Toromocho,Chinalco,"['CP Morococha', 'CP Nueva Ciudad Morococha']",JUNÍN,"['CP Morococha', 'CP Morococha']",2016,1,2016-S1
Grupo_829,Activo,2016-02-29,Antamina,Antamina,"['CP Carhuayoc', 'CP Cátac']",ÁNCASH,"['CP Carhuayoc', 'CP Catac']",2016,1,2016-S1
Grupo_1313,Activo,2016-02-29,Antamina,Antamina,['Distrito de Huarmey'],ÁNCASH,['Huarmey'],2016,1,2016-S1
Grupo_481,Activo,2016-02-29,Antamina,Antamina,"['CP Ayash Pichiú', 'CP Santa Cruz Pichiú']",ÁNCASH,"['CP Ayash Pichiu', 'Santa Cruz Pichiu']",2016,1,2016-S1
Grupo_1468,Activo,2016-02-29,Antamina,Antamina,"['CP Cajacay', 'CP Santa Rosa']",ÁNCASH,"['CP Cajacay', 'CP Santa Rosa']",2016,1,2016-S1
Grupo_1740,Activo,2016-02-29,Antamina,Antamina,"['Huaripampa Alto', 'Huaripampa Centro', 'Huaripampa Bajo']",ÁNCASH,"['Huaripampa Alto', 'Huaripampa Central', 'Huaripampa Baja']",2016,1,2016-S1
Grupo_1440,Activo,2016-02-29,Antamina,Antamina,['CP Túpac Amaru'],ÁNCASH,['CP Tupac Amaru'],2016,1,2016-S1
Grupo_1391,Activo,2016-02-29,Antamina,Antamina,['CP Chipta'],ÁNCASH,['Huanchay'],2016,1,2016-S1
Grupo_1237,Activo,2016-02-29,Las Bambas,Las Bambas,"['CP Tambulla', 'Distrito Chalhuahuacho']",APURÍMAC,"['CP Tambulla', 'Chalhuahuacho']",2016,1,2016-S1
Grupo_1604,Activo,2016-02-29,Las Bambas,Las Bambas,"['CP Ccahuapirhua', 'CP Chicñahui', 'CP Record Ccanccaja']",APURÍMAC,"['Ccahuapirhua', 'CP Chicñahui', 'Juliaca']",2016,1,2016-S1
Grupo_1251,Activo,2016-02-29,Cerro Corona,Gold Fields,['Distrito de Hualgayoc'],CAJAMARCA,['Hualgayoc'],2016,1,2016-S1
Grupo_1484,Activo,2016-02-29,Yanacocha,Yanacocha,['Distrito Los Baños del Inca'],CAJAMARCA,['Los Baños del Inca'],2016,1,2016-S1
Grupo_1768,Activo,2016-02-29,Cerro Corona,Gold Fields,['CP Tingo'],CAJAMARCA,['CP Tingo'],2016,1,2016-S1
Grupo_1421,Activo,2016-02-29,Antapaccay,Antapaccay,['Provincia de Espinar'],CUSCO,['Espinar'],2016,1,2016-S1
Grupo_606,Activo,2016-02-29,Toromocho,Chinalco,"['CP Morococha', 'CP Nueva Ciudad Morococha']",JUNÍN,"['CP Morococha', 'CP Morococha']",2016,1,2016-S1
Grupo_829,Activo,2016-03-31,Antamina,Antamina,"['CP Carhuayoc', 'CP Cátac']",ÁNCASH,"['CP Carhuayoc', 'CP Catac']",2016,1,2016-S1
Grupo_1313,Activo,2016-03-31,Antamina,Antamina,['Distrito de Huarmey'],ÁNCASH,['Huarmey'],2016,1,2016-S1
Grupo_481,Activo,2016-03-31,Antamina,Antamina,"['CP Ayash Pichiú', 'CP Santa Cruz Pichiú']",ÁNCASH,"['CP Ayash Pichiu', 'Santa Cruz Pichiu']",2016,1,2016-S1
Grupo_1468,Activo,2016-03-31,Antamina,Antamina,"['CP Cajacay', 'CP Santa Rosa']",ÁNCASH,"['CP Cajacay', 'CP Santa Rosa']",2016,1,2016-S1
Grupo_1740,Activo,2016-03-31,Antamina,Antamina,"['Huaripampa Alto', 'Huaripampa Centro', 'Huaripampa Bajo']",ÁNCASH,"['Huaripampa Alto', 'Huaripampa Central', 'Huaripampa Baja']",2016,1,2016-S1
Grupo_1440,Activo,2016-03-31,Antamina,Antamina,['CP Túpac Amaru'],ÁNCASH,['CP Tupac Amaru'],2016,1,2016-S1
Grupo_1391,Activo,2016-03-31,Antamina,Antamina,['CP Chipta'],ÁNCASH,['Huanchay'],2016,1,2016-S1
Grupo_1237,Activo,2016-03-31,Las Bambas,Las Bambas,"['CP Tambulla', 'Distrito Chalhuahuacho']",APURÍMAC,"['CP Tambulla', 'Chalhuahuacho']",2016,1,2016-S1
Grupo_1604,Activo,2016-03-31,Las Bambas,Las Bambas,"['CP Ccahuapirhua', 'CP Chicñahui', 'CP Record Ccanccaja']",APURÍMAC,"['Ccahuapirhua', 'CP Chicñahui', 'Juliaca']",2016,1,2016-S1
Grupo_1251,Activo,2016-03-31,Cerro Corona,Gold Fields,['Distrito de Hualgayoc'],CAJAMARCA,['Hualgayoc'],2016,1,2016-S1
Grupo_1484,Activo,2016-03-31,Yanacocha,Yanacocha,['Distrito Los Baños del Inca'],CAJAMARCA,['Los Baños del Inca'],2016,1,2016-S1
Grupo_1768,Activo,2016-03-31,Cerro Corona,Gold Fields,['CP Tingo'],CAJAMARCA,['CP Tingo'],2016,1,2016-S1
Grupo_1421,Activo,2016-03-31,Antapaccay,Antapaccay,['Provincia de Espinar'],CUSCO,['Espinar'],2016,1,2016-S1
Grupo_606,Activo,2016-03-31,Toromocho,Chinalco,"['CP Morococha', 'CP Nueva Ciudad Morococha']",JUNÍN,"['CP Morococha', 'CP Morococha']",2016,1,2016-S1
Grupo_829,Activo,2016-04-30,Antamina,Antamina,"['CP Carhuayoc', 'CP Cátac']",ÁNCASH,"['CP Carhuayoc', 'CP Catac']",2016,1,2016-S1
Grupo_1313,Activo,2016-04-30,Antamina,Antamina,['Distrito de Huarmey'],ÁNCASH,['Huarmey'],2016,1,2016-S1
Grupo_481,Activo,2016-04-30,Antamina,Antamina,"['CP Ayash Pichiú', 'CP Santa Cruz Pichiú']",ÁNCASH,"['CP Ayash Pichiu', 'Santa Cruz Pichiu']",2016,1,2016-S1
Grupo_1468,Activo,2016-04-30,Antamina,Antamina,"['CP Cajacay', 'CP Santa Rosa']",ÁNCASH,"['CP Cajacay', 'CP Santa Rosa']",2016,1,2016-S1
Grupo_1740,Activo,2016-04-30,Antamina,Antamina,"['Huaripampa Alto', 'Huaripampa Centro', 'Huaripampa Bajo']",ÁNCASH,"['Huaripampa Alto', 'Huaripampa Central', 'Huaripampa Baja']",2016,1,2016-S1
Grupo_1440,Activo,2016-04-30,Antamina,Antamina,['CP Túpac Amaru'],ÁNCASH,['CP Tupac Amaru'],2016,1,2016-S1
Grupo_1391,Activo,2016-04-30,Antamina,Antamina,['CP Chipta'],ÁNCASH,['Huanchay'],2016,1,2016-S1
Grupo_1237,Activo,2016-04-30,Las Bambas,Las Bambas,"['CP Tambulla', 'Distrito Chalhuahuacho']",APURÍMAC,"['CP Tambulla', 'Chalhuahuacho']",2016,1,2016-S1
Grupo_1604,Activo,2016-04-30,Las Bambas,Las Bambas,"['CP Ccahuapirhua', 'CP Chicñahui', 'CP Record Ccanccaja']",APURÍMAC,"['Ccahuapirhua', 'CP Chicñahui', 'Juliaca']",2016,1,2016-S1
Grupo_1251,Activo,2016-04-30,Cerro Corona,Gold Fields,['Distrito de Hualgayoc'],CAJAMARCA,['Hualgayoc'],2016,1,2016-S1
Grupo_1484,Activo,2016-04-30,Yanacocha,Yanacocha,['Distrito Los Baños del Inca'],CAJAMARCA,['Los Baños del Inca'],2016,1,2016-S1
Grupo_1768,Activo,2016-04-30,Cerro Corona,Gold Fields,['CP Tingo'],CAJAMARCA,['CP Tingo'],2016,1,2016-S1
Grupo_1421,Activo,2016-04-30,Antapaccay,Antapaccay,['Provincia de Espinar'],CUSCO,['Espinar'],2016,1,2016-S1
Grupo_606,Activo,2016-04-30,Toromocho,Chinalco,"['CP Morococha', 'CP Nueva Ciudad Morococha']",JUNÍN,"['CP Morococha', 'CP Morococha']",2016,1,2016-S1
Grupo_829,Activo,2016-05-31,Antamina,Antamina,"['CP Carhuayoc', 'CP Cátac']",ÁNCASH,"['CP Carhuayoc', 'CP Catac']",2016,1,2016-S1
Grupo_1313,Activo,2016-05-31,Antamina,Antamina,['Distrito de Huarmey'],ÁNCASH,['Huarmey'],2016,1,2016-S1
Grupo_481,Activo,2016-05-31,Antamina,Antamina,"['CP Ayash Pichiú', 'CP Santa Cruz Pichiú']",ÁNCASH,"['CP Ayash Pichiu', 'Santa Cruz Pichiu']",2016,1,2016-S1
Grupo_1468,Activo,2016-05-31,Antamina,Antamina,"['CP Cajacay', 'CP Santa Rosa']",ÁNCASH,"['CP Cajacay', 'CP Santa Rosa']",2016,1,2016-S1
Grupo_1740,Activo,2016-05-31,Antamina,Antamina,"['Huaripampa Alto', 'Huaripampa Centro', 'Huaripampa Bajo']",ÁNCASH,"['Huaripampa Alto', 'Huaripampa Central', 'Huaripampa Baja']",2016,1,2016-S1
Grupo_1440,Activo,2016-05-31,Antamina,Antamina,['CP Túpac Amaru'],ÁNCASH,['CP Tupac Amaru'],2016,1,2016-S1
Grupo_1391,Activo,2016-05-31,Antamina,Antamina,['CP Chipta'],ÁNCASH,['Huanchay'],2016,1,2016-S1
Grupo_1237,Activo,2016-05-31,Las Bambas,Las Bambas,"['CP Tambulla', 'Distrito Chalhuahuacho']",APURÍMAC,"['CP Tambulla', 'Chalhuahuacho']",2016,1,2016-S1
Grupo_1604,Activo,2016-05-31,Las Bambas,Las Bambas,"['CP Ccahuapirhua', 'CP Chicñahui', 'CP Record Ccanccaja']",APURÍMAC,"['Ccahuapirhua', 'CP Chicñahui', 'Juliaca']",2016,1,2016-S1
Grupo_1251,Activo,2016-05-31,Cerro Corona,Gold Fields,['Distrito de Hualgayoc'],CAJAMARCA,['Hualgayoc'],2016,1,2016-S1
Grupo_1484,Activo,2016-05-31,Yanacocha,Yanacocha,['Distrito Los Baños del Inca'],CAJAMARCA,['Los Baños del Inca'],2016,1,2016-S1
Grupo_1768,Activo,2016-05-31,Cerro Corona,Gold Fields,['CP Tingo'],CAJAMARCA,['CP Tingo'],2016,1,2016-S1
Grupo_1421,Activo,2016-05-31,Antapaccay,Antapaccay,['Provincia de Espinar'],CUSCO,['Espinar'],2016,1,2016-S1
Grupo_1783,Activo,2016-05-31,Antamina,Antamina,['Distrito de Llata'],HUÁNUCO,['Llata'],2016,1,2016-S1
Grupo_606,Activo,2016-05-31,Toromocho,Chinalco,"['CP Morococha', 'CP Nueva Ciudad Morococha']",JUNÍN,"['CP Morococha', 'CP Morococha']",2016,1,2016-S1
Grupo_829,Activo,2016-06-30,Antamina,Antamina,"['CP Carhuayoc', 'CP Cátac']",ÁNCASH,"['CP Carhuayoc', 'CP Catac']",2016,1,2016-S1
Grupo_1313,Activo,2016-06-30,Antamina,Antamina,['Distrito de Huarmey'],ÁNCASH,['Huarmey'],2016,1,2016-S1
Grupo_481,Activo,2016-06-30,Antamina,Antamina,"['CP Ayash Pichiú', 'CP Santa Cruz Pichiú']",ÁNCASH,"['CP Ayash Pichiu', 'Santa Cruz Pichiu']",2016,1,2016-S1
Grupo_1468,Activo,2016-06-30,Antamina,Antamina,"['CP Cajacay', 'CP Santa Rosa']",ÁNCASH,"['CP Cajacay', 'CP Santa Rosa']",2016,1,2016-S1
Grupo_1740,Activo,2016-06-30,Antamina,Antamina,"['Huaripampa Alto', 'Huaripampa Centro', 'Huaripampa Bajo']",ÁNCASH,"['Huaripampa Alto', 'Huaripampa Central', 'Huaripampa Baja']",2016,1,2016-S1
Grupo_1440,Activo,2016-06-30,Antamina,Antamina,['CP Túpac Amaru'],ÁNCASH,['CP Tupac Amaru'],2016,1,2016-S1
Grupo_1391,Activo,2016-06-30,Antamina,Antamina,['CP Chipta'],ÁNCASH,['Huanchay'],2016,1,2016-S1
Grupo_1237,Activo,2016-06-30,Las Bambas,Las Bambas,"['CP Tambulla', 'Distrito Chalhuahuacho']",APURÍMAC,"['CP Tambulla', 'Chalhuahuacho']",2016,1,2016-S1
Grupo_1604,Activo,2016-06-30,Las Bambas,Las Bambas,"['CP Ccahuapirhua', 'CP Chicñahui', 'CP Record Ccanccaja']",APURÍMAC,"['Ccahuapirhua', 'CP Chicñahui', 'Juliaca']",2016,1,2016-S1
Grupo_1251,Activo,2016-06-30,Cerro Corona,Gold Fields,['Distrito de Hualgayoc'],CAJAMARCA,['Hualgayoc'],2016,1,2016-S1
Grupo_1484,Activo,2016-06-30,Yanacocha,Yanacocha,['Distrito Los Baños del Inca'],CAJAMARCA,['Los Baños del Inca'],2016,1,2016-S1
Grupo_1768,Activo,2016-06-30,Cerro Corona,Gold Fields,['CP Tingo'],CAJAMARCA,['CP Tingo'],2016,1,2016-S1
Grupo_1421,Activo,2016-06-30,Antapaccay,Antapaccay,['Provincia de Espinar'],CUSCO,['Espinar'],2016,1,2016-S1
Grupo_1783,Activo,2016-06-30,Antamina,Antamina,['Distrito de Llata'],HUÁNUCO,['Llata'],2016,1,2016-S1
Grupo_606,Activo,2016-06-30,Toromocho,Chinalco,"['CP Morococha', 'CP Nueva Ciudad Morococha']",JUNÍN,"['CP Morococha', 'CP Morococha']",2016,1,2016-S1
Grupo_829,Activo,2016-07-31,Antamina,Antamina,"['CP Carhuayoc', 'CP Cátac']",ÁNCASH,"['CP Carhuayoc', 'CP Catac']",2016,2,2016-S2
Grupo_1313,Activo,2016-07-31,Antamina,Antamina,['Distrito de Huarmey'],ÁNCASH,['Huarmey'],2016,2,2016-S2
Grupo_481,Activo,2016-07-31,Antamina,Antamina,"['CP Ayash Pichiú', 'CP Santa Cruz Pichiú']",ÁNCASH,"['CP Ayash Pichiu', 'Santa Cruz Pichiu']",2016,2,2016-S2
Grupo_1468,Activo,2016-07-31,Antamina,Antamina,"['CP Cajacay', 'CP Santa Rosa']",ÁNCASH,"['CP Cajacay', 'CP Santa Rosa']",2016,2,2016-S2
Grupo_1740,Activo,2016-07-31,Antamina,Antamina,"['Huaripampa Alto', 'Huaripampa Centro', 'Huaripampa Bajo']",ÁNCASH,"['Huaripampa Alto', 'Huaripampa Central', 'Huaripampa Baja']",2016,2,2016-S2
Grupo_1440,Activo,2016-07-31,Antamina,Antamina,['CP Túpac Amaru'],ÁNCASH,['CP Tupac Amaru'],2016,2,2016-S2
Grupo_1391,Activo,2016-07-31,Antamina,Antamina,['CP Chipta'],ÁNCASH,['Huanchay'],2016,2,2016-S2
Grupo_1237,Activo,2016-07-31,Las Bambas,Las Bambas,"['CP Tambulla', 'Distrito Chalhuahuacho']",APURÍMAC,"['CP Tambulla', 'Chalhuahuacho']",2016,2,2016-S2
Grupo_1604,Activo,2016-07-31,Las Bambas,Las Bambas,"['CP Ccahuapirhua', 'CP Chicñahui', 'CP Record Ccanccaja']",APURÍMAC,"['Ccahuapirhua', 'CP Chicñahui', 'Juliaca']",2016,2,2016-S2
Grupo_1251,Activo,2016-07-31,Cerro Corona,Gold Fields,['Distrito de Hualgayoc'],CAJAMARCA,['Hualgayoc'],2016,2,2016-S2
Grupo_1484,Activo,2016-07-31,Yanacocha,Yanacocha,['Distrito Los Baños del Inca'],CAJAMARCA,['Los Baños del Inca'],2016,2,2016-S2
Grupo_1768,Activo,2016-07-31,Cerro Corona,Gold Fields,['CP Tingo'],CAJAMARCA,['CP Tingo'],2016,2,2016-S2
Grupo_1421,Activo,2016-07-31,Antapaccay,Antapaccay,['Provincia de Espinar'],CUSCO,['Espinar'],2016,2,2016-S2
Grupo_1783,Activo,2016-07-31,Antamina,Antamina,['Distrito de Llata'],HUÁNUCO,['Llata'],2016,2,2016-S2
Grupo_606,Activo,2016-07-31,Toromocho,Chinalco,"['CP Morococha', 'CP Nueva Ciudad Morococha']",JUNÍN,"['CP Morococha', 'CP Morococha']",2016,2,2016-S2
Grupo_829,Activo,2016-08-31,Antamina,Antamina,"['CP Carhuayoc', 'CP Cátac']",ÁNCASH,"['CP Carhuayoc', 'CP Catac']",2016,2,2016-S2
Grupo_1313,Activo,2016-08-31,Antamina,Antamina,['Distrito de Huarmey'],ÁNCASH,['Huarmey'],2016,2,2016-S2
Grupo_481,Activo,2016-08-31,Antamina,Antamina,"['CP Ayash Pichiú', 'CP Santa Cruz Pichiú']",ÁNCASH,"['CP Ayash Pichiu', 'Santa Cruz Pichiu']",2016,2,2016-S2
Grupo_1468,Activo,2016-08-31,Antamina,Antamina,"['CP Cajacay', 'CP Santa Rosa']",ÁNCASH,"['CP Cajacay', 'CP Santa Rosa']",2016,2,2016-S2
Grupo_1740,Activo,2016-08-31,Antamina,Antamina,"['Huaripampa Alto', 'Huaripampa Centro', 'Huaripampa Bajo']",ÁNCASH,"['Huaripampa Alto', 'Huaripampa Central', 'Huaripampa Baja']",2016,2,2016-S2
Grupo_1440,Activo,2016-08-31,Antamina,Antamina,['CP Túpac Amaru'],ÁNCASH,['CP Tupac Amaru'],2016,2,2016-S2
Grupo_1391,Activo,2016-08-31,Antamina,Antamina,['CP Chipta'],ÁNCASH,['Huanchay'],2016,2,2016-S2
Grupo_1237,Activo,2016-08-31,Las Bambas,Las Bambas,"['CP Tambulla', 'Distrito Chalhuahuacho']",APURÍMAC,"['CP Tambulla', 'Chalhuahuacho']",2016,2,2016-S2
Grupo_1604,Activo,2016-08-31,Las Bambas,Las Bambas,"['CP Ccahuapirhua', 'CP Chicñahui', 'CP Record Ccanccaja']",APURÍMAC,"['Ccahuapirhua', 'CP Chicñahui', 'Juliaca']",2016,2,2016-S2
Grupo_1251,Activo,2016-08-31,Cerro Corona,Gold Fields,['Distrito de Hualgayoc'],CAJAMARCA,['Hualgayoc'],2016,2,2016-S2
Grupo_1484,Activo,2016-08-31,Yanacocha,Yanacocha,['Distrito Los Baños del Inca'],CAJAMARCA,['Los Baños del Inca'],2016,2,2016-S2
Grupo_1768,Activo,2016-08-31,Cerro Corona,Gold Fields,['CP Tingo'],CAJAMARCA,['CP Tingo'],2016,2,2016-S2
Grupo_1421,Activo,2016-08-31,Antapaccay,Antapaccay,['Provincia de Espinar'],CUSCO,['Espinar'],2016,2,2016-S2
Grupo_1783,Activo,2016-08-31,Antamina,Antamina,['Distrito de Llata'],HUÁNUCO,['Llata'],2016,2,2016-S2
Grupo_606,Activo,2016-08-31,Toromocho,Chinalco,"['CP Morococha', 'CP Nueva Ciudad Morococha']",JUNÍN,"['CP Morococha', 'CP Morococha']",2016,2,2016-S2
Grupo_829,Activo,2016-09-30,Antamina,Antamina,"['CP Carhuayoc', 'CP Cátac']",ÁNCASH,"['CP Carhuayoc', 'CP Catac']",2016,2,2016-S2
Grupo_1313,Activo,2016-09-30,Antamina,Antamina,['Distrito de Huarmey'],ÁNCASH,['Huarmey'],2016,2,2016-S2
Grupo_481,Activo,2016-09-30,Antamina,Antamina,"['CP Ayash Pichiú', 'CP Santa Cruz Pichiú']",ÁNCASH,"['CP Ayash Pichiu', 'Santa Cruz Pichiu']",2016,2,2016-S2
Grupo_1468,Activo,2016-09-30,Antamina,Antamina,"['CP Cajacay', 'CP Santa Rosa']",ÁNCASH,"['CP Cajacay', 'CP Santa Rosa']",2016,2,2016-S2
Grupo_1740,Activo,2016-09-30,Antamina,Antamina,"['Huaripampa Alto', 'Huaripampa Centro', 'Huaripampa Bajo']",ÁNCASH,"['Huaripampa Alto', 'Huaripampa Central', 'Huaripampa Baja']",2016,2,2016-S2
Grupo_1440,Activo,2016-09-30,Antamina,Antamina,['CP Túpac Amaru'],ÁNCASH,['CP Tupac Amaru'],2016,2,2016-S2
Grupo_1391,Activo,2016-09-30,Antamina,Antamina,['CP Chipta'],ÁNCASH,['Huanchay'],2016,2,2016-S2
Grupo_1237,Activo,2016-09-30,Las Bambas,Las Bambas,"['CP Tambulla', 'Distrito Chalhuahuacho']",APURÍMAC,"['CP Tambulla', 'Chalhuahuacho']",2016,2,2016-S2
Grupo_1604,Activo,2016-09-30,Las Bambas,Las Bambas,"['CP Ccahuapirhua', 'CP Chicñahui', 'CP Record Ccanccaja']",APURÍMAC,"['Ccahuapirhua', 'CP Chicñahui', 'Juliaca']",2016,2,2016-S2
Grupo_1251,Activo,2016-09-30,Cerro Corona,Gold Fields,['Distrito de Hualgayoc'],CAJAMARCA,['Hualgayoc'],2016,2,2016-S2
Grupo_1484,Activo,2016-09-30,Yanacocha,Yanacocha,['Distrito Los Baños del Inca'],CAJAMARCA,['Los Baños del Inca'],2016,2,2016-S2
Grupo_1768,Activo,2016-09-30,Cerro Corona,Gold Fields,['CP Tingo'],CAJAMARCA,['CP Tingo'],2016,2,2016-S2
Grupo_1421,Activo,2016-09-30,Antapaccay,Antapaccay,['Provincia de Espinar'],CUSCO,['Espinar'],2016,2,2016-S2
Grupo_1783,Activo,2016-09-30,Antamina,Antamina,['Distrito de Llata'],HUÁNUCO,['Llata'],2016,2,2016-S2
Grupo_606,Activo,2016-09-30,Toromocho,Chinalco,"['CP Morococha', 'CP Nueva Ciudad Morococha']",JUNÍN,"['CP Morococha', 'CP Morococha']",2016,2,2016-S2
Grupo_829,Activo,2016-10-31,Antamina,Antamina,"['CP Carhuayoc', 'CP Cátac']",ÁNCASH,"['CP Carhuayoc', 'CP Catac']",2016,2,2016-S2
Grupo_1313,Activo,2016-10-31,Antamina,Antamina,['Distrito de Huarmey'],ÁNCASH,['Huarmey'],2016,2,2016-S2
Grupo_481,Activo,2016-10-31,Antamina,Antamina,"['CP Ayash Pichiú', 'CP Santa Cruz Pichiú']",ÁNCASH,"['CP Ayash Pichiu', 'Santa Cruz Pichiu']",2016,2,2016-S2
Grupo_1468,Activo,2016-10-31,Antamina,Antamina,"['CP Cajacay', 'CP Santa Rosa']",ÁNCASH,"['CP Cajacay', 'CP Santa Rosa']",2016,2,2016-S2
Grupo_1740,Activo,2016-10-31,Antamina,Antamina,"['Huaripampa Alto', 'Huaripampa Centro', 'Huaripampa Bajo']",ÁNCASH,"['Huaripampa Alto', 'Huaripampa Central', 'Huaripampa Baja']",2016,2,2016-S2
Grupo_1440,Activo,2016-10-31,Antamina,Antamina,['CP Túpac Amaru'],ÁNCASH,['CP Tupac Amaru'],2016,2,2016-S2
Grupo_1391,Activo,2016-10-31,Antamina,Antamina,['CP Chipta'],ÁNCASH,['Huanchay'],2016,2,2016-S2
Grupo_1237,Activo,2016-10-31,Las Bambas,Las Bambas,"['CP Tambulla', 'Distrito Chalhuahuacho']",APURÍMAC,"['CP Tambulla', 'Chalhuahuacho']",2016,2,2016-S2
Grupo_1604,Activo,2016-10-31,Las Bambas,Las Bambas,"['CP Ccahuapirhua', 'CP Chicñahui', 'CP Record Ccanccaja']",APURÍMAC,"['Ccahuapirhua', 'CP Chicñahui', 'Juliaca']",2016,2,2016-S2
Grupo_1251,Activo,2016-10-31,Cerro Corona,Gold Fields,['Distrito de Hualgayoc'],CAJAMARCA,['Hualgayoc'],2016,2,2016-S2
Grupo_1484,Activo,2016-10-31,Yanacocha,Yanacocha,['Distrito Los Baños del Inca'],CAJAMARCA,['Los Baños del Inca'],2016,2,2016-S2
Grupo_1768,Activo,2016-10-31,Cerro Corona,Gold Fields,['CP Tingo'],CAJAMARCA,['CP Tingo'],2016,2,2016-S2
Grupo_1421,Activo,2016-10-31,Antapaccay,Antapaccay,['Provincia de Espinar'],CUSCO,['Espinar'],2016,2,2016-S2
Grupo_2183,Activo,2016-10-31,Las Bambas,Las Bambas,"['Distrito Yauri', 'Distrito Velille', 'Distrito Ccapacmarca', 'CP Challhuahuacho']",CUSCO,"['Yauri', 'Velille', 'Ccapacmarca', 'CP Challhuahuacho']",2016,2,2016-S2
Grupo_1783,Activo,2016-10-31,Antamina,Antamina,['Distrito de Llata'],HUÁNUCO,['Llata'],2016,2,2016-S2
Grupo_606,Activo,2016-10-31,Toromocho,Chinalco,"['CP Morococha', 'CP Nueva Ciudad Morococha']",JUNÍN,"['CP Morococha', 'CP Morococha']",2016,2,2016-S2
Grupo_2187,Activo,2016-10-31,Chungar,Volcan,['CC Baños'],LIMA PROVINCIAS,['Baños'],2016,2,2016-S2
Grupo_829,Activo,2016-11-30,Antamina,Antamina,"['CP Carhuayoc', 'CP Cátac']",ÁNCASH,"['CP Carhuayoc', 'CP Catac']",2016,2,2016-S2
Grupo_1313,Activo,2016-11-30,Antamina,Antamina,['Distrito de Huarmey'],ÁNCASH,['Huarmey'],2016,2,2016-S2
Grupo_481,Activo,2016-11-30,Antamina,Antamina,"['CP Ayash Pichiú', 'CP Santa Cruz Pichiú']",ÁNCASH,"['CP Ayash Pichiu', 'Santa Cruz Pichiu']",2016,2,2016-S2
Grupo_1468,Activo,2016-11-30,Antamina,Antamina,"['CP Cajacay', 'CP Santa Rosa']",ÁNCASH,"['CP Cajacay', 'CP Santa Rosa']",2016,2,2016-S2
Grupo_1740,Activo,2016-11-30,Antamina,Antamina,"['Huaripampa Alto', 'Huaripampa Centro', 'Huaripampa Bajo']",ÁNCASH,"['Huaripampa Alto', 'Huaripampa Central', 'Huaripampa Baja']",2016,2,2016-S2
Grupo_1440,Activo,2016-11-30,Antamina,Antamina,['CP Túpac Amaru'],ÁNCASH,['CP Tupac Amaru'],2016,2,2016-S2
Grupo_1391,Activo,2016-11-30,Antamina,Antamina,['CP Chipta'],ÁNCASH,['Huanchay'],2016,2,2016-S2
Grupo_1237,Activo,2016-11-30,Las Bambas,Las Bambas,"['CP Tambulla', 'Distrito Chalhuahuacho']",APURÍMAC,"['CP Tambulla', 'Chalhuahuacho']",2016,2,2016-S2
Grupo_1604,Activo,2016-11-30,Las Bambas,Las Bambas,"['CP Ccahuapirhua', 'CP Chicñahui', 'CP Record Ccanccaja']",APURÍMAC,"['Ccahuapirhua', 'CP Chicñahui', 'Juliaca']",2016,2,2016-S2
Grupo_1251,Activo,2016-11-30,Cerro Corona,Gold Fields,['Distrito de Hualgayoc'],CAJAMARCA,['Hualgayoc'],2016,2,2016-S2
Grupo_1484,Activo,2016-11-30,Yanacocha,Yanacocha,['Distrito Los Baños del Inca'],CAJAMARCA,['Los Baños del Inca'],2016,2,2016-S2
Grupo_1768,Activo,2016-11-30,Cerro Corona,Gold Fields,['CP Tingo'],CAJAMARCA,['CP Tingo'],2016,2,2016-S2
Grupo_1421,Activo,2016-11-30,Antapaccay,Antapaccay,['Provincia de Espinar'],CUSCO,['Espinar'],2016,2,2016-S2
Grupo_2183,Activo,2016-11-30,Las Bambas,Las Bambas,"['Distrito Yauri', 'Distrito Velille', 'Distrito Ccapacmarca', 'CP Challhuahuacho']",CUSCO,"['Yauri', 'Velille', 'Ccapacmarca', 'CP Challhuahuacho']",2016,2,2016-S2
Grupo_1783,Activo,2016-11-30,Antamina,Antamina,['Distrito de Llata'],HUÁNUCO,['Llata'],2016,2,2016-S2
Grupo_606,Activo,2016-11-30,Toromocho,Chinalco,"['CP Morococha', 'CP Nueva Ciudad Morococha']",JUNÍN,"['CP Morococha', 'CP Morococha']",2016,2,2016-S2
Grupo_2187,Activo,2016-11-30,Chungar,Volcan,['CC Baños'],LIMA PROVINCIAS,['Baños'],2016,2,2016-S2
Grupo_829,Activo,2016-12-31,Antamina,Antamina,"['CP Carhuayoc', 'CP Cátac']",ÁNCASH,"['CP Carhuayoc', 'CP Catac']",2016,2,2016-S2
Grupo_1313,Activo,2016-12-31,Antamina,Antamina,['Distrito de Huarmey'],ÁNCASH,['Huarmey'],2016,2,2016-S2
Grupo_481,Activo,2016-12-31,Antamina,Antamina,"['CP Ayash Pichiú', 'CP Santa Cruz Pichiú']",ÁNCASH,"['CP Ayash Pichiu', 'Santa Cruz Pichiu']",2016,2,2016-S2
Grupo_1468,Activo,2016-12-31,Antamina,Antamina,"['CP Cajacay', 'CP Santa Rosa']",ÁNCASH,"['CP Cajacay', 'CP Santa Rosa']",2016,2,2016-S2
Grupo_1740,Activo,2016-12-31,Antamina,Antamina,"['Huaripampa Alto', 'Huaripampa Centro', 'Huaripampa Bajo']",ÁNCASH,"['Huaripampa Alto', 'Huaripampa Central', 'Huaripampa Baja']",2016,2,2016-S2
Grupo_1440,Activo,2016-12-31,Antamina,Antamina,['CP Túpac Amaru'],ÁNCASH,['CP Tupac Amaru'],2016,2,2016-S2
Grupo_1391,Activo,2016-12-31,Antamina,Antamina,['CP Chipta'],ÁNCASH,['Huanchay'],2016,2,2016-S2
Grupo_1237,Activo,2016-12-31,Las Bambas,Las Bambas,"['CP Tambulla', 'Distrito Chalhuahuacho']",APURÍMAC,"['CP Tambulla', 'Chalhuahuacho']",2016,2,2016-S2
Grupo_1604,Activo,2016-12-31,Las Bambas,Las Bambas,"['CP Ccahuapirhua', 'CP Chicñahui', 'CP Record Ccanccaja']",APURÍMAC,"['Ccahuapirhua', 'CP Chicñahui', 'Juliaca']",2016,2,2016-S2
Grupo_1251,Activo,2016-12-31,Cerro Corona,Gold Fields,['Distrito de Hualgayoc'],CAJAMARCA,['Hualgayoc'],2016,2,2016-S2
Grupo_1484,Activo,2016-12-31,Yanacocha,Yanacocha,['Distrito Los Baños del Inca'],CAJAMARCA,['Los Baños del Inca'],2016,2,2016-S2
Grupo_1768,Activo,2016-12-31,Cerro Corona,Gold Fields,['CP Tingo'],CAJAMARCA,['CP Tingo'],2016,2,2016-S2
Grupo_1421,Activo,2016-12-31,Antapaccay,Antapaccay,['Provincia de Espinar'],CUSCO,['Espinar'],2016,2,2016-S2
Grupo_2183,Activo,2016-12-31,Las Bambas,Las Bambas,"['Distrito Yauri', 'Distrito Velille', 'Distrito Ccapacmarca', 'CP Challhuahuacho']",CUSCO,"['Yauri', 'Velille', 'Ccapacmarca', 'CP Challhuahuacho']",2016,2,2016-S2
Grupo_1783,Activo,2016-12-31,Antamina,Antamina,['Distrito de Llata'],HUÁNUCO,['Llata'],2016,2,2016-S2
Grupo_606,Activo,2016-12-31,Toromocho,Chinalco,"['CP Morococha', 'CP Nueva Ciudad Morococha']",JUNÍN,"['CP Morococha', 'CP Morococha']",2016,2,2016-S2
Grupo_2187,Activo,2016-12-31,Chungar,Volcan,['CC Baños'],LIMA PROVINCIAS,['Baños'],2016,2,2016-S2
Grupo_829,Activo,2017-01-31,Antamina,Antamina,"['CP Carhuayoc', 'CP Cátac']",ÁNCASH,"['CP Carhuayoc', 'CP Catac']",2017,1,2017-S1
Grupo_1313,Activo,2017-01-31,Antamina,Antamina,['Distrito de Huarmey'],ÁNCASH,['Huarmey'],2017,1,2017-S1
Grupo_481,Activo,2017-01-31,Antamina,Antamina,"['CP Ayash Pichiú', 'CP Santa Cruz Pichiú']",ÁNCASH,"['CP Ayash Pichiu', 'Santa Cruz Pichiu']",2017,1,2017-S1
Grupo_1468,Activo,2017-01-31,Antamina,Antamina,"['CP Cajacay', 'CP Santa Rosa']",ÁNCASH,"['CP Cajacay', 'CP Santa Rosa']",2017,1,2017-S1
Grupo_1740,Activo,2017-01-31,Antamina,Antamina,"['Huaripampa Alto', 'Huaripampa Centro', 'Huaripampa Bajo']",ÁNCASH,"['Huaripampa Alto', 'Huaripampa Central', 'Huaripampa Baja']",2017,1,2017-S1
Grupo_1440,Activo,2017-01-31,Antamina,Antamina,['CP Túpac Amaru'],ÁNCASH,['CP Tupac Amaru'],2017,1,2017-S1
Grupo_1391,Activo,2017-01-31,Antamina,Antamina,['CP Chipta'],ÁNCASH,['Huanchay'],2017,1,2017-S1
Grupo_1237,Activo,2017-01-31,Las Bambas,Las Bambas,"['CP Tambulla', 'Distrito Chalhuahuacho']",APURÍMAC,"['CP Tambulla', 'Chalhuahuacho']",2017,1,2017-S1
Grupo_1604,Activo,2017-01-31,Las Bambas,Las Bambas,"['CP Ccahuapirhua', 'CP Chicñahui', 'CP Record Ccanccaja']",APURÍMAC,"['Ccahuapirhua', 'CP Chicñahui', 'Juliaca']",2017,1,2017-S1
Grupo_1251,Activo,2017-01-31,Cerro Corona,Gold Fields,['Distrito de Hualgayoc'],CAJAMARCA,['Hualgayoc'],2017,1,2017-S1
Grupo_1484,Activo,2017-01-31,Yanacocha,Yanacocha,['Distrito Los Baños del Inca'],CAJAMARCA,['Los Baños del Inca'],2017,1,2017-S1
Grupo_1768,Activo,2017-01-31,Cerro Corona,Gold Fields,['CP Tingo'],CAJAMARCA,['CP Tingo'],2017,1,2017-S1
Grupo_1421,Activo,2017-01-31,Antapaccay,Antapaccay,['Provincia de Espinar'],CUSCO,['Espinar'],2017,1,2017-S1
Grupo_2183,Activo,2017-01-31,Las Bambas,Las Bambas,"['Distrito Yauri', 'Distrito Velille', 'Distrito Ccapacmarca', 'CP Challhuahuacho']",CUSCO,"['Yauri', 'Velille', 'Ccapacmarca', 'CP Challhuahuacho']",2017,1,2017-S1
Grupo_1783,Activo,2017-01-31,Antamina,Antamina,['Distrito de Llata'],HUÁNUCO,['Llata'],2017,1,2017-S1
Grupo_606,Activo,2017-01-31,Toromocho,Chinalco,"['CP Morococha', 'CP Nueva Ciudad Morococha']",JUNÍN,"['CP Morococha', 'CP Morococha']",2017,1,2017-S1
Grupo_2187,Activo,2017-01-31,Chungar,Volcan,['CC Baños'],LIMA PROVINCIAS,['Baños'],2017,1,2017-S1
Grupo_829,Activo,2017-02-28,Antamina,Antamina,"['CP Carhuayoc', 'CP Cátac']",ÁNCASH,"['CP Carhuayoc', 'CP Catac']",2017,1,2017-S1
Grupo_1313,Activo,2017-02-28,Antamina,Antamina,['Distrito de Huarmey'],ÁNCASH,['Huarmey'],2017,1,2017-S1
Grupo_481,Activo,2017-02-28,Antamina,Antamina,"['CP Ayash Pichiú', 'CP Santa Cruz Pichiú']",ÁNCASH,"['CP Ayash Pichiu', 'Santa Cruz Pichiu']",2017,1,2017-S1
Grupo_1468,Activo,2017-02-28,Antamina,Antamina,"['CP Cajacay', 'CP Santa Rosa']",ÁNCASH,"['CP Cajacay', 'CP Santa Rosa']",2017,1,2017-S1
Grupo_1740,Activo,2017-02-28,Antamina,Antamina,"['Huaripampa Alto', 'Huaripampa Centro', 'Huaripampa Bajo']",ÁNCASH,"['Huaripampa Alto', 'Huaripampa Central', 'Huaripampa Baja']",2017,1,2017-S1
Grupo_1440,Activo,2017-02-28,Antamina,Antamina,['CP Túpac Amaru'],ÁNCASH,['CP Tupac Amaru'],2017,1,2017-S1
Grupo_1391,Activo,2017-02-28,Antamina,Antamina,['CP Chipta'],ÁNCASH,['Huanchay'],2017,1,2017-S1
Grupo_1237,Activo,2017-02-28,Las Bambas,Las Bambas,"['CP Tambulla', 'Distrito Chalhuahuacho']",APURÍMAC,"['CP Tambulla', 'Chalhuahuacho']",2017,1,2017-S1
Grupo_1604,Activo,2017-02-28,Las Bambas,Las Bambas,"['CP Ccahuapirhua', 'CP Chicñahui', 'CP Record Ccanccaja']",APURÍMAC,"['Ccahuapirhua', 'CP Chicñahui', 'Juliaca']",2017,1,2017-S1
Grupo_1251,Activo,2017-02-28,Cerro Corona,Gold Fields,['Distrito de Hualgayoc'],CAJAMARCA,['Hualgayoc'],2017,1,2017-S1
Grupo_1484,Activo,2017-02-28,Yanacocha,Yanacocha,['Distrito Los Baños del Inca'],CAJAMARCA,['Los Baños del Inca'],2017,1,2017-S1
Grupo_1768,Activo,2017-02-28,Cerro Corona,Gold Fields,['CP Tingo'],CAJAMARCA,['CP Tingo'],2017,1,2017-S1
Grupo_1421,Activo,2017-02-28,Antapaccay,Antapaccay,['Provincia de Espinar'],CUSCO,['Espinar'],2017,1,2017-S1
Grupo_2183,Activo,2017-02-28,Las Bambas,Las Bambas,"['Distrito Yauri', 'Distrito Velille', 'Distrito Ccapacmarca', 'CP Challhuahuacho']",CUSCO,"['Yauri', 'Velille', 'Ccapacmarca', 'CP Challhuahuacho']",2017,1,2017-S1
Grupo_1783,Activo,2017-02-28,Antamina,Antamina,['Distrito de Llata'],HUÁNUCO,['Llata'],2017,1,2017-S1
Grupo_606,Activo,2017-02-28,Toromocho,Chinalco,"['CP Morococha', 'CP Nueva Ciudad Morococha']",JUNÍN,"['CP Morococha', 'CP Morococha']",2017,1,2017-S1
Grupo_2187,Activo,2017-02-28,Chungar,Volcan,['CC Baños'],LIMA PROVINCIAS,['Baños'],2017,1,2017-S1
Grupo_829,Activo,2017-03-31,Antamina,Antamina,"['CP Carhuayoc', 'CP Cátac']",ÁNCASH,"['CP Carhuayoc', 'CP Catac']",2017,1,2017-S1
Grupo_1313,Activo,2017-03-31,Antamina,Antamina,['Distrito de Huarmey'],ÁNCASH,['Huarmey'],2017,1,2017-S1
Grupo_481,Activo,2017-03-31,Antamina,Antamina,"['CP Ayash Pichiú', 'CP Santa Cruz Pichiú']",ÁNCASH,"['CP Ayash Pichiu', 'Santa Cruz Pichiu']",2017,1,2017-S1
Grupo_1468,Activo,2017-03-31,Antamina,Antamina,"['CP Cajacay', 'CP Santa Rosa']",ÁNCASH,"['CP Cajacay', 'CP Santa Rosa']",2017,1,2017-S1
Grupo_1740,Activo,2017-03-31,Antamina,Antamina,"['Huaripampa Alto', 'Huaripampa Centro', 'Huaripampa Bajo']",ÁNCASH,"['Huaripampa Alto', 'Huaripampa Central', 'Huaripampa Baja']",2017,1,2017-S1
Grupo_1440,Activo,2017-03-31,Antamina,Antamina,['CP Túpac Amaru'],ÁNCASH,['CP Tupac Amaru'],2017,1,2017-S1
Grupo_1391,Activo,2017-03-31,Antamina,Antamina,['CP Chipta'],ÁNCASH,['Huanchay'],2017,1,2017-S1
Grupo_1237,Activo,2017-03-31,Las Bambas,Las Bambas,"['CP Tambulla', 'Distrito Chalhuahuacho']",APURÍMAC,"['CP Tambulla', 'Chalhuahuacho']",2017,1,2017-S1
Grupo_1251,Activo,2017-03-31,Cerro Corona,Gold Fields,['Distrito de Hualgayoc'],CAJAMARCA,['Hualgayoc'],2017,1,2017-S1
Grupo_1484,Activo,2017-03-31,Yanacocha,Yanacocha,['Distrito Los Baños del Inca'],CAJAMARCA,['Los Baños del Inca'],2017,1,2017-S1
Grupo_1768,Activo,2017-03-31,Cerro Corona,Gold Fields,['CP Tingo'],CAJAMARCA,['CP Tingo'],2017,1,2017-S1
Grupo_1421,Activo,2017-03-31,Antapaccay,Antapaccay,['Provincia de Espinar'],CUSCO,['Espinar'],2017,1,2017-S1
Grupo_2183,Activo,2017-03-31,Las Bambas,Las Bambas,"['Distrito Yauri', 'Distrito Velille', 'Distrito Ccapacmarca', 'CP Challhuahuacho']",CUSCO,"['Yauri', 'Velille', 'Ccapacmarca', 'CP Challhuahuacho']",2017,1,2017-S1
Grupo_1783,Activo,2017-03-31,Antamina,Antamina,['Distrito de Llata'],HUÁNUCO,['Llata'],2017,1,2017-S1
Grupo_606,Activo,2017-03-31,Toromocho,Chinalco,"['CP Morococha', 'CP Nueva Ciudad Morococha']",JUNÍN,"['CP Morococha', 'CP Morococha']",2017,1,2017-S1
Grupo_2187,Activo,2017-03-31,Chungar,Volcan,['CC Baños'],LIMA PROVINCIAS,['Baños'],2017,1,2017-S1
Grupo_829,Activo,2017-04-30,Antamina,Antamina,"['CP Carhuayoc', 'CP Cátac']",ÁNCASH,"['CP Carhuayoc', 'CP Catac']",2017,1,2017-S1
Grupo_481,Activo,2017-04-30,Antamina,Antamina,"['CP Ayash Pichiú', 'CP Santa Cruz Pichiú']",ÁNCASH,"['CP Ayash Pichiu', 'Santa Cruz Pichiu']",2017,1,2017-S1
Grupo_1468,Activo,2017-04-30,Antamina,Antamina,"['CP Cajacay', 'CP Santa Rosa']",ÁNCASH,"['CP Cajacay', 'CP Santa Rosa']",2017,1,2017-S1
Grupo_1740,Activo,2017-04-30,Antamina,Antamina,"['Huaripampa Alto', 'Huaripampa Centro', 'Huaripampa Bajo']",ÁNCASH,"['Huaripampa Alto', 'Huaripampa Central', 'Huaripampa Baja']",2017,1,2017-S1
Grupo_1440,Activo,2017-04-30,Antamina,Antamina,['CP Túpac Amaru'],ÁNCASH,['CP Tupac Amaru'],2017,1,2017-S1
Grupo_1237,Activo,2017-04-30,Las Bambas,Las Bambas,"['CP Tambulla', 'Distrito Chalhuahuacho']",APURÍMAC,"['CP Tambulla', 'Chalhuahuacho']",2017,1,2017-S1
Grupo_1251,Activo,2017-04-30,Cerro Corona,Gold Fields,['Distrito de Hualgayoc'],CAJAMARCA,['Hualgayoc'],2017,1,2017-S1
Grupo_1484,Activo,2017-04-30,Yanacocha,Yanacocha,['Distrito Los Baños del Inca'],CAJAMARCA,['Los Baños del Inca'],2017,1,2017-S1
Grupo_1768,Activo,2017-04-30,Cerro Corona,Gold Fields,['CP Tingo'],CAJAMARCA,['CP Tingo'],2017,1,2017-S1
Grupo_1421,Activo,2017-04-30,Antapaccay,Antapaccay,['Provincia de Espinar'],CUSCO,['Espinar'],2017,1,2017-S1
Grupo_2183,Activo,2017-04-30,Las Bambas,Las Bambas,"['Distrito Yauri', 'Distrito Velille', 'Distrito Ccapacmarca', 'CP Challhuahuacho']",CUSCO,"['Yauri', 'Velille', 'Ccapacmarca', 'CP Challhuahuacho']",2017,1,2017-S1
Grupo_1783,Activo,2017-04-30,Antamina,Antamina,['Distrito de Llata'],HUÁNUCO,['Llata'],2017,1,2017-S1
Grupo_606,Activo,2017-04-30,Toromocho,Chinalco,"['CP Morococha', 'CP Nueva Ciudad Morococha']",JUNÍN,"['CP Morococha', 'CP Morococha']",2017,1,2017-S1
Grupo_2187,Activo,2017-04-30,Chungar,Volcan,['CC Baños'],LIMA PROVINCIAS,['Baños'],2017,1,2017-S1
Grupo_829,Activo,2017-05-31,Antamina,Antamina,"['CP Carhuayoc', 'CP Cátac']",ÁNCASH,"['CP Carhuayoc', 'CP Catac']",2017,1,2017-S1
Grupo_481,Activo,2017-05-31,Antamina,Antamina,"['CP Ayash Pichiú', 'CP Santa Cruz Pichiú']",ÁNCASH,"['CP Ayash Pichiu', 'Santa Cruz Pichiu']",2017,1,2017-S1
Grupo_1468,Activo,2017-05-31,Antamina,Antamina,"['CP Cajacay', 'CP Santa Rosa']",ÁNCASH,"['CP Cajacay', 'CP Santa Rosa']",2017,1,2017-S1
Grupo_1740,Activo,2017-05-31,Antamina,Antamina,"['Huaripampa Alto', 'Huaripampa Centro', 'Huaripampa Bajo']",ÁNCASH,"['Huaripampa Alto', 'Huaripampa Central', 'Huaripampa Baja']",2017,1,2017-S1
Grupo_1440,Activo,2017-05-31,Antamina,Antamina,['CP Túpac Amaru'],ÁNCASH,['CP Tupac Amaru'],2017,1,2017-S1
Grupo_1237,Activo,2017-05-31,Las Bambas,Las Bambas,"['CP Tambulla', 'Distrito Chalhuahuacho']",APURÍMAC,"['CP Tambulla', 'Chalhuahuacho']",2017,1,2017-S1
Grupo_1251,Activo,2017-05-31,Cerro Corona,Gold Fields,['Distrito de Hualgayoc'],CAJAMARCA,['Hualgayoc'],2017,1,2017-S1
Grupo_1484,Activo,2017-05-31,Yanacocha,Yanacocha,['Distrito Los Baños del Inca'],CAJAMARCA,['Los Baños del Inca'],2017,1,2017-S1
Grupo_1768,Activo,2017-05-31,Cerro Corona,Gold Fields,['CP Tingo'],CAJAMARCA,['CP Tingo'],2017,1,2017-S1
Grupo_1421,Activo,2017-05-31,Antapaccay,Antapaccay,['Provincia de Espinar'],CUSCO,['Espinar'],2017,1,2017-S1
Grupo_1783,Activo,2017-05-31,Antamina,Antamina,['Distrito de Llata'],HUÁNUCO,['Llata'],2017,1,2017-S1
Grupo_606,Activo,2017-05-31,Toromocho,Chinalco,"['CP Morococha', 'CP Nueva Ciudad Morococha']",JUNÍN,"['CP Morococha', 'CP Morococha']",2017,1,2017-S1
Grupo_2187,Activo,2017-05-31,Chungar,Volcan,['CC Baños'],LIMA PROVINCIAS,['Baños'],2017,1,2017-S1
Grupo_829,Activo,2017-06-30,Antamina,Antamina,"['CP Carhuayoc', 'CP Cátac']",ÁNCASH,"['CP Carhuayoc', 'CP Catac']",2017,1,2017-S1
Grupo_481,Activo,2017-06-30,Antamina,Antamina,"['CP Ayash Pichiú', 'CP Santa Cruz Pichiú']",ÁNCASH,"['CP Ayash Pichiu', 'Santa Cruz Pichiu']",2017,1,2017-S1
Grupo_1468,Activo,2017-06-30,Antamina,Antamina,"['CP Cajacay', 'CP Santa Rosa']",ÁNCASH,"['CP Cajacay', 'CP Santa Rosa']",2017,1,2017-S1
Grupo_1740,Activo,2017-06-30,Antamina,Antamina,"['Huaripampa Alto', 'Huaripampa Centro', 'Huaripampa Bajo']",ÁNCASH,"['Huaripampa Alto', 'Huaripampa Central', 'Huaripampa Baja']",2017,1,2017-S1
Grupo_1440,Activo,2017-06-30,Antamina,Antamina,['CP Túpac Amaru'],ÁNCASH,['CP Tupac Amaru'],2017,1,2017-S1
Grupo_1237,Activo,2017-06-30,Las Bambas,Las Bambas,"['CP Tambulla', 'Distrito Chalhuahuacho']",APURÍMAC,"['CP Tambulla', 'Chalhuahuacho']",2017,1,2017-S1
Grupo_1251,Activo,2017-06-30,Cerro Corona,Gold Fields,['Distrito de Hualgayoc'],CAJAMARCA,['Hualgayoc'],2017,1,2017-S1
Grupo_1484,Activo,2017-06-30,Yanacocha,Yanacocha,['Distrito Los Baños del Inca'],CAJAMARCA,['Los Baños del Inca'],2017,1,2017-S1
Grupo_1768,Activo,2017-06-30,Cerro Corona,Gold Fields,['CP Tingo'],CAJAMARCA,['CP Tingo'],2017,1,2017-S1
Grupo_1421,Activo,2017-06-30,Antapaccay,Antapaccay,['Provincia de Espinar'],CUSCO,['Espinar'],2017,1,2017-S1
Grupo_1783,Activo,2017-06-30,Antamina,Antamina,['Distrito de Llata'],HUÁNUCO,['Llata'],2017,1,2017-S1
Grupo_606,Activo,2017-06-30,Toromocho,Chinalco,"['CP Morococha', 'CP Nueva Ciudad Morococha']",JUNÍN,"['CP Morococha', 'CP Morococha']",2017,1,2017-S1
Grupo_2187,Activo,2017-06-30,Chungar,Volcan,['CC Baños'],LIMA PROVINCIAS,['Baños'],2017,1,2017-S1
Grupo_829,Activo,2017-07-31,Antamina,Antamina,"['CP Carhuayoc', 'CP Cátac']",ÁNCASH,"['CP Carhuayoc', 'CP Catac']",2017,2,2017-S2
Grupo_481,Activo,2017-07-31,Antamina,Antamina,"['CP Ayash Pichiú', 'CP Santa Cruz Pichiú']",ÁNCASH,"['CP Ayash Pichiu', 'Santa Cruz Pichiu']",2017,2,2017-S2
Grupo_1740,Activo,2017-07-31,Antamina,Antamina,"['Huaripampa Alto', 'Huaripampa Centro', 'Huaripampa Bajo']",ÁNCASH,"['Huaripampa Alto', 'Huaripampa Central', 'Huaripampa Baja']",2017,2,2017-S2
Grupo_1237,Activo,2017-07-31,Las Bambas,Las Bambas,"['CP Tambulla', 'Distrito Chalhuahuacho']",APURÍMAC,"['CP Tambulla', 'Chalhuahuacho']",2017,2,2017-S2
Grupo_1251,Activo,2017-07-31,Cerro Corona,Gold Fields,['Distrito de Hualgayoc'],CAJAMARCA,['Hualgayoc'],2017,2,2017-S2
Grupo_1484,Activo,2017-07-31,Yanacocha,Yanacocha,['Distrito Los Baños del Inca'],CAJAMARCA,['Los Baños del Inca'],2017,2,2017-S2
Grupo_1768,Activo,2017-07-31,Cerro Corona,Gold Fields,['CP Tingo'],CAJAMARCA,['CP Tingo'],2017,2,2017-S2
Grupo_1421,Activo,2017-07-31,Antapaccay,Antapaccay,['Provincia de Espinar'],CUSCO,['Espinar'],2017,2,2017-S2
Grupo_1783,Activo,2017-07-31,Antamina,Antamina,['Distrito de Llata'],HUÁNUCO,['Llata'],2017,2,2017-S2
Grupo_606,Activo,2017-07-31,Toromocho,Chinalco,"['CP Morococha', 'CP Nueva Ciudad Morococha']",JUNÍN,"['CP Morococha', 'CP Morococha']",2017,2,2017-S2
Grupo_2187,Activo,2017-07-31,Chungar,Volcan,['CC Baños'],LIMA PROVINCIAS,['Baños'],2017,2,2017-S2
Grupo_829,Activo,2017-08-31,Antamina,Antamina,"['CP Carhuayoc', 'CP Cátac']",ÁNCASH,"['CP Carhuayoc', 'CP Catac']",2017,2,2017-S2
Grupo_481,Activo,2017-08-31,Antamina,Antamina,"['CP Ayash Pichiú', 'CP Santa Cruz Pichiú']",ÁNCASH,"['CP Ayash Pichiu', 'Santa Cruz Pichiu']",2017,2,2017-S2
Grupo_1740,Activo,2017-08-31,Antamina,Antamina,"['Huaripampa Alto', 'Huaripampa Centro', 'Huaripampa Bajo']",ÁNCASH,"['Huaripampa Alto', 'Huaripampa Central', 'Huaripampa Baja']",2017,2,2017-S2
Grupo_1237,Activo,2017-08-31,Las Bambas,Las Bambas,"['CP Tambulla', 'Distrito Chalhuahuacho']",APURÍMAC,"['CP Tambulla', 'Chalhuahuacho']",2017,2,2017-S2
Grupo_1251,Activo,2017-08-31,Cerro Corona,Gold Fields,['Distrito de Hualgayoc'],CAJAMARCA,['Hualgayoc'],2017,2,2017-S2
Grupo_1484,Activo,2017-08-31,Yanacocha,Yanacocha,['Distrito Los Baños del Inca'],CAJAMARCA,['Los Baños del Inca'],2017,2,2017-S2
Grupo_1768,Activo,2017-08-31,Cerro Corona,Gold Fields,['CP Tingo'],CAJAMARCA,['CP Tingo'],2017,2,2017-S2
Grupo_1421,Activo,2017-08-31,Antapaccay,Antapaccay,['Provincia de Espinar'],CUSCO,['Espinar'],2017,2,2017-S2
Grupo_1783,Activo,2017-08-31,Antamina,Antamina,['Distrito de Llata'],HUÁNUCO,['Llata'],2017,2,2017-S2
Grupo_606,Activo,2017-08-31,Toromocho,Chinalco,"['CP Morococha', 'CP Nueva Ciudad Morococha']",JUNÍN,"['CP Morococha', 'CP Morococha']",2017,2,2017-S2
Grupo_2187,Activo,2017-08-31,Chungar,Volcan,['CC Baños'],LIMA PROVINCIAS,['Baños'],2017,2,2017-S2
Grupo_829,Activo,2017-09-30,Antamina,Antamina,"['CP Carhuayoc', 'CP Cátac']",ÁNCASH,"['CP Carhuayoc', 'CP Catac']",2017,2,2017-S2
Grupo_481,Activo,2017-09-30,Antamina,Antamina,"['CP Ayash Pichiú', 'CP Santa Cruz Pichiú']",ÁNCASH,"['CP Ayash Pichiu', 'Santa Cruz Pichiu']",2017,2,2017-S2
Grupo_1740,Activo,2017-09-30,Antamina,Antamina,"['Huaripampa Alto', 'Huaripampa Centro', 'Huaripampa Bajo']",ÁNCASH,"['Huaripampa Alto', 'Huaripampa Central', 'Huaripampa Baja']",2017,2,2017-S2
Grupo_1237,Activo,2017-09-30,Las Bambas,Las Bambas,"['CP Tambulla', 'Distrito Chalhuahuacho']",APURÍMAC,"['CP Tambulla', 'Chalhuahuacho']",2017,2,2017-S2
Grupo_1251,Activo,2017-09-30,Cerro Corona,Gold Fields,['Distrito de Hualgayoc'],CAJAMARCA,['Hualgayoc'],2017,2,2017-S2
Grupo_1484,Activo,2017-09-30,Yanacocha,Yanacocha,['Distrito Los Baños del Inca'],CAJAMARCA,['Los Baños del Inca'],2017,2,2017-S2
Grupo_1768,Activo,2017-09-30,Cerro Corona,Gold Fields,['CP Tingo'],CAJAMARCA,['CP Tingo'],2017,2,2017-S2
Grupo_1421,Activo,2017-09-30,Antapaccay,Antapaccay,['Provincia de Espinar'],CUSCO,['Espinar'],2017,2,2017-S2
Grupo_1783,Activo,2017-09-30,Antamina,Antamina,['Distrito de Llata'],HUÁNUCO,['Llata'],2017,2,2017-S2
Grupo_606,Activo,2017-09-30,Toromocho,Chinalco,"['CP Morococha', 'CP Nueva Ciudad Morococha']",JUNÍN,"['CP Morococha', 'CP Morococha']",2017,2,2017-S2
Grupo_2187,Activo,2017-09-30,Chungar,Volcan,['CC Baños'],LIMA PROVINCIAS,['Baños'],2017,2,2017-S2
Grupo_829,Activo,2017-10-31,Antamina,Antamina,"['CP Carhuayoc', 'CP Cátac']",ÁNCASH,"['CP Carhuayoc', 'CP Catac']",2017,2,2017-S2
Grupo_481,Activo,2017-10-31,Antamina,Antamina,"['CP Ayash Pichiú', 'CP Santa Cruz Pichiú']",ÁNCASH,"['CP Ayash Pichiu', 'Santa Cruz Pichiu']",2017,2,2017-S2
Grupo_1740,Activo,2017-10-31,Antamina,Antamina,"['Huaripampa Alto', 'Huaripampa Centro', 'Huaripampa Bajo']",ÁNCASH,"['Huaripampa Alto', 'Huaripampa Central', 'Huaripampa Baja']",2017,2,2017-S2
Grupo_1237,Activo,2017-10-31,Las Bambas,Las Bambas,"['CP Tambulla', 'Distrito Chalhuahuacho']",APURÍMAC,"['CP Tambulla', 'Chalhuahuacho']",2017,2,2017-S2
Grupo_1251,Activo,2017-10-31,Cerro Corona,Gold Fields,['Distrito de Hualgayoc'],CAJAMARCA,['Hualgayoc'],2017,2,2017-S2
Grupo_1484,Activo,2017-10-31,Yanacocha,Yanacocha,['Distrito Los Baños del Inca'],CAJAMARCA,['Los Baños del Inca'],2017,2,2017-S2
Grupo_1768,Activo,2017-10-31,Cerro Corona,Gold Fields,['CP Tingo'],CAJAMARCA,['CP Tingo'],2017,2,2017-S2
Grupo_1421,Activo,2017-10-31,Antapaccay,Antapaccay,['Provincia de Espinar'],CUSCO,['Espinar'],2017,2,2017-S2
Grupo_1783,Activo,2017-10-31,Antamina,Antamina,['Distrito de Llata'],HUÁNUCO,['Llata'],2017,2,2017-S2
Grupo_606,Activo,2017-10-31,Toromocho,Chinalco,"['CP Morococha', 'CP Nueva Ciudad Morococha']",JUNÍN,"['CP Morococha', 'CP Morococha']",2017,2,2017-S2
Grupo_2187,Activo,2017-10-31,Chungar,Volcan,['CC Baños'],LIMA PROVINCIAS,['Baños'],2017,2,2017-S2
Grupo_829,Activo,2017-11-30,Antamina,Antamina,"['CP Carhuayoc', 'CP Cátac']",ÁNCASH,"['CP Carhuayoc', 'CP Catac']",2017,2,2017-S2
Grupo_481,Activo,2017-11-30,Antamina,Antamina,"['CP Ayash Pichiú', 'CP Santa Cruz Pichiú']",ÁNCASH,"['CP Ayash Pichiu', 'Santa Cruz Pichiu']",2017,2,2017-S2
Grupo_1740,Activo,2017-11-30,Antamina,Antamina,"['Huaripampa Alto', 'Huaripampa Centro', 'Huaripampa Bajo']",ÁNCASH,"['Huaripampa Alto', 'Huaripampa Central', 'Huaripampa Baja']",2017,2,2017-S2
Grupo_1237,Activo,2017-11-30,Las Bambas,Las Bambas,"['CP Tambulla', 'Distrito Chalhuahuacho']",APURÍMAC,"['CP Tambulla', 'Chalhuahuacho']",2017,2,2017-S2
Grupo_1251,Activo,2017-11-30,Cerro Corona,Gold Fields,['Distrito de Hualgayoc'],CAJAMARCA,['Hualgayoc'],2017,2,2017-S2
Grupo_1484,Activo,2017-11-30,Yanacocha,Yanacocha,['Distrito Los Baños del Inca'],CAJAMARCA,['Los Baños del Inca'],2017,2,2017-S2
Grupo_1768,Activo,2017-11-30,Cerro Corona,Gold Fields,['CP Tingo'],CAJAMARCA,['CP Tingo'],2017,2,2017-S2
Grupo_1421,Activo,2017-11-30,Antapaccay,Antapaccay,['Provincia de Espinar'],CUSCO,['Espinar'],2017,2,2017-S2
Grupo_1783,Activo,2017-11-30,Antamina,Antamina,['Distrito de Llata'],HUÁNUCO,['Llata'],2017,2,2017-S2
Grupo_606,Activo,2017-11-30,Toromocho,Chinalco,"['CP Morococha', 'CP Nueva Ciudad Morococha']",JUNÍN,"['CP Morococha', 'CP Morococha']",2017,2,2017-S2
Grupo_2187,Activo,2017-11-30,Chungar,Volcan,['CC Baños'],LIMA PROVINCIAS,['Baños'],2017,2,2017-S2
Grupo_829,Activo,2017-12-31,Antamina,Antamina,"['CP Carhuayoc', 'CP Cátac']",ÁNCASH,"['CP Carhuayoc', 'CP Catac']",2017,2,2017-S2
Grupo_481,Activo,2017-12-31,Antamina,Antamina,"['CP Ayash Pichiú', 'CP Santa Cruz Pichiú']",ÁNCASH,"['CP Ayash Pichiu', 'Santa Cruz Pichiu']",2017,2,2017-S2
Grupo_1740,Activo,2017-12-31,Antamina,Antamina,"['Huaripampa Alto', 'Huaripampa Centro', 'Huaripampa Bajo']",ÁNCASH,"['Huaripampa Alto', 'Huaripampa Central', 'Huaripampa Baja']",2017,2,2017-S2
Grupo_1237,Activo,2017-12-31,Las Bambas,Las Bambas,"['CP Tambulla', 'Distrito Chalhuahuacho']",APURÍMAC,"['CP Tambulla', 'Chalhuahuacho']",2017,2,2017-S2
Grupo_1251,Activo,2017-12-31,Cerro Corona,Gold Fields,['Distrito de Hualgayoc'],CAJAMARCA,['Hualgayoc'],2017,2,2017-S2
Grupo_1484,Activo,2017-12-31,Yanacocha,Yanacocha,['Distrito Los Baños del Inca'],CAJAMARCA,['Los Baños del Inca'],2017,2,2017-S2
Grupo_1768,Activo,2017-12-31,Cerro Corona,Gold Fields,['CP Tingo'],CAJAMARCA,['CP Tingo'],2017,2,2017-S2
Grupo_1421,Activo,2017-12-31,Antapaccay,Antapaccay,['Provincia de Espinar'],CUSCO,['Espinar'],2017,2,2017-S2
Grupo_1783,Activo,2017-12-31,Antamina,Antamina,['Distrito de Llata'],HUÁNUCO,['Llata'],2017,2,2017-S2
Grupo_606,Activo,2017-12-31,Toromocho,Chinalco,"['CP Morococha', 'CP Nueva Ciudad Morococha']",JUNÍN,"['CP Morococha', 'CP Morococha']",2017,2,2017-S2
Grupo_2187,Activo,2017-12-31,Chungar,Volcan,['CC Baños'],LIMA PROVINCIAS,['Baños'],2017,2,2017-S2
Grupo_829,Activo,2018-01-31,Antamina,Antamina,"['CP Carhuayoc', 'CP Cátac']",ÁNCASH,"['CP Carhuayoc', 'CP Catac']",2018,1,2018-S1
Grupo_481,Activo,2018-01-31,Antamina,Antamina,"['CP Ayash Pichiú', 'CP Santa Cruz Pichiú']",ÁNCASH,"['CP Ayash Pichiu', 'Santa Cruz Pichiu']",2018,1,2018-S1
Grupo_1740,Activo,2018-01-31,Antamina,Antamina,"['Huaripampa Alto', 'Huaripampa Centro', 'Huaripampa Bajo']",ÁNCASH,"['Huaripampa Alto', 'Huaripampa Central', 'Huaripampa Baja']",2018,1,2018-S1
Grupo_1237,Activo,2018-01-31,Las Bambas,Las Bambas,"['CP Tambulla', 'Distrito Chalhuahuacho']",APURÍMAC,"['CP Tambulla', 'Chalhuahuacho']",2018,1,2018-S1
Grupo_1251,Activo,2018-01-31,Cerro Corona,Gold Fields,['Distrito de Hualgayoc'],CAJAMARCA,['Hualgayoc'],2018,1,2018-S1
Grupo_1484,Activo,2018-01-31,Yanacocha,Yanacocha,['Distrito Los Baños del Inca'],CAJAMARCA,['Los Baños del Inca'],2018,1,2018-S1
Grupo_1768,Activo,2018-01-31,Cerro Corona,Gold Fields,['CP Tingo'],CAJAMARCA,['CP Tingo'],2018,1,2018-S1
Grupo_1421,Activo,2018-01-31,Antapaccay,Antapaccay,['Provincia de Espinar'],CUSCO,['Espinar'],2018,1,2018-S1
Grupo_1783,Activo,2018-01-31,Antamina,Antamina,['Distrito de Llata'],HUÁNUCO,['Llata'],2018,1,2018-S1
Grupo_606,Activo,2018-01-31,Toromocho,Chinalco,"['CP Morococha', 'CP Nueva Ciudad Morococha']",JUNÍN,"['CP Morococha', 'CP Morococha']",2018,1,2018-S1
Grupo_2187,Activo,2018-01-31,Chungar,Volcan,['CC Baños'],LIMA PROVINCIAS,['Baños'],2018,1,2018-S1
Grupo_829,Activo,2018-02-28,Antamina,Antamina,"['CP Carhuayoc', 'CP Cátac']",ÁNCASH,"['CP Carhuayoc', 'CP Catac']",2018,1,2018-S1
Grupo_481,Activo,2018-02-28,Antamina,Antamina,"['CP Ayash Pichiú', 'CP Santa Cruz Pichiú']",ÁNCASH,"['CP Ayash Pichiu', 'Santa Cruz Pichiu']",2018,1,2018-S1
Grupo_1740,Activo,2018-02-28,Antamina,Antamina,"['Huaripampa Alto', 'Huaripampa Centro', 'Huaripampa Bajo']",ÁNCASH,"['Huaripampa Alto', 'Huaripampa Central', 'Huaripampa Baja']",2018,1,2018-S1
Grupo_1237,Activo,2018-02-28,Las Bambas,Las Bambas,"['CP Tambulla', 'Distrito Chalhuahuacho']",APURÍMAC,"['CP Tambulla', 'Chalhuahuacho']",2018,1,2018-S1
Grupo_1251,Activo,2018-02-28,Cerro Corona,Gold Fields,['Distrito de Hualgayoc'],CAJAMARCA,['Hualgayoc'],2018,1,2018-S1
Grupo_1484,Activo,2018-02-28,Yanacocha,Yanacocha,['Distrito Los Baños del Inca'],CAJAMARCA,['Los Baños del Inca'],2018,1,2018-S1
Grupo_1768,Activo,2018-02-28,Cerro Corona,Gold Fields,['CP Tingo'],CAJAMARCA,['CP Tingo'],2018,1,2018-S1
Grupo_1421,Activo,2018-02-28,Antapaccay,Antapaccay,['Provincia de Espinar'],CUSCO,['Espinar'],2018,1,2018-S1
Grupo_1783,Activo,2018-02-28,Antamina,Antamina,['Distrito de Llata'],HUÁNUCO,['Llata'],2018,1,2018-S1
Grupo_606,Activo,2018-02-28,Toromocho,Chinalco,"['CP Morococha', 'CP Nueva Ciudad Morococha']",JUNÍN,"['CP Morococha', 'CP Morococha']",2018,1,2018-S1
Grupo_2187,Activo,2018-02-28,Chungar,Volcan,['CC Baños'],LIMA PROVINCIAS,['Baños'],2018,1,2018-S1
Grupo_1814,Activo,2018-02-28,Atacocha,Nexa Resources,['CP San Juan de Milpo'],PASCO,['CP San Juan de Milpo'],2018,1,2018-S1
Grupo_829,Activo,2018-06-30,Antamina,Antamina,"['CP Carhuayoc', 'CP Cátac']",ÁNCASH,"['CP Carhuayoc', 'CP Catac']",2018,1,2018-S1
Grupo_481,Activo,2018-06-30,Antamina,Antamina,"['CP Ayash Pichiú', 'CP Santa Cruz Pichiú']",ÁNCASH,"['CP Ayash Pichiu', 'Santa Cruz Pichiu']",2018,1,2018-S1
Grupo_1740,Activo,2018-06-30,Antamina,Antamina,"['Huaripampa Alto', 'Huaripampa Centro', 'Huaripampa Bajo']",ÁNCASH,"['Huaripampa Alto', 'Huaripampa Central', 'Huaripampa Baja']",2018,1,2018-S1
Grupo_1749,Activo,2018-06-30,Antamina,Antamina,"['CP Ango Raju', 'CP Carhuayoc']",ÁNCASH,"['Huaraz', 'CP Carhuayoc']",2018,1,2018-S1
Grupo_1237,Activo,2018-06-30,Las Bambas,Las Bambas,"['CP Tambulla', 'Distrito Chalhuahuacho']",APURÍMAC,"['CP Tambulla', 'Chalhuahuacho']",2018,1,2018-S1
Grupo_1251,Activo,2018-06-30,Cerro Corona,Gold Fields,['Distrito de Hualgayoc'],CAJAMARCA,['Hualgayoc'],2018,1,2018-S1
Grupo_1768,Activo,2018-06-30,Cerro Corona,Gold Fields,['CP Tingo'],CAJAMARCA,['CP Tingo'],2018,1,2018-S1
Grupo_1421,Activo,2018-06-30,Antapaccay,Antapaccay,['Provincia de Espinar'],CUSCO,['Espinar'],2018,1,2018-S1
Grupo_1783,Activo,2018-06-30,Antamina,Antamina,['Distrito de Llata'],HUÁNUCO,['Llata'],2018,1,2018-S1
Grupo_606,Activo,2018-06-30,Toromocho,Chinalco,"['CP Morococha', 'CP Nueva Ciudad Morococha']",JUNÍN,"['CP Morococha', 'CP Morococha']",2018,1,2018-S1
Grupo_1814,Activo,2018-06-30,Atacocha,Nexa Resources,['CP San Juan de Milpo'],PASCO,['CP San Juan de Milpo'],2018,1,2018-S1
Grupo_1897,Activo,2023-03-31,Antamina,Antamina,['CC Aquia'],ÁNCASH,['CC Aquia'],2023,1,2023-S1
Grupo_2227,Activo,2023-03-31,Antamina,Antamina,"['CP Carhuayoc', 'CP Pichiu Quinuaragra']",ÁNCASH,"['CP Carhuayoc', 'CP Pichiu Quinhuaragra']",2023,1,2023-S1
Grupo_1749,Activo,2023-03-31,Antamina,Antamina,"['CP Ango Raju', 'CP Carhuayoc']",ÁNCASH,"['Huaraz', 'CP Carhuayoc']",2023,1,2023-S1
Grupo_481,Activo,2023-03-31,Antamina,Antamina,"['CP Ayash Pichiú', 'CP Santa Cruz Pichiú']",ÁNCASH,"['CP Ayash Pichiu', 'Santa Cruz Pichiu']",2023,1,2023-S1
Grupo_1901,Activo,2023-03-31,Las Bambas,Las Bambas,['CC Carmen Alto de Chalhuahuacho'],APURÍMAC,['Chalhuahuacho'],2023,1,2023-S1
Grupo_1902,Activo,2023-03-31,Las Bambas,Las Bambas,['CC Chuicuni'],APURÍMAC,['CC Chuicuni'],2023,1,2023-S1
Grupo_1903,Activo,2023-03-31,Las Bambas,Las Bambas,['CC Chila'],APURÍMAC,['CC Chila'],2023,1,2023-S1
Grupo_2228,Activo,2023-03-31,Las Bambas,Las Bambas,['CC Choaquere'],APURÍMAC,['CC Choaquere'],2023,1,2023-S1
Grupo_1904,Activo,2023-03-31,Las Bambas,Las Bambas,['CC Huancuire'],APURÍMAC,['CC Huancuire'],2023,1,2023-S1
Grupo_2229,Activo,2023-03-31,Las Bambas,Las Bambas,['CC Pumamarca'],APURÍMAC,['CC Pumamarca'],2023,1,2023-S1
Grupo_1854,Activo,2023-03-31,Las Bambas,Las Bambas,['CP Fuerabamba'],CUSCO,['CP Fuerabamba'],2023,1,2023-S1
Grupo_1237,Activo,2023-03-31,Las Bambas,Las Bambas,"['CP Tambulla', 'Distrito Chalhuahuacho']",APURÍMAC,"['CP Tambulla', 'Chalhuahuacho']",2023,1,2023-S1
Grupo_2231,Activo,2023-03-31,Quellaveco,Angloamerican,"['Valle de Tambo', 'Punta de Bombón', 'La Ensenada-Mejía']",AREQUIPA,"['Valle de Tambo', 'Punta de Bombón', 'Mejia']",2023,1,2023-S1
Grupo_1251,Activo,2023-03-31,Cerro Corona,Gold Fields,['Distrito de Hualgayoc'],CAJAMARCA,['Hualgayoc'],2023,1,2023-S1
Grupo_2237,Activo,2023-03-31,Las Bambas,Las Bambas,['CC Tuntuma'],CUSCO,['CC Tuntuma'],2023,1,2023-S1
Grupo_1924,Activo,2023-03-31,Las Bambas,Las Bambas,['Distrito de Coporaque'],CUSCO,['Coporaque'],2023,1,2023-S1
Grupo_2238,Activo,2023-03-31,Las Bambas,Las Bambas,['CC Urinsaya'],CUSCO,['CC Urinsaya'],2023,1,2023-S1
Grupo_1927,Activo,2023-03-31,Las Bambas,Las Bambas,"['CC Huininquiri', 'CC Cancahuani', 'CC Lacca-lacca Yanque Parcobamba', 'CC Cruzpampa', 'CC Idiopa-Ñaupa-Japo Urinsaya']",CUSCO,"['Chumbivilcas', 'Cancahuani', 'Colquemarca', 'CC Cruzpampa', 'Colquemarca']",2023,1,2023-S1
Grupo_1889,Activo,2023-03-31,Antapaccay,Antapaccay,"['Distrito de Pallpata', 'Huacroyuta Marquiri', 'Huarcapata', 'Chorrillo', 'Antacama', 'Pallpata', 'Canlletera', 'Cruz Pampa', 'Pirhuayani', 'Mamanocca', 'Jaruma Alccasana', 'Distrito de Alto Pichigua', 'Distrito de Pichigua Pichigua', 'Distrito de Condorama', 'Distrito de Ocoruro']",CUSCO,"['Pallpata', 'Pallpata', 'Huarcapata', 'Chorrillo', 'Atacama', 'Pallpata', 'Pallpata', 'Cruz Pampa', 'Pirhuayani', 'Mamanocca', 'Pallpata', 'Alto Pichigua', 'Pichigua Pichigua', 'Condorama', 'Ocoruro']",2023,1,2023-S1
Grupo_1885,Activo,2023-03-31,Antapaccay,Glencore,"['CC Huano Huano', 'CC Cala Cala', 'CC Huisa', 'CC Paco Pata', 'CC Tintaya Marquiri', 'CC Alto Huancané', 'CC Huancané Bajo', 'CC Alto Huarca', 'CC Huarca', 'CC Anta Ccollana', 'CC Huisa Ccollana', 'CC Huini Coroccohuayco']",CUSCO,"['CC Huano Huano', 'CC Cala Cala', 'CC Huisa', 'Pacopata', 'Tintaya Marquiri', 'Alto Huancane', 'Huancane Bajo', 'CC Alto Huarca', 'CC Huarca', 'Anta Ccollana', 'Espinar', 'Espinar']",2023,1,2023-S1
Grupo_1852,Activo,2023-03-31,Las Bambas,Las Bambas,"['Provincia de Chumbivilcas', 'Distrito de Velille', 'Distrito de Capacmarca', 'Distrito de Quiñota', 'Distrito de Chamaca', 'Distrito de Livitaca', 'Distrito de Llusco', 'CP Huaylla Huaylla']",CUSCO,"['Chumbivilcas', 'Velille', 'Capacmarca', 'Quiñota', 'Chamaca', 'Livitaca', 'Llusco', 'CP Huaylla Huaylla']",2023,1,2023-S1
Grupo_1853,Activo,2023-03-31,Las Bambas,Las Bambas,"['Provincia de Paruro', 'Distrito Paccarectambo', 'Distrito Yaurisque', 'Distrito Ccapi', 'Distrito Huanoquite']",CUSCO,"['Paruro', 'Paccarectambo', 'Yaurisque', 'Ccapi', 'Huanoquite']",2023,1,2023-S1
Grupo_1421,Activo,2023-03-31,Antapaccay,Antapaccay,['Provincia de Espinar'],CUSCO,['Espinar'],2023,1,2023-S1
Grupo_2246,Activo,2023-03-31,Toromocho,Chinalco,['CP San Francisco de Asís de Pucará'],JUNÍN,['San Francisco de Asis de Pucara'],2023,1,2023-S1
Grupo_606,Activo,2023-03-31,Toromocho,Chinalco,"['CP Morococha', 'CP Nueva Ciudad Morococha']",JUNÍN,"['CP Morococha', 'CP Morococha']",2023,1,2023-S1
Grupo_2057,Activo,2023-03-31,Chungar,Volcan,['CP Cullhuay'],LIMA PROVINCIAS,['CP Cullhuay'],2023,1,2023-S1
Grupo_1867,Activo,2023-03-31,Quellaveco,Angloamerican,['CP Tumilaca'],MOQUEGUA,['CP Tumilaca'],2023,1,2023-S1
Grupo_2256,Activo,2023-03-31,Atacocha,Nexa Resources,['CP Joraoniyoc'],PASCO,['Joraoniyoc'],2023,1,2023-S1
Grupo_2257,Activo,2023-03-31,Atacocha,Nexa Resources,['CC Chinchán'],PASCO,['CC Chinchán'],2023,1,2023-S1
Grupo_2258,Activo,2023-03-31,Atacocha,Nexa Resources,['CP Machcan'],PASCO,['CP Machcan'],2023,1,2023-S1
Grupo_1814,Activo,2023-03-31,Atacocha,Nexa Resources,['CP San Juan de Milpo'],PASCO,['CP San Juan de Milpo'],2023,1,2023-S1
Grupo_1897,Activo,2021-10-31,Antamina,Antamina,['CC Aquia'],ÁNCASH,['CC Aquia'],2021,2,2021-S2
Grupo_2227,Activo,2021-10-31,Antamina,Antamina,"['CP Carhuayoc', 'CP Pichiu Quinuaragra']",ÁNCASH,"['CP Carhuayoc', 'CP Pichiu Quinhuaragra']",2021,2,2021-S2
Grupo_1749,Activo,2021-10-31,Antamina,Antamina,"['CP Ango Raju', 'CP Carhuayoc']",ÁNCASH,"['Huaraz', 'CP Carhuayoc']",2021,2,2021-S2
Grupo_829,Activo,2021-10-31,Antamina,Antamina,"['CP Carhuayoc', 'CP Cátac']",ÁNCASH,"['CP Carhuayoc', 'CP Catac']",2021,2,2021-S2
Grupo_481,Activo,2021-10-31,Antamina,Antamina,"['CP Ayash Pichiú', 'CP Santa Cruz Pichiú']",ÁNCASH,"['CP Ayash Pichiu', 'Santa Cruz Pichiu']",2021,2,2021-S2
Grupo_2228,Activo,2021-10-31,Las Bambas,Las Bambas,['CC Choaquere'],APURÍMAC,['CC Choaquere'],2021,2,2021-S2
Grupo_1904,Activo,2021-10-31,Las Bambas,Las Bambas,['CC Huancuire'],APURÍMAC,['CC Huancuire'],2021,2,2021-S2
Grupo_2229,Activo,2021-10-31,Las Bambas,Las Bambas,['CC Pumamarca'],APURÍMAC,['CC Pumamarca'],2021,2,2021-S2
Grupo_1237,Activo,2021-10-31,Las Bambas,Las Bambas,"['CP Tambulla', 'Distrito Chalhuahuacho']",APURÍMAC,"['CP Tambulla', 'Chalhuahuacho']",2021,2,2021-S2
Grupo_1884,Activo,2021-10-31,Yanacocha,Newmont,"['CP Totoracocha', 'CP El Alumbre']",CAJAMARCA,"['CP Totoracocha', 'CP El Alumbre']",2021,2,2021-S2
Grupo_1251,Activo,2021-10-31,Cerro Corona,Gold Fields,['Distrito de Hualgayoc'],CAJAMARCA,['Hualgayoc'],2021,2,2021-S2
Grupo_1927,Activo,2021-10-31,Las Bambas,Las Bambas,"['CC Huininquiri', 'CC Cancahuani', 'CC Lacca-lacca Yanque Parcobamba', 'CC Cruzpampa', 'CC Idiopa-Ñaupa-Japo Urinsaya']",CUSCO,"['Chumbivilcas', 'Cancahuani', 'Colquemarca', 'CC Cruzpampa', 'Colquemarca']",2021,2,2021-S2
Grupo_1889,Activo,2021-10-31,Antapaccay,Antapaccay,"['Distrito de Pallpata', 'Huacroyuta Marquiri', 'Huarcapata', 'Chorrillo', 'Antacama', 'Pallpata', 'Canlletera', 'Cruz Pampa', 'Pirhuayani', 'Mamanocca', 'Jaruma Alccasana', 'Distrito de Alto Pichigua', 'Distrito de Pichigua Pichigua', 'Distrito de Condorama', 'Distrito de Ocoruro']",CUSCO,"['Pallpata', 'Pallpata', 'Huarcapata', 'Chorrillo', 'Atacama', 'Pallpata', 'Pallpata', 'Cruz Pampa', 'Pirhuayani', 'Mamanocca', 'Pallpata', 'Alto Pichigua', 'Pichigua Pichigua', 'Condorama', 'Ocoruro']",2021,2,2021-S2
Grupo_1885,Activo,2021-10-31,Antapaccay,Glencore,"['CC Huano Huano', 'CC Cala Cala', 'CC Huisa', 'CC Paco Pata', 'CC Tintaya Marquiri', 'CC Alto Huancané', 'CC Huancané Bajo', 'CC Alto Huarca', 'CC Huarca', 'CC Anta Ccollana', 'CC Huisa Ccollana', 'CC Huini Coroccohuayco']",CUSCO,"['CC Huano Huano', 'CC Cala Cala', 'CC Huisa', 'Pacopata', 'Tintaya Marquiri', 'Alto Huancane', 'Huancane Bajo', 'CC Alto Huarca', 'CC Huarca', 'Anta Ccollana', 'Espinar', 'Espinar']",2021,2,2021-S2
Grupo_1852,Activo,2021-10-31,Las Bambas,Las Bambas,"['Provincia de Chumbivilcas', 'Distrito de Velille', 'Distrito de Capacmarca', 'Distrito de Quiñota', 'Distrito de Chamaca', 'Distrito de Livitaca', 'Distrito de Llusco', 'CP Huaylla Huaylla']",CUSCO,"['Chumbivilcas', 'Velille', 'Capacmarca', 'Quiñota', 'Chamaca', 'Livitaca', 'Llusco', 'CP Huaylla Huaylla']",2021,2,2021-S2
Grupo_1854,Activo,2021-10-31,Las Bambas,Las Bambas,['CP Fuerabamba'],CUSCO,['CP Fuerabamba'],2021,2,2021-S2
Grupo_1421,Activo,2021-10-31,Antapaccay,Antapaccay,['Provincia de Espinar'],CUSCO,['Espinar'],2021,2,2021-S2
Grupo_606,Activo,2021-10-31,Toromocho,Chinalco,"['CP Morococha', 'CP Nueva Ciudad Morococha']",JUNÍN,"['CP Morococha', 'CP Morococha']",2021,2,2021-S2
Grupo_2187,Activo,2021-10-31,Chungar,Volcan,['CC Baños'],LIMA PROVINCIAS,['Baños'],2021,2,2021-S2
Grupo_1867,Activo,2021-10-31,Quellaveco,Angloamerican,['CP Tumilaca'],MOQUEGUA,['CP Tumilaca'],2021,2,2021-S2
Grupo_2258,Activo,2021-10-31,Atacocha,Nexa Resources,['CP Machcan'],PASCO,['CP Machcan'],2021,2,2021-S2
Grupo_1814,Activo,2021-10-31,Atacocha,Nexa Resources,['CP San Juan de Milpo'],PASCO,['CP San Juan de Milpo'],2021,2,2021-S2
Grupo_1897,Activo,2021-12-31,Antamina,Antamina,['CC Aquia'],ÁNCASH,['CC Aquia'],2021,2,2021-S2
Grupo_2227,Activo,2021-12-31,Antamina,Antamina,"['CP Carhuayoc', 'CP Pichiu Quinuaragra']",ÁNCASH,"['CP Carhuayoc', 'CP Pichiu Quinhuaragra']",2021,2,2021-S2
Grupo_1749,Activo,2021-12-31,Antamina,Antamina,"['CP Ango Raju', 'CP Carhuayoc']",ÁNCASH,"['Huaraz', 'CP Carhuayoc']",2021,2,2021-S2
Grupo_829,Activo,2021-12-31,Antamina,Antamina,"['CP Carhuayoc', 'CP Cátac']",ÁNCASH,"['CP Carhuayoc', 'CP Catac']",2021,2,2021-S2
Grupo_481,Activo,2021-12-31,Antamina,Antamina,"['CP Ayash Pichiú', 'CP Santa Cruz Pichiú']",ÁNCASH,"['CP Ayash Pichiu', 'Santa Cruz Pichiu']",2021,2,2021-S2
Grupo_2228,Activo,2021-12-31,Las Bambas,Las Bambas,['CC Choaquere'],APURÍMAC,['CC Choaquere'],2021,2,2021-S2
Grupo_1904,Activo,2021-12-31,Las Bambas,Las Bambas,['CC Huancuire'],APURÍMAC,['CC Huancuire'],2021,2,2021-S2
Grupo_2229,Activo,2021-12-31,Las Bambas,Las Bambas,['CC Pumamarca'],APURÍMAC,['CC Pumamarca'],2021,2,2021-S2
Grupo_1237,Activo,2021-12-31,Las Bambas,Las Bambas,"['CP Tambulla', 'Distrito Chalhuahuacho']",APURÍMAC,"['CP Tambulla', 'Chalhuahuacho']",2021,2,2021-S2
Grupo_1884,Activo,2021-12-31,Yanacocha,Newmont,"['CP Totoracocha', 'CP El Alumbre']",CAJAMARCA,"['CP Totoracocha', 'CP El Alumbre']",2021,2,2021-S2
Grupo_1251,Activo,2021-12-31,Cerro Corona,Gold Fields,['Distrito de Hualgayoc'],CAJAMARCA,['Hualgayoc'],2021,2,2021-S2
Grupo_1927,Activo,2021-12-31,Las Bambas,Las Bambas,"['CC Huininquiri', 'CC Cancahuani', 'CC Lacca-lacca Yanque Parcobamba', 'CC Cruzpampa', 'CC Idiopa-Ñaupa-Japo Urinsaya']",CUSCO,"['Chumbivilcas', 'Cancahuani', 'Colquemarca', 'CC Cruzpampa', 'Colquemarca']",2021,2,2021-S2
Grupo_1889,Activo,2021-12-31,Antapaccay,Antapaccay,"['Distrito de Pallpata', 'Huacroyuta Marquiri', 'Huarcapata', 'Chorrillo', 'Antacama', 'Pallpata', 'Canlletera', 'Cruz Pampa', 'Pirhuayani', 'Mamanocca', 'Jaruma Alccasana', 'Distrito de Alto Pichigua', 'Distrito de Pichigua Pichigua', 'Distrito de Condorama', 'Distrito de Ocoruro']",CUSCO,"['Pallpata', 'Pallpata', 'Huarcapata', 'Chorrillo', 'Atacama', 'Pallpata', 'Pallpata', 'Cruz Pampa', 'Pirhuayani', 'Mamanocca', 'Pallpata', 'Alto Pichigua', 'Pichigua Pichigua', 'Condorama', 'Ocoruro']",2021,2,2021-S2
Grupo_1885,Activo,2021-12-31,Antapaccay,Glencore,"['CC Huano Huano', 'CC Cala Cala', 'CC Huisa', 'CC Paco Pata', 'CC Tintaya Marquiri', 'CC Alto Huancané', 'CC Huancané Bajo', 'CC Alto Huarca', 'CC Huarca', 'CC Anta Ccollana', 'CC Huisa Ccollana', 'CC Huini Coroccohuayco']",CUSCO,"['CC Huano Huano', 'CC Cala Cala', 'CC Huisa', 'Pacopata', 'Tintaya Marquiri', 'Alto Huancane', 'Huancane Bajo', 'CC Alto Huarca', 'CC Huarca', 'Anta Ccollana', 'Espinar', 'Espinar']",2021,2,2021-S2
Grupo_1852,Activo,2021-12-31,Las Bambas,Las Bambas,"['Provincia de Chumbivilcas', 'Distrito de Velille', 'Distrito de Capacmarca', 'Distrito de Quiñota', 'Distrito de Chamaca', 'Distrito de Livitaca', 'Distrito de Llusco', 'CP Huaylla Huaylla']",CUSCO,"['Chumbivilcas', 'Velille', 'Capacmarca', 'Quiñota', 'Chamaca', 'Livitaca', 'Llusco', 'CP Huaylla Huaylla']",2021,2,2021-S2
Grupo_1854,Activo,2021-12-31,Las Bambas,Las Bambas,['CP Fuerabamba'],CUSCO,['CP Fuerabamba'],2021,2,2021-S2
Grupo_1421,Activo,2021-12-31,Antapaccay,Antapaccay,['Provincia de Espinar'],CUSCO,['Espinar'],2021,2,2021-S2
Grupo_606,Activo,2021-12-31,Toromocho,Chinalco,"['CP Morococha', 'CP Nueva Ciudad Morococha']",JUNÍN,"['CP Morococha', 'CP Morococha']",2021,2,2021-S2
Grupo_2187,Activo,2021-12-31,Chungar,Volcan,['CC Baños'],LIMA PROVINCIAS,['Baños'],2021,2,2021-S2
Grupo_1867,Activo,2021-12-31,Quellaveco,Angloamerican,['CP Tumilaca'],MOQUEGUA,['CP Tumilaca'],2021,2,2021-S2
Grupo_2258,Activo,2021-12-31,Atacocha,Nexa Resources,['CP Machcan'],PASCO,['CP Machcan'],2021,2,2021-S2
Grupo_1814,Activo,2021-12-31,Atacocha,Nexa Resources,['CP San Juan de Milpo'],PASCO,['CP San Juan de Milpo'],2021,2,2021-S2
Grupo_1897,Activo,2022-07-31,Antamina,Antamina,['CC Aquia'],ÁNCASH,['CC Aquia'],2022,2,2022-S2
Grupo_2227,Activo,2022-07-31,Antamina,Antamina,"['CP Carhuayoc', 'CP Pichiu Quinuaragra']",ÁNCASH,"['CP Carhuayoc', 'CP Pichiu Quinhuaragra']",2022,2,2022-S2
Grupo_1749,Activo,2022-07-31,Antamina,Antamina,"['CP Ango Raju', 'CP Carhuayoc']",ÁNCASH,"['Huaraz', 'CP Carhuayoc']",2022,2,2022-S2
Grupo_481,Activo,2022-07-31,Antamina,Antamina,"['CP Ayash Pichiú', 'CP Santa Cruz Pichiú']",ÁNCASH,"['CP Ayash Pichiu', 'Santa Cruz Pichiu']",2022,2,2022-S2
Grupo_1901,Activo,2022-07-31,Las Bambas,Las Bambas,['CC Carmen Alto de Chalhuahuacho'],APURÍMAC,['Chalhuahuacho'],2022,2,2022-S2
Grupo_1902,Activo,2022-07-31,Las Bambas,Las Bambas,['CC Chuicuni'],APURÍMAC,['CC Chuicuni'],2022,2,2022-S2
Grupo_1903,Activo,2022-07-31,Las Bambas,Las Bambas,['CC Chila'],APURÍMAC,['CC Chila'],2022,2,2022-S2
Grupo_2228,Activo,2022-07-31,Las Bambas,Las Bambas,['CC Choaquere'],APURÍMAC,['CC Choaquere'],2022,2,2022-S2
Grupo_1904,Activo,2022-07-31,Las Bambas,Las Bambas,['CC Huancuire'],APURÍMAC,['CC Huancuire'],2022,2,2022-S2
Grupo_2229,Activo,2022-07-31,Las Bambas,Las Bambas,['CC Pumamarca'],APURÍMAC,['CC Pumamarca'],2022,2,2022-S2
Grupo_1854,Activo,2022-07-31,Las Bambas,Las Bambas,['CP Fuerabamba'],CUSCO,['CP Fuerabamba'],2022,2,2022-S2
Grupo_1237,Activo,2022-07-31,Las Bambas,Las Bambas,"['CP Tambulla', 'Distrito Chalhuahuacho']",APURÍMAC,"['CP Tambulla', 'Chalhuahuacho']",2022,2,2022-S2
Grupo_1251,Activo,2022-07-31,Cerro Corona,Gold Fields,['Distrito de Hualgayoc'],CAJAMARCA,['Hualgayoc'],2022,2,2022-S2
Grupo_2238,Activo,2022-07-31,Las Bambas,Las Bambas,['CC Urinsaya'],CUSCO,['CC Urinsaya'],2022,2,2022-S2
Grupo_1927,Activo,2022-07-31,Las Bambas,Las Bambas,"['CC Huininquiri', 'CC Cancahuani', 'CC Lacca-lacca Yanque Parcobamba', 'CC Cruzpampa', 'CC Idiopa-Ñaupa-Japo Urinsaya']",CUSCO,"['Chumbivilcas', 'Cancahuani', 'Colquemarca', 'CC Cruzpampa', 'Colquemarca']",2022,2,2022-S2
Grupo_1889,Activo,2022-07-31,Antapaccay,Antapaccay,"['Distrito de Pallpata', 'Huacroyuta Marquiri', 'Huarcapata', 'Chorrillo', 'Antacama', 'Pallpata', 'Canlletera', 'Cruz Pampa', 'Pirhuayani', 'Mamanocca', 'Jaruma Alccasana', 'Distrito de Alto Pichigua', 'Distrito de Pichigua Pichigua', 'Distrito de Condorama', 'Distrito de Ocoruro']",CUSCO,"['Pallpata', 'Pallpata', 'Huarcapata', 'Chorrillo', 'Atacama', 'Pallpata', 'Pallpata', 'Cruz Pampa', 'Pirhuayani', 'Mamanocca', 'Pallpata', 'Alto Pichigua', 'Pichigua Pichigua', 'Condorama', 'Ocoruro']",2022,2,2022-S2
Grupo_1885,Activo,2022-07-31,Antapaccay,Glencore,"['CC Huano Huano', 'CC Cala Cala', 'CC Huisa', 'CC Paco Pata', 'CC Tintaya Marquiri', 'CC Alto Huancané', 'CC Huancané Bajo', 'CC Alto Huarca', 'CC Huarca', 'CC Anta Ccollana', 'CC Huisa Ccollana', 'CC Huini Coroccohuayco']",CUSCO,"['CC Huano Huano', 'CC Cala Cala', 'CC Huisa', 'Pacopata', 'Tintaya Marquiri', 'Alto Huancane', 'Huancane Bajo', 'CC Alto Huarca', 'CC Huarca', 'Anta Ccollana', 'Espinar', 'Espinar']",2022,2,2022-S2
Grupo_1852,Activo,2022-07-31,Las Bambas,Las Bambas,"['Provincia de Chumbivilcas', 'Distrito de Velille', 'Distrito de Capacmarca', 'Distrito de Quiñota', 'Distrito de Chamaca', 'Distrito de Livitaca', 'Distrito de Llusco', 'CP Huaylla Huaylla']",CUSCO,"['Chumbivilcas', 'Velille', 'Capacmarca', 'Quiñota', 'Chamaca', 'Livitaca', 'Llusco', 'CP Huaylla Huaylla']",2022,2,2022-S2
Grupo_1853,Activo,2022-07-31,Las Bambas,Las Bambas,"['Provincia de Paruro', 'Distrito Paccarectambo', 'Distrito Yaurisque', 'Distrito Ccapi', 'Distrito Huanoquite']",CUSCO,"['Paruro', 'Paccarectambo', 'Yaurisque', 'Ccapi', 'Huanoquite']",2022,2,2022-S2
Grupo_1421,Activo,2022-07-31,Antapaccay,Antapaccay,['Provincia de Espinar'],CUSCO,['Espinar'],2022,2,2022-S2
Grupo_2246,Activo,2022-07-31,Toromocho,Chinalco,['CP San Francisco de Asís de Pucará'],JUNÍN,['San Francisco de Asis de Pucara'],2022,2,2022-S2
Grupo_606,Activo,2022-07-31,Toromocho,Chinalco,"['CP Morococha', 'CP Nueva Ciudad Morococha']",JUNÍN,"['CP Morococha', 'CP Morococha']",2022,2,2022-S2
Grupo_2057,Activo,2022-07-31,Chungar,Volcan,['CP Cullhuay'],LIMA PROVINCIAS,['CP Cullhuay'],2022,2,2022-S2
Grupo_2187,Activo,2022-07-31,Chungar,Volcan,['CC Baños'],LIMA PROVINCIAS,['Baños'],2022,2,2022-S2
Grupo_1867,Activo,2022-07-31,Quellaveco,Angloamerican,['CP Tumilaca'],MOQUEGUA,['CP Tumilaca'],2022,2,2022-S2
Grupo_2257,Activo,2022-07-31,Atacocha,Nexa Resources,['CC Chinchán'],PASCO,['CC Chinchán'],2022,2,2022-S2
Grupo_2258,Activo,2022-07-31,Atacocha,Nexa Resources,['CP Machcan'],PASCO,['CP Machcan'],2022,2,2022-S2
Grupo_1814,Activo,2022-07-31,Atacocha,Nexa Resources,['CP San Juan de Milpo'],PASCO,['CP San Juan de Milpo'],2022,2,2022-S2
Grupo_1897,Activo,2022-12-31,Antamina,Antamina,['CC Aquia'],ÁNCASH,['CC Aquia'],2022,2,2022-S2
Grupo_2227,Activo,2022-12-31,Antamina,Antamina,"['CP Carhuayoc', 'CP Pichiu Quinuaragra']",ÁNCASH,"['CP Carhuayoc', 'CP Pichiu Quinhuaragra']",2022,2,2022-S2
Grupo_1749,Activo,2022-12-31,Antamina,Antamina,"['CP Ango Raju', 'CP Carhuayoc']",ÁNCASH,"['Huaraz', 'CP Carhuayoc']",2022,2,2022-S2
Grupo_481,Activo,2022-12-31,Antamina,Antamina,"['CP Ayash Pichiú', 'CP Santa Cruz Pichiú']",ÁNCASH,"['CP Ayash Pichiu', 'Santa Cruz Pichiu']",2022,2,2022-S2
Grupo_1901,Activo,2022-12-31,Las Bambas,Las Bambas,['CC Carmen Alto de Chalhuahuacho'],APURÍMAC,['Chalhuahuacho'],2022,2,2022-S2
Grupo_1902,Activo,2022-12-31,Las Bambas,Las Bambas,['CC Chuicuni'],APURÍMAC,['CC Chuicuni'],2022,2,2022-S2
Grupo_1903,Activo,2022-12-31,Las Bambas,Las Bambas,['CC Chila'],APURÍMAC,['CC Chila'],2022,2,2022-S2
Grupo_2228,Activo,2022-12-31,Las Bambas,Las Bambas,['CC Choaquere'],APURÍMAC,['CC Choaquere'],2022,2,2022-S2
Grupo_1904,Activo,2022-12-31,Las Bambas,Las Bambas,['CC Huancuire'],APURÍMAC,['CC Huancuire'],2022,2,2022-S2
Grupo_2229,Activo,2022-12-31,Las Bambas,Las Bambas,['CC Pumamarca'],APURÍMAC,['CC Pumamarca'],2022,2,2022-S2
Grupo_1854,Activo,2022-12-31,Las Bambas,Las Bambas,['CP Fuerabamba'],CUSCO,['CP Fuerabamba'],2022,2,2022-S2
Grupo_1237,Activo,2022-12-31,Las Bambas,Las Bambas,"['CP Tambulla', 'Distrito Chalhuahuacho']",APURÍMAC,"['CP Tambulla', 'Chalhuahuacho']",2022,2,2022-S2
Grupo_2231,Activo,2022-12-31,Quellaveco,Angloamerican,"['Valle de Tambo', 'Punta de Bombón', 'La Ensenada-Mejía']",AREQUIPA,"['Valle de Tambo', 'Punta de Bombón', 'Mejia']",2022,2,2022-S2
Grupo_1251,Activo,2022-12-31,Cerro Corona,Gold Fields,['Distrito de Hualgayoc'],CAJAMARCA,['Hualgayoc'],2022,2,2022-S2
Grupo_2237,Activo,2022-12-31,Las Bambas,Las Bambas,['CC Tuntuma'],CUSCO,['CC Tuntuma'],2022,2,2022-S2
Grupo_1924,Activo,2022-12-31,Las Bambas,Las Bambas,['Distrito de Coporaque'],CUSCO,['Coporaque'],2022,2,2022-S2
Grupo_2238,Activo,2022-12-31,Las Bambas,Las Bambas,['CC Urinsaya'],CUSCO,['CC Urinsaya'],2022,2,2022-S2
Grupo_1927,Activo,2022-12-31,Las Bambas,Las Bambas,"['CC Huininquiri', 'CC Cancahuani', 'CC Lacca-lacca Yanque Parcobamba', 'CC Cruzpampa', 'CC Idiopa-Ñaupa-Japo Urinsaya']",CUSCO,"['Chumbivilcas', 'Cancahuani', 'Colquemarca', 'CC Cruzpampa', 'Colquemarca']",2022,2,2022-S2
Grupo_1889,Activo,2022-12-31,Antapaccay,Antapaccay,"['Distrito de Pallpata', 'Huacroyuta Marquiri', 'Huarcapata', 'Chorrillo', 'Antacama', 'Pallpata', 'Canlletera', 'Cruz Pampa', 'Pirhuayani', 'Mamanocca', 'Jaruma Alccasana', 'Distrito de Alto Pichigua', 'Distrito de Pichigua Pichigua', 'Distrito de Condorama', 'Distrito de Ocoruro']",CUSCO,"['Pallpata', 'Pallpata', 'Huarcapata', 'Chorrillo', 'Atacama', 'Pallpata', 'Pallpata', 'Cruz Pampa', 'Pirhuayani', 'Mamanocca', 'Pallpata', 'Alto Pichigua', 'Pichigua Pichigua', 'Condorama', 'Ocoruro']",2022,2,2022-S2
Grupo_1885,Activo,2022-12-31,Antapaccay,Glencore,"['CC Huano Huano', 'CC Cala Cala', 'CC Huisa', 'CC Paco Pata', 'CC Tintaya Marquiri', 'CC Alto Huancané', 'CC Huancané Bajo', 'CC Alto Huarca', 'CC Huarca', 'CC Anta Ccollana', 'CC Huisa Ccollana', 'CC Huini Coroccohuayco']",CUSCO,"['CC Huano Huano', 'CC Cala Cala', 'CC Huisa', 'Pacopata', 'Tintaya Marquiri', 'Alto Huancane', 'Huancane Bajo', 'CC Alto Huarca', 'CC Huarca', 'Anta Ccollana', 'Espinar', 'Espinar']",2022,2,2022-S2
Grupo_1852,Activo,2022-12-31,Las Bambas,Las Bambas,"['Provincia de Chumbivilcas', 'Distrito de Velille', 'Distrito de Capacmarca', 'Distrito de Quiñota', 'Distrito de Chamaca', 'Distrito de Livitaca', 'Distrito de Llusco', 'CP Huaylla Huaylla']",CUSCO,"['Chumbivilcas', 'Velille', 'Capacmarca', 'Quiñota', 'Chamaca', 'Livitaca', 'Llusco', 'CP Huaylla Huaylla']",2022,2,2022-S2
Grupo_1853,Activo,2022-12-31,Las Bambas,Las Bambas,"['Provincia de Paruro', 'Distrito Paccarectambo', 'Distrito Yaurisque', 'Distrito Ccapi', 'Distrito Huanoquite']",CUSCO,"['Paruro', 'Paccarectambo', 'Yaurisque', 'Ccapi', 'Huanoquite']",2022,2,2022-S2
Grupo_1421,Activo,2022-12-31,Antapaccay,Antapaccay,['Provincia de Espinar'],CUSCO,['Espinar'],2022,2,2022-S2
Grupo_2246,Activo,2022-12-31,Toromocho,Chinalco,['CP San Francisco de Asís de Pucará'],JUNÍN,['San Francisco de Asis de Pucara'],2022,2,2022-S2
Grupo_606,Activo,2022-12-31,Toromocho,Chinalco,"['CP Morococha', 'CP Nueva Ciudad Morococha']",JUNÍN,"['CP Morococha', 'CP Morococha']",2022,2,2022-S2
Grupo_2057,Activo,2022-12-31,Chungar,Volcan,['CP Cullhuay'],LIMA PROVINCIAS,['CP Cullhuay'],2022,2,2022-S2
Grupo_1867,Activo,2022-12-31,Quellaveco,Angloamerican,['CP Tumilaca'],MOQUEGUA,['CP Tumilaca'],2022,2,2022-S2
Grupo_2257,Activo,2022-12-31,Atacocha,Nexa Resources,['CC Chinchán'],PASCO,['CC Chinchán'],2022,2,2022-S2
Grupo_2258,Activo,2022-12-31,Atacocha,Nexa Resources,['CP Machcan'],PASCO,['CP Machcan'],2022,2,2022-S2
Grupo_1814,Activo,2022-12-31,Atacocha,Nexa Resources,['CP San Juan de Milpo'],PASCO,['CP San Juan de Milpo'],2022,2,2022-S2
Grupo_1897,Activo,2024-02-29,Antamina,Antamina,['CC Aquia'],ÁNCASH,['CC Aquia'],2024,1,2024-S1
Grupo_1901,Activo,2024-02-29,Las Bambas,Las Bambas,['CC Carmen Alto de Chalhuahuacho'],APURÍMAC,['Chalhuahuacho'],2024,1,2024-S1
Grupo_1902,Activo,2024-02-29,Las Bambas,Las Bambas,['CC Chuicuni'],APURÍMAC,['CC Chuicuni'],2024,1,2024-S1
Grupo_1903,Activo,2024-02-29,Las Bambas,Las Bambas,['CC Chila'],APURÍMAC,['CC Chila'],2024,1,2024-S1
Grupo_1904,Activo,2024-02-29,Las Bambas,Las Bambas,['CC Huancuire'],APURÍMAC,['CC Huancuire'],2024,1,2024-S1
Grupo_1854,Activo,2024-02-29,Las Bambas,Las Bambas,['CP Fuerabamba'],CUSCO,['CP Fuerabamba'],2024,1,2024-S1
Grupo_1237,Activo,2024-02-29,Las Bambas,Las Bambas,"['CP Tambulla', 'Distrito Chalhuahuacho']",APURÍMAC,"['CP Tambulla', 'Chalhuahuacho']",2024,1,2024-S1
Grupo_1921,Activo,2024-02-29,Yanacocha,Newmont,"['CP CARHUAQUERO', 'CP Otuzco']",CAJAMARCA,"['CP CARHUAQUERO', 'CP Otuzco']",2024,1,2024-S1
Grupo_1251,Activo,2024-02-29,Cerro Corona,Gold Fields,['Distrito de Hualgayoc'],CAJAMARCA,['Hualgayoc'],2024,1,2024-S1
Grupo_1924,Activo,2024-02-29,Las Bambas,Las Bambas,['Distrito de Coporaque'],CUSCO,['Coporaque'],2024,1,2024-S1
Grupo_2238,Activo,2024-02-29,Las Bambas,Las Bambas,['CC Urinsaya'],CUSCO,['CC Urinsaya'],2024,1,2024-S1
Grupo_1927,Activo,2024-02-29,Las Bambas,Las Bambas,"['CC Huininquiri', 'CC Cancahuani', 'CC Lacca-lacca Yanque Parcobamba', 'CC Cruzpampa', 'CC Idiopa-Ñaupa-Japo Urinsaya']",CUSCO,"['Chumbivilcas', 'Cancahuani', 'Colquemarca', 'CC Cruzpampa', 'Colquemarca']",2024,1,2024-S1
Grupo_1889,Activo,2024-02-29,Antapaccay,Antapaccay,"['Distrito de Pallpata', 'Huacroyuta Marquiri', 'Huarcapata', 'Chorrillo', 'Antacama', 'Pallpata', 'Canlletera', 'Cruz Pampa', 'Pirhuayani', 'Mamanocca', 'Jaruma Alccasana', 'Distrito de Alto Pichigua', 'Distrito de Pichigua Pichigua', 'Distrito de Condorama', 'Distrito de Ocoruro']",CUSCO,"['Pallpata', 'Pallpata', 'Huarcapata', 'Chorrillo', 'Atacama', 'Pallpata', 'Pallpata', 'Cruz Pampa', 'Pirhuayani', 'Mamanocca', 'Pallpata', 'Alto Pichigua', 'Pichigua Pichigua', 'Condorama', 'Ocoruro']",2024,1,2024-S1
Grupo_1885,Activo,2024-02-29,Antapaccay,Glencore,"['CC Huano Huano', 'CC Cala Cala', 'CC Huisa', 'CC Paco Pata', 'CC Tintaya Marquiri', 'CC Alto Huancané', 'CC Huancané Bajo', 'CC Alto Huarca', 'CC Huarca', 'CC Anta Ccollana', 'CC Huisa Ccollana', 'CC Huini Coroccohuayco']",CUSCO,"['CC Huano Huano', 'CC Cala Cala', 'CC Huisa', 'Pacopata', 'Tintaya Marquiri', 'Alto Huancane', 'Huancane Bajo', 'CC Alto Huarca', 'CC Huarca', 'Anta Ccollana', 'Espinar', 'Espinar']",2024,1,2024-S1
Grupo_1852,Activo,2024-02-29,Las Bambas,Las Bambas,"['Provincia de Chumbivilcas', 'Distrito de Velille', 'Distrito de Capacmarca', 'Distrito de Quiñota', 'Distrito de Chamaca', 'Distrito de Livitaca', 'Distrito de Llusco', 'CP Huaylla Huaylla']",CUSCO,"['Chumbivilcas', 'Velille', 'Capacmarca', 'Quiñota', 'Chamaca', 'Livitaca', 'Llusco', 'CP Huaylla Huaylla']",2024,1,2024-S1
Grupo_1853,Activo,2024-02-29,Las Bambas,Las Bambas,"['Provincia de Paruro', 'Distrito Paccarectambo', 'Distrito Yaurisque', 'Distrito Ccapi', 'Distrito Huanoquite']",CUSCO,"['Paruro', 'Paccarectambo', 'Yaurisque', 'Ccapi', 'Huanoquite']",2024,1,2024-S1
Grupo_1421,Activo,2024-02-29,Antapaccay,Antapaccay,['Provincia de Espinar'],CUSCO,['Espinar'],2024,1,2024-S1
Grupo_1939,Activo,2024-02-29,Antamina,Antamina,['Distrito de Llata'],HUÁNUCO,['Llata'],2024,1,2024-S1
Grupo_606,Activo,2024-02-29,Toromocho,Chinalco,"['CP Morococha', 'CP Nueva Ciudad Morococha']",JUNÍN,"['CP Morococha', 'CP Morococha']",2024,1,2024-S1
Grupo_2057,Activo,2024-02-29,Chungar,Volcan,['CP Cullhuay'],LIMA PROVINCIAS,['CP Cullhuay'],2024,1,2024-S1
Grupo_1867,Activo,2024-02-29,Quellaveco,Angloamerican,['CP Tumilaca'],MOQUEGUA,['CP Tumilaca'],2024,1,2024-S1
Grupo_1814,Activo,2024-02-29,Atacocha,Nexa Resources,['CP San Juan de Milpo'],PASCO,['CP San Juan de Milpo'],2024,1,2024-S1
Grupo_1897,Activo,2024-05-31,Antamina,Antamina,['CC Aquia'],ÁNCASH,['CC Aquia'],2024,1,2024-S1
Grupo_1901,Activo,2024-05-31,Las Bambas,Las Bambas,['CC Carmen Alto de Chalhuahuacho'],APURÍMAC,['Chalhuahuacho'],2024,1,2024-S1
Grupo_1902,Activo,2024-05-31,Las Bambas,Las Bambas,['CC Chuicuni'],APURÍMAC,['CC Chuicuni'],2024,1,2024-S1
Grupo_1903,Activo,2024-05-31,Las Bambas,Las Bambas,['CC Chila'],APURÍMAC,['CC Chila'],2024,1,2024-S1
Grupo_1904,Activo,2024-05-31,Las Bambas,Las Bambas,['CC Huancuire'],APURÍMAC,['CC Huancuire'],2024,1,2024-S1
Grupo_1854,Activo,2024-05-31,Las Bambas,Las Bambas,['CP Fuerabamba'],CUSCO,['CP Fuerabamba'],2024,1,2024-S1
Grupo_1237,Activo,2024-05-31,Las Bambas,Las Bambas,"['CP Tambulla', 'Distrito Chalhuahuacho']",APURÍMAC,"['CP Tambulla', 'Chalhuahuacho']",2024,1,2024-S1
Grupo_1921,Activo,2024-05-31,Yanacocha,Newmont,"['CP CARHUAQUERO', 'CP Otuzco']",CAJAMARCA,"['CP CARHUAQUERO', 'CP Otuzco']",2024,1,2024-S1
Grupo_1251,Activo,2024-05-31,Cerro Corona,Gold Fields,['Distrito de Hualgayoc'],CAJAMARCA,['Hualgayoc'],2024,1,2024-S1
Grupo_1923,Activo,2024-05-31,Las Bambas,Las Bambas,['Distrito de Velille'],CUSCO,['Velille'],2024,1,2024-S1
Grupo_1924,Activo,2024-05-31,Las Bambas,Las Bambas,['Distrito de Coporaque'],CUSCO,['Coporaque'],2024,1,2024-S1
Grupo_2238,Activo,2024-05-31,Las Bambas,Las Bambas,['CC Urinsaya'],CUSCO,['CC Urinsaya'],2024,1,2024-S1
Grupo_1927,Activo,2024-05-31,Las Bambas,Las Bambas,"['CC Huininquiri', 'CC Cancahuani', 'CC Lacca-lacca Yanque Parcobamba', 'CC Cruzpampa', 'CC Idiopa-Ñaupa-Japo Urinsaya']",CUSCO,"['Chumbivilcas', 'Cancahuani', 'Colquemarca', 'CC Cruzpampa', 'Colquemarca']",2024,1,2024-S1
Grupo_1889,Activo,2024-05-31,Antapaccay,Antapaccay,"['Distrito de Pallpata', 'Huacroyuta Marquiri', 'Huarcapata', 'Chorrillo', 'Antacama', 'Pallpata', 'Canlletera', 'Cruz Pampa', 'Pirhuayani', 'Mamanocca', 'Jaruma Alccasana', 'Distrito de Alto Pichigua', 'Distrito de Pichigua Pichigua', 'Distrito de Condorama', 'Distrito de Ocoruro']",CUSCO,"['Pallpata', 'Pallpata', 'Huarcapata', 'Chorrillo', 'Atacama', 'Pallpata', 'Pallpata', 'Cruz Pampa', 'Pirhuayani', 'Mamanocca', 'Pallpata', 'Alto Pichigua', 'Pichigua Pichigua', 'Condorama', 'Ocoruro']",2024,1,2024-S1
Grupo_1885,Activo,2024-05-31,Antapaccay,Glencore,"['CC Huano Huano', 'CC Cala Cala', 'CC Huisa', 'CC Paco Pata', 'CC Tintaya Marquiri', 'CC Alto Huancané', 'CC Huancané Bajo', 'CC Alto Huarca', 'CC Huarca', 'CC Anta Ccollana', 'CC Huisa Ccollana', 'CC Huini Coroccohuayco']",CUSCO,"['CC Huano Huano', 'CC Cala Cala', 'CC Huisa', 'Pacopata', 'Tintaya Marquiri', 'Alto Huancane', 'Huancane Bajo', 'CC Alto Huarca', 'CC Huarca', 'Anta Ccollana', 'Espinar', 'Espinar']",2024,1,2024-S1
Grupo_1852,Activo,2024-05-31,Las Bambas,Las Bambas,"['Provincia de Chumbivilcas', 'Distrito de Velille', 'Distrito de Capacmarca', 'Distrito de Quiñota', 'Distrito de Chamaca', 'Distrito de Livitaca', 'Distrito de Llusco', 'CP Huaylla Huaylla']",CUSCO,"['Chumbivilcas', 'Velille', 'Capacmarca', 'Quiñota', 'Chamaca', 'Livitaca', 'Llusco', 'CP Huaylla Huaylla']",2024,1,2024-S1
Grupo_1853,Activo,2024-05-31,Las Bambas,Las Bambas,"['Provincia de Paruro', 'Distrito Paccarectambo', 'Distrito Yaurisque', 'Distrito Ccapi', 'Distrito Huanoquite']",CUSCO,"['Paruro', 'Paccarectambo', 'Yaurisque', 'Ccapi', 'Huanoquite']",2024,1,2024-S1
Grupo_1421,Activo,2024-05-31,Antapaccay,Antapaccay,['Provincia de Espinar'],CUSCO,['Espinar'],2024,1,2024-S1
Grupo_1939,Activo,2024-05-31,Antamina,Antamina,['Distrito de Llata'],HUÁNUCO,['Llata'],2024,1,2024-S1
Grupo_606,Activo,2024-05-31,Toromocho,Chinalco,"['CP Morococha', 'CP Nueva Ciudad Morococha']",JUNÍN,"['CP Morococha', 'CP Morococha']",2024,1,2024-S1
Grupo_2057,Activo,2024-05-31,Chungar,Volcan,['CP Cullhuay'],LIMA PROVINCIAS,['CP Cullhuay'],2024,1,2024-S1
Grupo_1867,Activo,2024-05-31,Quellaveco,Angloamerican,['CP Tumilaca'],MOQUEGUA,['CP Tumilaca'],2024,1,2024-S1
Grupo_1814,Activo,2024-05-31,Atacocha,Nexa Resources,['CP San Juan de Milpo'],PASCO,['CP San Juan de Milpo'],2024,1,2024-S1
Grupo_1897,Activo,2024-06-30,Antamina,Antamina,['CC Aquia'],ÁNCASH,['CC Aquia'],2024,1,2024-S1
Grupo_1901,Activo,2024-06-30,Las Bambas,Las Bambas,['CC Carmen Alto de Chalhuahuacho'],APURÍMAC,['Chalhuahuacho'],2024,1,2024-S1
Grupo_1902,Activo,2024-06-30,Las Bambas,Las Bambas,['CC Chuicuni'],APURÍMAC,['CC Chuicuni'],2024,1,2024-S1
Grupo_1903,Activo,2024-06-30,Las Bambas,Las Bambas,['CC Chila'],APURÍMAC,['CC Chila'],2024,1,2024-S1
Grupo_1904,Activo,2024-06-30,Las Bambas,Las Bambas,['CC Huancuire'],APURÍMAC,['CC Huancuire'],2024,1,2024-S1
Grupo_1854,Activo,2024-06-30,Las Bambas,Las Bambas,['CP Fuerabamba'],CUSCO,['CP Fuerabamba'],2024,1,2024-S1
Grupo_1237,Activo,2024-06-30,Las Bambas,Las Bambas,"['CP Tambulla', 'Distrito Chalhuahuacho']",APURÍMAC,"['CP Tambulla', 'Chalhuahuacho']",2024,1,2024-S1
Grupo_1921,Activo,2024-06-30,Yanacocha,Newmont,"['CP CARHUAQUERO', 'CP Otuzco']",CAJAMARCA,"['CP CARHUAQUERO', 'CP Otuzco']",2024,1,2024-S1
Grupo_1251,Activo,2024-06-30,Cerro Corona,Gold Fields,['Distrito de Hualgayoc'],CAJAMARCA,['Hualgayoc'],2024,1,2024-S1
Grupo_1923,Activo,2024-06-30,Las Bambas,Las Bambas,['Distrito de Velille'],CUSCO,['Velille'],2024,1,2024-S1
Grupo_1924,Activo,2024-06-30,Las Bambas,Las Bambas,['Distrito de Coporaque'],CUSCO,['Coporaque'],2024,1,2024-S1
Grupo_2238,Activo,2024-06-30,Las Bambas,Las Bambas,['CC Urinsaya'],CUSCO,['CC Urinsaya'],2024,1,2024-S1
Grupo_1927,Activo,2024-06-30,Las Bambas,Las Bambas,"['CC Huininquiri', 'CC Cancahuani', 'CC Lacca-lacca Yanque Parcobamba', 'CC Cruzpampa', 'CC Idiopa-Ñaupa-Japo Urinsaya']",CUSCO,"['Chumbivilcas', 'Cancahuani', 'Colquemarca', 'CC Cruzpampa', 'Colquemarca']",2024,1,2024-S1
Grupo_1889,Activo,2024-06-30,Antapaccay,Antapaccay,"['Distrito de Pallpata', 'Huacroyuta Marquiri', 'Huarcapata', 'Chorrillo', 'Antacama', 'Pallpata', 'Canlletera', 'Cruz Pampa', 'Pirhuayani', 'Mamanocca', 'Jaruma Alccasana', 'Distrito de Alto Pichigua', 'Distrito de Pichigua Pichigua', 'Distrito de Condorama', 'Distrito de Ocoruro']",CUSCO,"['Pallpata', 'Pallpata', 'Huarcapata', 'Chorrillo', 'Atacama', 'Pallpata', 'Pallpata', 'Cruz Pampa', 'Pirhuayani', 'Mamanocca', 'Pallpata', 'Alto Pichigua', 'Pichigua Pichigua', 'Condorama', 'Ocoruro']",2024,1,2024-S1
Grupo_1885,Activo,2024-06-30,Antapaccay,Glencore,"['CC Huano Huano', 'CC Cala Cala', 'CC Huisa', 'CC Paco Pata', 'CC Tintaya Marquiri', 'CC Alto Huancané', 'CC Huancané Bajo', 'CC Alto Huarca', 'CC Huarca', 'CC Anta Ccollana', 'CC Huisa Ccollana', 'CC Huini Coroccohuayco']",CUSCO,"['CC Huano Huano', 'CC Cala Cala', 'CC Huisa', 'Pacopata', 'Tintaya Marquiri', 'Alto Huancane', 'Huancane Bajo', 'CC Alto Huarca', 'CC Huarca', 'Anta Ccollana', 'Espinar', 'Espinar']",2024,1,2024-S1
Grupo_1852,Activo,2024-06-30,Las Bambas,Las Bambas,"['Provincia de Chumbivilcas', 'Distrito de Velille', 'Distrito de Capacmarca', 'Distrito de Quiñota', 'Distrito de Chamaca', 'Distrito de Livitaca', 'Distrito de Llusco', 'CP Huaylla Huaylla']",CUSCO,"['Chumbivilcas', 'Velille', 'Capacmarca', 'Quiñota', 'Chamaca', 'Livitaca', 'Llusco', 'CP Huaylla Huaylla']",2024,1,2024-S1
Grupo_1853,Activo,2024-06-30,Las Bambas,Las Bambas,"['Provincia de Paruro', 'Distrito Paccarectambo', 'Distrito Yaurisque', 'Distrito Ccapi', 'Distrito Huanoquite']",CUSCO,"['Paruro', 'Paccarectambo', 'Yaurisque', 'Ccapi', 'Huanoquite']",2024,1,2024-S1
Grupo_1421,Activo,2024-06-30,Antapaccay,Antapaccay,['Provincia de Espinar'],CUSCO,['Espinar'],2024,1,2024-S1
Grupo_1939,Activo,2024-06-30,Antamina,Antamina,['Distrito de Llata'],HUÁNUCO,['Llata'],2024,1,2024-S1
Grupo_606,Activo,2024-06-30,Toromocho,Chinalco,"['CP Morococha', 'CP Nueva Ciudad Morococha']",JUNÍN,"['CP Morococha', 'CP Morococha']",2024,1,2024-S1
Grupo_2057,Activo,2024-06-30,Chungar,Volcan,['CP Cullhuay'],LIMA PROVINCIAS,['CP Cullhuay'],2024,1,2024-S1
Grupo_1867,Activo,2024-06-30,Quellaveco,Angloamerican,['CP Tumilaca'],MOQUEGUA,['CP Tumilaca'],2024,1,2024-S1
Grupo_1814,Activo,2024-06-30,Atacocha,Nexa Resources,['CP San Juan de Milpo'],PASCO,['CP San Juan de Milpo'],2024,1,2024-S1
Grupo_1897,Activo,2022-04-30,Antamina,Antamina,['CC Aquia'],ÁNCASH,['CC Aquia'],2022,1,2022-S1
Grupo_2227,Activo,2022-04-30,Antamina,Antamina,"['CP Carhuayoc', 'CP Pichiu Quinuaragra']",ÁNCASH,"['CP Carhuayoc', 'CP Pichiu Quinhuaragra']",2022,1,2022-S1
Grupo_1749,Activo,2022-04-30,Antamina,Antamina,"['CP Ango Raju', 'CP Carhuayoc']",ÁNCASH,"['Huaraz', 'CP Carhuayoc']",2022,1,2022-S1
Grupo_829,Activo,2022-04-30,Antamina,Antamina,"['CP Carhuayoc', 'CP Cátac']",ÁNCASH,"['CP Carhuayoc', 'CP Catac']",2022,1,2022-S1
Grupo_481,Activo,2022-04-30,Antamina,Antamina,"['CP Ayash Pichiú', 'CP Santa Cruz Pichiú']",ÁNCASH,"['CP Ayash Pichiu', 'Santa Cruz Pichiu']",2022,1,2022-S1
Grupo_2228,Activo,2022-04-30,Las Bambas,Las Bambas,['CC Choaquere'],APURÍMAC,['CC Choaquere'],2022,1,2022-S1
Grupo_1904,Activo,2022-04-30,Las Bambas,Las Bambas,['CC Huancuire'],APURÍMAC,['CC Huancuire'],2022,1,2022-S1
Grupo_2229,Activo,2022-04-30,Las Bambas,Las Bambas,['CC Pumamarca'],APURÍMAC,['CC Pumamarca'],2022,1,2022-S1
Grupo_1854,Activo,2022-04-30,Las Bambas,Las Bambas,['CP Fuerabamba'],CUSCO,['CP Fuerabamba'],2022,1,2022-S1
Grupo_1237,Activo,2022-04-30,Las Bambas,Las Bambas,"['CP Tambulla', 'Distrito Chalhuahuacho']",APURÍMAC,"['CP Tambulla', 'Chalhuahuacho']",2022,1,2022-S1
Grupo_1251,Activo,2022-04-30,Cerro Corona,Gold Fields,['Distrito de Hualgayoc'],CAJAMARCA,['Hualgayoc'],2022,1,2022-S1
Grupo_2238,Activo,2022-04-30,Las Bambas,Las Bambas,['CC Urinsaya'],CUSCO,['CC Urinsaya'],2022,1,2022-S1
Grupo_1927,Activo,2022-04-30,Las Bambas,Las Bambas,"['CC Huininquiri', 'CC Cancahuani', 'CC Lacca-lacca Yanque Parcobamba', 'CC Cruzpampa', 'CC Idiopa-Ñaupa-Japo Urinsaya']",CUSCO,"['Chumbivilcas', 'Cancahuani', 'Colquemarca', 'CC Cruzpampa', 'Colquemarca']",2022,1,2022-S1
Grupo_1889,Activo,2022-04-30,Antapaccay,Antapaccay,"['Distrito de Pallpata', 'Huacroyuta Marquiri', 'Huarcapata', 'Chorrillo', 'Antacama', 'Pallpata', 'Canlletera', 'Cruz Pampa', 'Pirhuayani', 'Mamanocca', 'Jaruma Alccasana', 'Distrito de Alto Pichigua', 'Distrito de Pichigua Pichigua', 'Distrito de Condorama', 'Distrito de Ocoruro']",CUSCO,"['Pallpata', 'Pallpata', 'Huarcapata', 'Chorrillo', 'Atacama', 'Pallpata', 'Pallpata', 'Cruz Pampa', 'Pirhuayani', 'Mamanocca', 'Pallpata', 'Alto Pichigua', 'Pichigua Pichigua', 'Condorama', 'Ocoruro']",2022,1,2022-S1
Grupo_1885,Activo,2022-04-30,Antapaccay,Glencore,"['CC Huano Huano', 'CC Cala Cala', 'CC Huisa', 'CC Paco Pata', 'CC Tintaya Marquiri', 'CC Alto Huancané', 'CC Huancané Bajo', 'CC Alto Huarca', 'CC Huarca', 'CC Anta Ccollana', 'CC Huisa Ccollana', 'CC Huini Coroccohuayco']",CUSCO,"['CC Huano Huano', 'CC Cala Cala', 'CC Huisa', 'Pacopata', 'Tintaya Marquiri', 'Alto Huancane', 'Huancane Bajo', 'CC Alto Huarca', 'CC Huarca', 'Anta Ccollana', 'Espinar', 'Espinar']",2022,1,2022-S1
Grupo_1852,Activo,2022-04-30,Las Bambas,Las Bambas,"['Provincia de Chumbivilcas', 'Distrito de Velille', 'Distrito de Capacmarca', 'Distrito de Quiñota', 'Distrito de Chamaca', 'Distrito de Livitaca', 'Distrito de Llusco', 'CP Huaylla Huaylla']",CUSCO,"['Chumbivilcas', 'Velille', 'Capacmarca', 'Quiñota', 'Chamaca', 'Livitaca', 'Llusco', 'CP Huaylla Huaylla']",2022,1,2022-S1
Grupo_1853,Activo,2022-04-30,Las Bambas,Las Bambas,"['Provincia de Paruro', 'Distrito Paccarectambo', 'Distrito Yaurisque', 'Distrito Ccapi', 'Distrito Huanoquite']",CUSCO,"['Paruro', 'Paccarectambo', 'Yaurisque', 'Ccapi', 'Huanoquite']",2022,1,2022-S1
Grupo_1421,Activo,2022-04-30,Antapaccay,Antapaccay,['Provincia de Espinar'],CUSCO,['Espinar'],2022,1,2022-S1
Grupo_2246,Activo,2022-04-30,Toromocho,Chinalco,['CP San Francisco de Asís de Pucará'],JUNÍN,['San Francisco de Asis de Pucara'],2022,1,2022-S1
Grupo_606,Activo,2022-04-30,Toromocho,Chinalco,"['CP Morococha', 'CP Nueva Ciudad Morococha']",JUNÍN,"['CP Morococha', 'CP Morococha']",2022,1,2022-S1
Grupo_2187,Activo,2022-04-30,Chungar,Volcan,['CC Baños'],LIMA PROVINCIAS,['Baños'],2022,1,2022-S1
Grupo_1867,Activo,2022-04-30,Quellaveco,Angloamerican,['CP Tumilaca'],MOQUEGUA,['CP Tumilaca'],2022,1,2022-S1
Grupo_2257,Activo,2022-04-30,Atacocha,Nexa Resources,['CC Chinchán'],PASCO,['CC Chinchán'],2022,1,2022-S1
Grupo_2258,Activo,2022-04-30,Atacocha,Nexa Resources,['CP Machcan'],PASCO,['CP Machcan'],2022,1,2022-S1
Grupo_1814,Activo,2022-04-30,Atacocha,Nexa Resources,['CP San Juan de Milpo'],PASCO,['CP San Juan de Milpo'],2022,1,2022-S1
Grupo_1897,Activo,2023-04-30,Antamina,Antamina,['CC Aquia'],ÁNCASH,['CC Aquia'],2023,1,2023-S1
Grupo_2227,Activo,2023-04-30,Antamina,Antamina,"['CP Carhuayoc', 'CP Pichiu Quinuaragra']",ÁNCASH,"['CP Carhuayoc', 'CP Pichiu Quinhuaragra']",2023,1,2023-S1
Grupo_1749,Activo,2023-04-30,Antamina,Antamina,"['CP Ango Raju', 'CP Carhuayoc']",ÁNCASH,"['Huaraz', 'CP Carhuayoc']",2023,1,2023-S1
Grupo_481,Activo,2023-04-30,Antamina,Antamina,"['CP Ayash Pichiú', 'CP Santa Cruz Pichiú']",ÁNCASH,"['CP Ayash Pichiu', 'Santa Cruz Pichiu']",2023,1,2023-S1
Grupo_1901,Activo,2023-04-30,Las Bambas,Las Bambas,['CC Carmen Alto de Chalhuahuacho'],APURÍMAC,['Chalhuahuacho'],2023,1,2023-S1
Grupo_1902,Activo,2023-04-30,Las Bambas,Las Bambas,['CC Chuicuni'],APURÍMAC,['CC Chuicuni'],2023,1,2023-S1
Grupo_1903,Activo,2023-04-30,Las Bambas,Las Bambas,['CC Chila'],APURÍMAC,['CC Chila'],2023,1,2023-S1
Grupo_2228,Activo,2023-04-30,Las Bambas,Las Bambas,['CC Choaquere'],APURÍMAC,['CC Choaquere'],2023,1,2023-S1
Grupo_1904,Activo,2023-04-30,Las Bambas,Las Bambas,['CC Huancuire'],APURÍMAC,['CC Huancuire'],2023,1,2023-S1
Grupo_2229,Activo,2023-04-30,Las Bambas,Las Bambas,['CC Pumamarca'],APURÍMAC,['CC Pumamarca'],2023,1,2023-S1
Grupo_1854,Activo,2023-04-30,Las Bambas,Las Bambas,['CP Fuerabamba'],CUSCO,['CP Fuerabamba'],2023,1,2023-S1
Grupo_1237,Activo,2023-04-30,Las Bambas,Las Bambas,"['CP Tambulla', 'Distrito Chalhuahuacho']",APURÍMAC,"['CP Tambulla', 'Chalhuahuacho']",2023,1,2023-S1
Grupo_1251,Activo,2023-04-30,Cerro Corona,Gold Fields,['Distrito de Hualgayoc'],CAJAMARCA,['Hualgayoc'],2023,1,2023-S1
Grupo_2237,Activo,2023-04-30,Las Bambas,Las Bambas,['CC Tuntuma'],CUSCO,['CC Tuntuma'],2023,1,2023-S1
Grupo_1924,Activo,2023-04-30,Las Bambas,Las Bambas,['Distrito de Coporaque'],CUSCO,['Coporaque'],2023,1,2023-S1
Grupo_2238,Activo,2023-04-30,Las Bambas,Las Bambas,['CC Urinsaya'],CUSCO,['CC Urinsaya'],2023,1,2023-S1
Grupo_1927,Activo,2023-04-30,Las Bambas,Las Bambas,"['CC Huininquiri', 'CC Cancahuani', 'CC Lacca-lacca Yanque Parcobamba', 'CC Cruzpampa', 'CC Idiopa-Ñaupa-Japo Urinsaya']",CUSCO,"['Chumbivilcas', 'Cancahuani', 'Colquemarca', 'CC Cruzpampa', 'Colquemarca']",2023,1,2023-S1
Grupo_1889,Activo,2023-04-30,Antapaccay,Antapaccay,"['Distrito de Pallpata', 'Huacroyuta Marquiri', 'Huarcapata', 'Chorrillo', 'Antacama', 'Pallpata', 'Canlletera', 'Cruz Pampa', 'Pirhuayani', 'Mamanocca', 'Jaruma Alccasana', 'Distrito de Alto Pichigua', 'Distrito de Pichigua Pichigua', 'Distrito de Condorama', 'Distrito de Ocoruro']",CUSCO,"['Pallpata', 'Pallpata', 'Huarcapata', 'Chorrillo', 'Atacama', 'Pallpata', 'Pallpata', 'Cruz Pampa', 'Pirhuayani', 'Mamanocca', 'Pallpata', 'Alto Pichigua', 'Pichigua Pichigua', 'Condorama', 'Ocoruro']",2023,1,2023-S1
Grupo_1885,Activo,2023-04-30,Antapaccay,Glencore,"['CC Huano Huano', 'CC Cala Cala', 'CC Huisa', 'CC Paco Pata', 'CC Tintaya Marquiri', 'CC Alto Huancané', 'CC Huancané Bajo', 'CC Alto Huarca', 'CC Huarca', 'CC Anta Ccollana', 'CC Huisa Ccollana', 'CC Huini Coroccohuayco']",CUSCO,"['CC Huano Huano', 'CC Cala Cala', 'CC Huisa', 'Pacopata', 'Tintaya Marquiri', 'Alto Huancane', 'Huancane Bajo', 'CC Alto Huarca', 'CC Huarca', 'Anta Ccollana', 'Espinar', 'Espinar']",2023,1,2023-S1
Grupo_1852,Activo,2023-04-30,Las Bambas,Las Bambas,"['Provincia de Chumbivilcas', 'Distrito de Velille', 'Distrito de Capacmarca', 'Distrito de Quiñota', 'Distrito de Chamaca', 'Distrito de Livitaca', 'Distrito de Llusco', 'CP Huaylla Huaylla']",CUSCO,"['Chumbivilcas', 'Velille', 'Capacmarca', 'Quiñota', 'Chamaca', 'Livitaca', 'Llusco', 'CP Huaylla Huaylla']",2023,1,2023-S1
Grupo_1853,Activo,2023-04-30,Las Bambas,Las Bambas,"['Provincia de Paruro', 'Distrito Paccarectambo', 'Distrito Yaurisque', 'Distrito Ccapi', 'Distrito Huanoquite']",CUSCO,"['Paruro', 'Paccarectambo', 'Yaurisque', 'Ccapi', 'Huanoquite']",2023,1,2023-S1
Grupo_1421,Activo,2023-04-30,Antapaccay,Antapaccay,['Provincia de Espinar'],CUSCO,['Espinar'],2023,1,2023-S1
Grupo_2246,Activo,2023-04-30,Toromocho,Chinalco,['CP San Francisco de Asís de Pucará'],JUNÍN,['San Francisco de Asis de Pucara'],2023,1,2023-S1
Grupo_606,Activo,2023-04-30,Toromocho,Chinalco,"['CP Morococha', 'CP Nueva Ciudad Morococha']",JUNÍN,"['CP Morococha', 'CP Morococha']",2023,1,2023-S1
Grupo_2057,Activo,2023-04-30,Chungar,Volcan,['CP Cullhuay'],LIMA PROVINCIAS,['CP Cullhuay'],2023,1,2023-S1
Grupo_1867,Activo,2023-04-30,Quellaveco,Angloamerican,['CP Tumilaca'],MOQUEGUA,['CP Tumilaca'],2023,1,2023-S1
Grupo_2256,Activo,2023-04-30,Atacocha,Nexa Resources,['CP Joraoniyoc'],PASCO,['Joraoniyoc'],2023,1,2023-S1
Grupo_2257,Activo,2023-04-30,Atacocha,Nexa Resources,['CC Chinchán'],PASCO,['CC Chinchán'],2023,1,2023-S1
Grupo_2258,Activo,2023-04-30,Atacocha,Nexa Resources,['CP Machcan'],PASCO,['CP Machcan'],2023,1,2023-S1
Grupo_1814,Activo,2023-04-30,Atacocha,Nexa Resources,['CP San Juan de Milpo'],PASCO,['CP San Juan de Milpo'],2023,1,2023-S1
Grupo_829,Activo,2018-03-31,Antamina,Antamina,"['CP Carhuayoc', 'CP Cátac']",ÁNCASH,"['CP Carhuayoc', 'CP Catac']",2018,1,2018-S1
Grupo_481,Activo,2018-03-31,Antamina,Antamina,"['CP Ayash Pichiú', 'CP Santa Cruz Pichiú']",ÁNCASH,"['CP Ayash Pichiu', 'Santa Cruz Pichiu']",2018,1,2018-S1
Grupo_1740,Activo,2018-03-31,Antamina,Antamina,"['Huaripampa Alto', 'Huaripampa Centro', 'Huaripampa Bajo']",ÁNCASH,"['Huaripampa Alto', 'Huaripampa Central', 'Huaripampa Baja']",2018,1,2018-S1
Grupo_1237,Activo,2018-03-31,Las Bambas,Las Bambas,"['CP Tambulla', 'Distrito Chalhuahuacho']",APURÍMAC,"['CP Tambulla', 'Chalhuahuacho']",2018,1,2018-S1
Grupo_1251,Activo,2018-03-31,Cerro Corona,Gold Fields,['Distrito de Hualgayoc'],CAJAMARCA,['Hualgayoc'],2018,1,2018-S1
Grupo_1484,Activo,2018-03-31,Yanacocha,Yanacocha,['Distrito Los Baños del Inca'],CAJAMARCA,['Los Baños del Inca'],2018,1,2018-S1
Grupo_1768,Activo,2018-03-31,Cerro Corona,Gold Fields,['CP Tingo'],CAJAMARCA,['CP Tingo'],2018,1,2018-S1
Grupo_1421,Activo,2018-03-31,Antapaccay,Antapaccay,['Provincia de Espinar'],CUSCO,['Espinar'],2018,1,2018-S1
Grupo_1783,Activo,2018-03-31,Antamina,Antamina,['Distrito de Llata'],HUÁNUCO,['Llata'],2018,1,2018-S1
Grupo_606,Activo,2018-03-31,Toromocho,Chinalco,"['CP Morococha', 'CP Nueva Ciudad Morococha']",JUNÍN,"['CP Morococha', 'CP Morococha']",2018,1,2018-S1
Grupo_1814,Activo,2018-03-31,Atacocha,Nexa Resources,['CP San Juan de Milpo'],PASCO,['CP San Juan de Milpo'],2018,1,2018-S1
Grupo_829,Activo,2018-04-30,Antamina,Antamina,"['CP Carhuayoc', 'CP Cátac']",ÁNCASH,"['CP Carhuayoc', 'CP Catac']",2018,1,2018-S1
Grupo_481,Activo,2018-04-30,Antamina,Antamina,"['CP Ayash Pichiú', 'CP Santa Cruz Pichiú']",ÁNCASH,"['CP Ayash Pichiu', 'Santa Cruz Pichiu']",2018,1,2018-S1
Grupo_1740,Activo,2018-04-30,Antamina,Antamina,"['Huaripampa Alto', 'Huaripampa Centro', 'Huaripampa Bajo']",ÁNCASH,"['Huaripampa Alto', 'Huaripampa Central', 'Huaripampa Baja']",2018,1,2018-S1
Grupo_1749,Activo,2018-04-30,Antamina,Antamina,"['CP Ango Raju', 'CP Carhuayoc']",ÁNCASH,"['Huaraz', 'CP Carhuayoc']",2018,1,2018-S1
Grupo_1237,Activo,2018-04-30,Las Bambas,Las Bambas,"['CP Tambulla', 'Distrito Chalhuahuacho']",APURÍMAC,"['CP Tambulla', 'Chalhuahuacho']",2018,1,2018-S1
Grupo_1251,Activo,2018-04-30,Cerro Corona,Gold Fields,['Distrito de Hualgayoc'],CAJAMARCA,['Hualgayoc'],2018,1,2018-S1
Grupo_1768,Activo,2018-04-30,Cerro Corona,Gold Fields,['CP Tingo'],CAJAMARCA,['CP Tingo'],2018,1,2018-S1
Grupo_1421,Activo,2018-04-30,Antapaccay,Antapaccay,['Provincia de Espinar'],CUSCO,['Espinar'],2018,1,2018-S1
Grupo_1783,Activo,2018-04-30,Antamina,Antamina,['Distrito de Llata'],HUÁNUCO,['Llata'],2018,1,2018-S1
Grupo_606,Activo,2018-04-30,Toromocho,Chinalco,"['CP Morococha', 'CP Nueva Ciudad Morococha']",JUNÍN,"['CP Morococha', 'CP Morococha']",2018,1,2018-S1
Grupo_1814,Activo,2018-04-30,Atacocha,Nexa Resources,['CP San Juan de Milpo'],PASCO,['CP San Juan de Milpo'],2018,1,2018-S1
Grupo_829,Activo,2018-05-31,Antamina,Antamina,"['CP Carhuayoc', 'CP Cátac']",ÁNCASH,"['CP Carhuayoc', 'CP Catac']",2018,1,2018-S1
Grupo_481,Activo,2018-05-31,Antamina,Antamina,"['CP Ayash Pichiú', 'CP Santa Cruz Pichiú']",ÁNCASH,"['CP Ayash Pichiu', 'Santa Cruz Pichiu']",2018,1,2018-S1
Grupo_1740,Activo,2018-05-31,Antamina,Antamina,"['Huaripampa Alto', 'Huaripampa Centro', 'Huaripampa Bajo']",ÁNCASH,"['Huaripampa Alto', 'Huaripampa Central', 'Huaripampa Baja']",2018,1,2018-S1
Grupo_1749,Activo,2018-05-31,Antamina,Antamina,"['CP Ango Raju', 'CP Carhuayoc']",ÁNCASH,"['Huaraz', 'CP Carhuayoc']",2018,1,2018-S1
Grupo_1237,Activo,2018-05-31,Las Bambas,Las Bambas,"['CP Tambulla', 'Distrito Chalhuahuacho']",APURÍMAC,"['CP Tambulla', 'Chalhuahuacho']",2018,1,2018-S1
Grupo_1251,Activo,2018-05-31,Cerro Corona,Gold Fields,['Distrito de Hualgayoc'],CAJAMARCA,['Hualgayoc'],2018,1,2018-S1
Grupo_1768,Activo,2018-05-31,Cerro Corona,Gold Fields,['CP Tingo'],CAJAMARCA,['CP Tingo'],2018,1,2018-S1
Grupo_1421,Activo,2018-05-31,Antapaccay,Antapaccay,['Provincia de Espinar'],CUSCO,['Espinar'],2018,1,2018-S1
Grupo_1783,Activo,2018-05-31,Antamina,Antamina,['Distrito de Llata'],HUÁNUCO,['Llata'],2018,1,2018-S1
Grupo_606,Activo,2018-05-31,Toromocho,Chinalco,"['CP Morococha', 'CP Nueva Ciudad Morococha']",JUNÍN,"['CP Morococha', 'CP Morococha']",2018,1,2018-S1
Grupo_1814,Activo,2018-05-31,Atacocha,Nexa Resources,['CP San Juan de Milpo'],PASCO,['CP San Juan de Milpo'],2018,1,2018-S1
Grupo_1749,Activo,2020-04-30,Antamina,Antamina,"['CP Ango Raju', 'CP Carhuayoc']",ÁNCASH,"['Huaraz', 'CP Carhuayoc']",2020,1,2020-S1
Grupo_1740,Activo,2020-04-30,Antamina,Antamina,"['Huaripampa Alto', 'Huaripampa Centro', 'Huaripampa Bajo']",ÁNCASH,"['Huaripampa Alto', 'Huaripampa Central', 'Huaripampa Baja']",2020,1,2020-S1
Grupo_829,Activo,2020-04-30,Antamina,Antamina,"['CP Carhuayoc', 'CP Cátac']",ÁNCASH,"['CP Carhuayoc', 'CP Catac']",2020,1,2020-S1
Grupo_481,Activo,2020-04-30,Antamina,Antamina,"['CP Ayash Pichiú', 'CP Santa Cruz Pichiú']",ÁNCASH,"['CP Ayash Pichiu', 'Santa Cruz Pichiu']",2020,1,2020-S1
Grupo_1237,Activo,2020-04-30,Las Bambas,Las Bambas,"['CP Tambulla', 'Distrito Chalhuahuacho']",APURÍMAC,"['CP Tambulla', 'Chalhuahuacho']",2020,1,2020-S1
Grupo_1884,Activo,2020-04-30,Yanacocha,Newmont,"['CP Totoracocha', 'CP El Alumbre']",CAJAMARCA,"['CP Totoracocha', 'CP El Alumbre']",2020,1,2020-S1
Grupo_1251,Activo,2020-04-30,Cerro Corona,Gold Fields,['Distrito de Hualgayoc'],CAJAMARCA,['Hualgayoc'],2020,1,2020-S1
Grupo_1889,Activo,2020-04-30,Antapaccay,Antapaccay,"['Distrito de Pallpata', 'Huacroyuta Marquiri', 'Huarcapata', 'Chorrillo', 'Antacama', 'Pallpata', 'Canlletera', 'Cruz Pampa', 'Pirhuayani', 'Mamanocca', 'Jaruma Alccasana', 'Distrito de Alto Pichigua', 'Distrito de Pichigua Pichigua', 'Distrito de Condorama', 'Distrito de Ocoruro']",CUSCO,"['Pallpata', 'Pallpata', 'Huarcapata', 'Chorrillo', 'Atacama', 'Pallpata', 'Pallpata', 'Cruz Pampa', 'Pirhuayani', 'Mamanocca', 'Pallpata', 'Alto Pichigua', 'Pichigua Pichigua', 'Condorama', 'Ocoruro']",2020,1,2020-S1
Grupo_1885,Activo,2020-04-30,Antapaccay,Glencore,"['CC Huano Huano', 'CC Cala Cala', 'CC Huisa', 'CC Paco Pata', 'CC Tintaya Marquiri', 'CC Alto Huancané', 'CC Huancané Bajo', 'CC Alto Huarca', 'CC Huarca', 'CC Anta Ccollana', 'CC Huisa Ccollana', 'CC Huini Coroccohuayco']",CUSCO,"['CC Huano Huano', 'CC Cala Cala', 'CC Huisa', 'Pacopata', 'Tintaya Marquiri', 'Alto Huancane', 'Huancane Bajo', 'CC Alto Huarca', 'CC Huarca', 'Anta Ccollana', 'Espinar', 'Espinar']",2020,1,2020-S1
Grupo_1852,Activo,2020-04-30,Las Bambas,Las Bambas,"['Provincia de Chumbivilcas', 'Distrito de Velille', 'Distrito de Capacmarca', 'Distrito de Quiñota', 'Distrito de Chamaca', 'Distrito de Livitaca', 'Distrito de Llusco', 'CP Huaylla Huaylla']",CUSCO,"['Chumbivilcas', 'Velille', 'Capacmarca', 'Quiñota', 'Chamaca', 'Livitaca', 'Llusco', 'CP Huaylla Huaylla']",2020,1,2020-S1
Grupo_1853,Activo,2020-04-30,Las Bambas,Las Bambas,"['Provincia de Paruro', 'Distrito Paccarectambo', 'Distrito Yaurisque', 'Distrito Ccapi', 'Distrito Huanoquite']",CUSCO,"['Paruro', 'Paccarectambo', 'Yaurisque', 'Ccapi', 'Huanoquite']",2020,1,2020-S1
Grupo_1854,Activo,2020-04-30,Las Bambas,Las Bambas,['CP Fuerabamba'],CUSCO,['CP Fuerabamba'],2020,1,2020-S1
Grupo_1776,Activo,2020-04-30,Las Bambas,Las Bambas,"['Distrito de Velille', 'CP Tuntuma', 'CP Casa Blanca', 'CP Ccollana', 'CP Cullahuata', 'CP Urasana', 'CP Ayaccasi', 'CP Alccavictoria', 'CP Chacapampa']",CUSCO,"['Velille', 'CP Tuntuma', 'CP Casa Blanca', 'CP Ccollana', 'CP Cullahuata', 'CP Urasana', 'CP Ayaccasi', 'Vvelille', 'CP Chacapampa']",2020,1,2020-S1
Grupo_1421,Activo,2020-04-30,Antapaccay,Antapaccay,['Provincia de Espinar'],CUSCO,['Espinar'],2020,1,2020-S1
Grupo_606,Activo,2020-04-30,Toromocho,Chinalco,"['CP Morococha', 'CP Nueva Ciudad Morococha']",JUNÍN,"['CP Morococha', 'CP Morococha']",2020,1,2020-S1
Grupo_1867,Activo,2020-04-30,Quellaveco,Angloamerican,['CP Tumilaca'],MOQUEGUA,['CP Tumilaca'],2020,1,2020-S1
Grupo_1870,Activo,2020-04-30,Atacocha,Nexa Resources,['CP San Pablo de Ticlacayán'],PASCO,['San Pablo de Ticlacayán'],2020,1,2020-S1
Grupo_1814,Activo,2020-04-30,Atacocha,Nexa Resources,['CP San Juan de Milpo'],PASCO,['CP San Juan de Milpo'],2020,1,2020-S1
Grupo_1749,Activo,2020-05-31,Antamina,Antamina,"['CP Ango Raju', 'CP Carhuayoc']",ÁNCASH,"['Huaraz', 'CP Carhuayoc']",2020,1,2020-S1
Grupo_1740,Activo,2020-05-31,Antamina,Antamina,"['Huaripampa Alto', 'Huaripampa Centro', 'Huaripampa Bajo']",ÁNCASH,"['Huaripampa Alto', 'Huaripampa Central', 'Huaripampa Baja']",2020,1,2020-S1
Grupo_829,Activo,2020-05-31,Antamina,Antamina,"['CP Carhuayoc', 'CP Cátac']",ÁNCASH,"['CP Carhuayoc', 'CP Catac']",2020,1,2020-S1
Grupo_481,Activo,2020-05-31,Antamina,Antamina,"['CP Ayash Pichiú', 'CP Santa Cruz Pichiú']",ÁNCASH,"['CP Ayash Pichiu', 'Santa Cruz Pichiu']",2020,1,2020-S1
Grupo_1237,Activo,2020-05-31,Las Bambas,Las Bambas,"['CP Tambulla', 'Distrito Chalhuahuacho']",APURÍMAC,"['CP Tambulla', 'Chalhuahuacho']",2020,1,2020-S1
Grupo_1884,Activo,2020-05-31,Yanacocha,Newmont,"['CP Totoracocha', 'CP El Alumbre']",CAJAMARCA,"['CP Totoracocha', 'CP El Alumbre']",2020,1,2020-S1
Grupo_1251,Activo,2020-05-31,Cerro Corona,Gold Fields,['Distrito de Hualgayoc'],CAJAMARCA,['Hualgayoc'],2020,1,2020-S1
Grupo_1889,Activo,2020-05-31,Antapaccay,Antapaccay,"['Distrito de Pallpata', 'Huacroyuta Marquiri', 'Huarcapata', 'Chorrillo', 'Antacama', 'Pallpata', 'Canlletera', 'Cruz Pampa', 'Pirhuayani', 'Mamanocca', 'Jaruma Alccasana', 'Distrito de Alto Pichigua', 'Distrito de Pichigua Pichigua', 'Distrito de Condorama', 'Distrito de Ocoruro']",CUSCO,"['Pallpata', 'Pallpata', 'Huarcapata', 'Chorrillo', 'Atacama', 'Pallpata', 'Pallpata', 'Cruz Pampa', 'Pirhuayani', 'Mamanocca', 'Pallpata', 'Alto Pichigua', 'Pichigua Pichigua', 'Condorama', 'Ocoruro']",2020,1,2020-S1
Grupo_1885,Activo,2020-05-31,Antapaccay,Glencore,"['CC Huano Huano', 'CC Cala Cala', 'CC Huisa', 'CC Paco Pata', 'CC Tintaya Marquiri', 'CC Alto Huancané', 'CC Huancané Bajo', 'CC Alto Huarca', 'CC Huarca', 'CC Anta Ccollana', 'CC Huisa Ccollana', 'CC Huini Coroccohuayco']",CUSCO,"['CC Huano Huano', 'CC Cala Cala', 'CC Huisa', 'Pacopata', 'Tintaya Marquiri', 'Alto Huancane', 'Huancane Bajo', 'CC Alto Huarca', 'CC Huarca', 'Anta Ccollana', 'Espinar', 'Espinar']",2020,1,2020-S1
Grupo_1852,Activo,2020-05-31,Las Bambas,Las Bambas,"['Provincia de Chumbivilcas', 'Distrito de Velille', 'Distrito de Capacmarca', 'Distrito de Quiñota', 'Distrito de Chamaca', 'Distrito de Livitaca', 'Distrito de Llusco', 'CP Huaylla Huaylla']",CUSCO,"['Chumbivilcas', 'Velille', 'Capacmarca', 'Quiñota', 'Chamaca', 'Livitaca', 'Llusco', 'CP Huaylla Huaylla']",2020,1,2020-S1
Grupo_1853,Activo,2020-05-31,Las Bambas,Las Bambas,"['Provincia de Paruro', 'Distrito Paccarectambo', 'Distrito Yaurisque', 'Distrito Ccapi', 'Distrito Huanoquite']",CUSCO,"['Paruro', 'Paccarectambo', 'Yaurisque', 'Ccapi', 'Huanoquite']",2020,1,2020-S1
Grupo_1854,Activo,2020-05-31,Las Bambas,Las Bambas,['CP Fuerabamba'],CUSCO,['CP Fuerabamba'],2020,1,2020-S1
Grupo_1776,Activo,2020-05-31,Las Bambas,Las Bambas,"['Distrito de Velille', 'CP Tuntuma', 'CP Casa Blanca', 'CP Ccollana', 'CP Cullahuata', 'CP Urasana', 'CP Ayaccasi', 'CP Alccavictoria', 'CP Chacapampa']",CUSCO,"['Velille', 'CP Tuntuma', 'CP Casa Blanca', 'CP Ccollana', 'CP Cullahuata', 'CP Urasana', 'CP Ayaccasi', 'Vvelille', 'CP Chacapampa']",2020,1,2020-S1
Grupo_1421,Activo,2020-05-31,Antapaccay,Antapaccay,['Provincia de Espinar'],CUSCO,['Espinar'],2020,1,2020-S1
Grupo_606,Activo,2020-05-31,Toromocho,Chinalco,"['CP Morococha', 'CP Nueva Ciudad Morococha']",JUNÍN,"['CP Morococha', 'CP Morococha']",2020,1,2020-S1
Grupo_1867,Activo,2020-05-31,Quellaveco,Angloamerican,['CP Tumilaca'],MOQUEGUA,['CP Tumilaca'],2020,1,2020-S1
Grupo_1870,Activo,2020-05-31,Atacocha,Nexa Resources,['CP San Pablo de Ticlacayán'],PASCO,['San Pablo de Ticlacayán'],2020,1,2020-S1
Grupo_1814,Activo,2020-05-31,Atacocha,Nexa Resources,['CP San Juan de Milpo'],PASCO,['CP San Juan de Milpo'],2020,1,2020-S1
Grupo_1749,Activo,2020-06-30,Antamina,Antamina,"['CP Ango Raju', 'CP Carhuayoc']",ÁNCASH,"['Huaraz', 'CP Carhuayoc']",2020,1,2020-S1
Grupo_1740,Activo,2020-06-30,Antamina,Antamina,"['Huaripampa Alto', 'Huaripampa Centro', 'Huaripampa Bajo']",ÁNCASH,"['Huaripampa Alto', 'Huaripampa Central', 'Huaripampa Baja']",2020,1,2020-S1
Grupo_829,Activo,2020-06-30,Antamina,Antamina,"['CP Carhuayoc', 'CP Cátac']",ÁNCASH,"['CP Carhuayoc', 'CP Catac']",2020,1,2020-S1
Grupo_481,Activo,2020-06-30,Antamina,Antamina,"['CP Ayash Pichiú', 'CP Santa Cruz Pichiú']",ÁNCASH,"['CP Ayash Pichiu', 'Santa Cruz Pichiu']",2020,1,2020-S1
Grupo_1237,Activo,2020-06-30,Las Bambas,Las Bambas,"['CP Tambulla', 'Distrito Chalhuahuacho']",APURÍMAC,"['CP Tambulla', 'Chalhuahuacho']",2020,1,2020-S1
Grupo_1884,Activo,2020-06-30,Yanacocha,Newmont,"['CP Totoracocha', 'CP El Alumbre']",CAJAMARCA,"['CP Totoracocha', 'CP El Alumbre']",2020,1,2020-S1
Grupo_1251,Activo,2020-06-30,Cerro Corona,Gold Fields,['Distrito de Hualgayoc'],CAJAMARCA,['Hualgayoc'],2020,1,2020-S1
Grupo_1889,Activo,2020-06-30,Antapaccay,Antapaccay,"['Distrito de Pallpata', 'Huacroyuta Marquiri', 'Huarcapata', 'Chorrillo', 'Antacama', 'Pallpata', 'Canlletera', 'Cruz Pampa', 'Pirhuayani', 'Mamanocca', 'Jaruma Alccasana', 'Distrito de Alto Pichigua', 'Distrito de Pichigua Pichigua', 'Distrito de Condorama', 'Distrito de Ocoruro']",CUSCO,"['Pallpata', 'Pallpata', 'Huarcapata', 'Chorrillo', 'Atacama', 'Pallpata', 'Pallpata', 'Cruz Pampa', 'Pirhuayani', 'Mamanocca', 'Pallpata', 'Alto Pichigua', 'Pichigua Pichigua', 'Condorama', 'Ocoruro']",2020,1,2020-S1
Grupo_1885,Activo,2020-06-30,Antapaccay,Glencore,"['CC Huano Huano', 'CC Cala Cala', 'CC Huisa', 'CC Paco Pata', 'CC Tintaya Marquiri', 'CC Alto Huancané', 'CC Huancané Bajo', 'CC Alto Huarca', 'CC Huarca', 'CC Anta Ccollana', 'CC Huisa Ccollana', 'CC Huini Coroccohuayco']",CUSCO,"['CC Huano Huano', 'CC Cala Cala', 'CC Huisa', 'Pacopata', 'Tintaya Marquiri', 'Alto Huancane', 'Huancane Bajo', 'CC Alto Huarca', 'CC Huarca', 'Anta Ccollana', 'Espinar', 'Espinar']",2020,1,2020-S1
Grupo_1852,Activo,2020-06-30,Las Bambas,Las Bambas,"['Provincia de Chumbivilcas', 'Distrito de Velille', 'Distrito de Capacmarca', 'Distrito de Quiñota', 'Distrito de Chamaca', 'Distrito de Livitaca', 'Distrito de Llusco', 'CP Huaylla Huaylla']",CUSCO,"['Chumbivilcas', 'Velille', 'Capacmarca', 'Quiñota', 'Chamaca', 'Livitaca', 'Llusco', 'CP Huaylla Huaylla']",2020,1,2020-S1
Grupo_1853,Activo,2020-06-30,Las Bambas,Las Bambas,"['Provincia de Paruro', 'Distrito Paccarectambo', 'Distrito Yaurisque', 'Distrito Ccapi', 'Distrito Huanoquite']",CUSCO,"['Paruro', 'Paccarectambo', 'Yaurisque', 'Ccapi', 'Huanoquite']",2020,1,2020-S1
Grupo_1854,Activo,2020-06-30,Las Bambas,Las Bambas,['CP Fuerabamba'],CUSCO,['CP Fuerabamba'],2020,1,2020-S1
Grupo_1776,Activo,2020-06-30,Las Bambas,Las Bambas,"['Distrito de Velille', 'CP Tuntuma', 'CP Casa Blanca', 'CP Ccollana', 'CP Cullahuata', 'CP Urasana', 'CP Ayaccasi', 'CP Alccavictoria', 'CP Chacapampa']",CUSCO,"['Velille', 'CP Tuntuma', 'CP Casa Blanca', 'CP Ccollana', 'CP Cullahuata', 'CP Urasana', 'CP Ayaccasi', 'Vvelille', 'CP Chacapampa']",2020,1,2020-S1
Grupo_1421,Activo,2020-06-30,Antapaccay,Antapaccay,['Provincia de Espinar'],CUSCO,['Espinar'],2020,1,2020-S1
Grupo_606,Activo,2020-06-30,Toromocho,Chinalco,"['CP Morococha', 'CP Nueva Ciudad Morococha']",JUNÍN,"['CP Morococha', 'CP Morococha']",2020,1,2020-S1
Grupo_1867,Activo,2020-06-30,Quellaveco,Angloamerican,['CP Tumilaca'],MOQUEGUA,['CP Tumilaca'],2020,1,2020-S1
Grupo_1870,Activo,2020-06-30,Atacocha,Nexa Resources,['CP San Pablo de Ticlacayán'],PASCO,['San Pablo de Ticlacayán'],2020,1,2020-S1
Grupo_1814,Activo,2020-06-30,Atacocha,Nexa Resources,['CP San Juan de Milpo'],PASCO,['CP San Juan de Milpo'],2020,1,2020-S1
Grupo_1749,Activo,2020-07-31,Antamina,Antamina,"['CP Ango Raju', 'CP Carhuayoc']",ÁNCASH,"['Huaraz', 'CP Carhuayoc']",2020,2,2020-S2
Grupo_1740,Activo,2020-07-31,Antamina,Antamina,"['Huaripampa Alto', 'Huaripampa Centro', 'Huaripampa Bajo']",ÁNCASH,"['Huaripampa Alto', 'Huaripampa Central', 'Huaripampa Baja']",2020,2,2020-S2
Grupo_829,Activo,2020-07-31,Antamina,Antamina,"['CP Carhuayoc', 'CP Cátac']",ÁNCASH,"['CP Carhuayoc', 'CP Catac']",2020,2,2020-S2
Grupo_481,Activo,2020-07-31,Antamina,Antamina,"['CP Ayash Pichiú', 'CP Santa Cruz Pichiú']",ÁNCASH,"['CP Ayash Pichiu', 'Santa Cruz Pichiu']",2020,2,2020-S2
Grupo_1237,Activo,2020-07-31,Las Bambas,Las Bambas,"['CP Tambulla', 'Distrito Chalhuahuacho']",APURÍMAC,"['CP Tambulla', 'Chalhuahuacho']",2020,2,2020-S2
Grupo_1884,Activo,2020-07-31,Yanacocha,Newmont,"['CP Totoracocha', 'CP El Alumbre']",CAJAMARCA,"['CP Totoracocha', 'CP El Alumbre']",2020,2,2020-S2
Grupo_1251,Activo,2020-07-31,Cerro Corona,Gold Fields,['Distrito de Hualgayoc'],CAJAMARCA,['Hualgayoc'],2020,2,2020-S2
Grupo_1889,Activo,2020-07-31,Antapaccay,Antapaccay,"['Distrito de Pallpata', 'Huacroyuta Marquiri', 'Huarcapata', 'Chorrillo', 'Antacama', 'Pallpata', 'Canlletera', 'Cruz Pampa', 'Pirhuayani', 'Mamanocca', 'Jaruma Alccasana', 'Distrito de Alto Pichigua', 'Distrito de Pichigua Pichigua', 'Distrito de Condorama', 'Distrito de Ocoruro']",CUSCO,"['Pallpata', 'Pallpata', 'Huarcapata', 'Chorrillo', 'Atacama', 'Pallpata', 'Pallpata', 'Cruz Pampa', 'Pirhuayani', 'Mamanocca', 'Pallpata', 'Alto Pichigua', 'Pichigua Pichigua', 'Condorama', 'Ocoruro']",2020,2,2020-S2
Grupo_1885,Activo,2020-07-31,Antapaccay,Glencore,"['CC Huano Huano', 'CC Cala Cala', 'CC Huisa', 'CC Paco Pata', 'CC Tintaya Marquiri', 'CC Alto Huancané', 'CC Huancané Bajo', 'CC Alto Huarca', 'CC Huarca', 'CC Anta Ccollana', 'CC Huisa Ccollana', 'CC Huini Coroccohuayco']",CUSCO,"['CC Huano Huano', 'CC Cala Cala', 'CC Huisa', 'Pacopata', 'Tintaya Marquiri', 'Alto Huancane', 'Huancane Bajo', 'CC Alto Huarca', 'CC Huarca', 'Anta Ccollana', 'Espinar', 'Espinar']",2020,2,2020-S2
Grupo_1852,Activo,2020-07-31,Las Bambas,Las Bambas,"['Provincia de Chumbivilcas', 'Distrito de Velille', 'Distrito de Capacmarca', 'Distrito de Quiñota', 'Distrito de Chamaca', 'Distrito de Livitaca', 'Distrito de Llusco', 'CP Huaylla Huaylla']",CUSCO,"['Chumbivilcas', 'Velille', 'Capacmarca', 'Quiñota', 'Chamaca', 'Livitaca', 'Llusco', 'CP Huaylla Huaylla']",2020,2,2020-S2
Grupo_1853,Activo,2020-07-31,Las Bambas,Las Bambas,"['Provincia de Paruro', 'Distrito Paccarectambo', 'Distrito Yaurisque', 'Distrito Ccapi', 'Distrito Huanoquite']",CUSCO,"['Paruro', 'Paccarectambo', 'Yaurisque', 'Ccapi', 'Huanoquite']",2020,2,2020-S2
Grupo_1854,Activo,2020-07-31,Las Bambas,Las Bambas,['CP Fuerabamba'],CUSCO,['CP Fuerabamba'],2020,2,2020-S2
Grupo_1776,Activo,2020-07-31,Las Bambas,Las Bambas,"['Distrito de Velille', 'CP Tuntuma', 'CP Casa Blanca', 'CP Ccollana', 'CP Cullahuata', 'CP Urasana', 'CP Ayaccasi', 'CP Alccavictoria', 'CP Chacapampa']",CUSCO,"['Velille', 'CP Tuntuma', 'CP Casa Blanca', 'CP Ccollana', 'CP Cullahuata', 'CP Urasana', 'CP Ayaccasi', 'Vvelille', 'CP Chacapampa']",2020,2,2020-S2
Grupo_1421,Activo,2020-07-31,Antapaccay,Antapaccay,['Provincia de Espinar'],CUSCO,['Espinar'],2020,2,2020-S2
Grupo_606,Activo,2020-07-31,Toromocho,Chinalco,"['CP Morococha', 'CP Nueva Ciudad Morococha']",JUNÍN,"['CP Morococha', 'CP Morococha']",2020,2,2020-S2
Grupo_1867,Activo,2020-07-31,Quellaveco,Angloamerican,['CP Tumilaca'],MOQUEGUA,['CP Tumilaca'],2020,2,2020-S2
Grupo_1870,Activo,2020-07-31,Atacocha,Nexa Resources,['CP San Pablo de Ticlacayán'],PASCO,['San Pablo de Ticlacayán'],2020,2,2020-S2
Grupo_1814,Activo,2020-07-31,Atacocha,Nexa Resources,['CP San Juan de Milpo'],PASCO,['CP San Juan de Milpo'],2020,2,2020-S2
Grupo_1749,Activo,2020-09-30,Antamina,Antamina,"['CP Ango Raju', 'CP Carhuayoc']",ÁNCASH,"['Huaraz', 'CP Carhuayoc']",2020,2,2020-S2
Grupo_1740,Activo,2020-09-30,Antamina,Antamina,"['Huaripampa Alto', 'Huaripampa Centro', 'Huaripampa Bajo']",ÁNCASH,"['Huaripampa Alto', 'Huaripampa Central', 'Huaripampa Baja']",2020,2,2020-S2
Grupo_829,Activo,2020-09-30,Antamina,Antamina,"['CP Carhuayoc', 'CP Cátac']",ÁNCASH,"['CP Carhuayoc', 'CP Catac']",2020,2,2020-S2
Grupo_481,Activo,2020-09-30,Antamina,Antamina,"['CP Ayash Pichiú', 'CP Santa Cruz Pichiú']",ÁNCASH,"['CP Ayash Pichiu', 'Santa Cruz Pichiu']",2020,2,2020-S2
Grupo_1237,Activo,2020-09-30,Las Bambas,Las Bambas,"['CP Tambulla', 'Distrito Chalhuahuacho']",APURÍMAC,"['CP Tambulla', 'Chalhuahuacho']",2020,2,2020-S2
Grupo_1884,Activo,2020-09-30,Yanacocha,Newmont,"['CP Totoracocha', 'CP El Alumbre']",CAJAMARCA,"['CP Totoracocha', 'CP El Alumbre']",2020,2,2020-S2
Grupo_1251,Activo,2020-09-30,Cerro Corona,Gold Fields,['Distrito de Hualgayoc'],CAJAMARCA,['Hualgayoc'],2020,2,2020-S2
Grupo_1889,Activo,2020-09-30,Antapaccay,Antapaccay,"['Distrito de Pallpata', 'Huacroyuta Marquiri', 'Huarcapata', 'Chorrillo', 'Antacama', 'Pallpata', 'Canlletera', 'Cruz Pampa', 'Pirhuayani', 'Mamanocca', 'Jaruma Alccasana', 'Distrito de Alto Pichigua', 'Distrito de Pichigua Pichigua', 'Distrito de Condorama', 'Distrito de Ocoruro']",CUSCO,"['Pallpata', 'Pallpata', 'Huarcapata', 'Chorrillo', 'Atacama', 'Pallpata', 'Pallpata', 'Cruz Pampa', 'Pirhuayani', 'Mamanocca', 'Pallpata', 'Alto Pichigua', 'Pichigua Pichigua', 'Condorama', 'Ocoruro']",2020,2,2020-S2
Grupo_1885,Activo,2020-09-30,Antapaccay,Glencore,"['CC Huano Huano', 'CC Cala Cala', 'CC Huisa', 'CC Paco Pata', 'CC Tintaya Marquiri', 'CC Alto Huancané', 'CC Huancané Bajo', 'CC Alto Huarca', 'CC Huarca', 'CC Anta Ccollana', 'CC Huisa Ccollana', 'CC Huini Coroccohuayco']",CUSCO,"['CC Huano Huano', 'CC Cala Cala', 'CC Huisa', 'Pacopata', 'Tintaya Marquiri', 'Alto Huancane', 'Huancane Bajo', 'CC Alto Huarca', 'CC Huarca', 'Anta Ccollana', 'Espinar', 'Espinar']",2020,2,2020-S2
Grupo_1852,Activo,2020-09-30,Las Bambas,Las Bambas,"['Provincia de Chumbivilcas', 'Distrito de Velille', 'Distrito de Capacmarca', 'Distrito de Quiñota', 'Distrito de Chamaca', 'Distrito de Livitaca', 'Distrito de Llusco', 'CP Huaylla Huaylla']",CUSCO,"['Chumbivilcas', 'Velille', 'Capacmarca', 'Quiñota', 'Chamaca', 'Livitaca', 'Llusco', 'CP Huaylla Huaylla']",2020,2,2020-S2
Grupo_1853,Activo,2020-09-30,Las Bambas,Las Bambas,"['Provincia de Paruro', 'Distrito Paccarectambo', 'Distrito Yaurisque', 'Distrito Ccapi', 'Distrito Huanoquite']",CUSCO,"['Paruro', 'Paccarectambo', 'Yaurisque', 'Ccapi', 'Huanoquite']",2020,2,2020-S2
Grupo_1854,Activo,2020-09-30,Las Bambas,Las Bambas,['CP Fuerabamba'],CUSCO,['CP Fuerabamba'],2020,2,2020-S2
Grupo_1776,Activo,2020-09-30,Las Bambas,Las Bambas,"['Distrito de Velille', 'CP Tuntuma', 'CP Casa Blanca', 'CP Ccollana', 'CP Cullahuata', 'CP Urasana', 'CP Ayaccasi', 'CP Alccavictoria', 'CP Chacapampa']",CUSCO,"['Velille', 'CP Tuntuma', 'CP Casa Blanca', 'CP Ccollana', 'CP Cullahuata', 'CP Urasana', 'CP Ayaccasi', 'Vvelille', 'CP Chacapampa']",2020,2,2020-S2
Grupo_1421,Activo,2020-09-30,Antapaccay,Antapaccay,['Provincia de Espinar'],CUSCO,['Espinar'],2020,2,2020-S2
Grupo_606,Activo,2020-09-30,Toromocho,Chinalco,"['CP Morococha', 'CP Nueva Ciudad Morococha']",JUNÍN,"['CP Morococha', 'CP Morococha']",2020,2,2020-S2
Grupo_1867,Activo,2020-09-30,Quellaveco,Angloamerican,['CP Tumilaca'],MOQUEGUA,['CP Tumilaca'],2020,2,2020-S2
Grupo_1870,Activo,2020-09-30,Atacocha,Nexa Resources,['CP San Pablo de Ticlacayán'],PASCO,['San Pablo de Ticlacayán'],2020,2,2020-S2
Grupo_1814,Activo,2020-09-30,Atacocha,Nexa Resources,['CP San Juan de Milpo'],PASCO,['CP San Juan de Milpo'],2020,2,2020-S2
Grupo_1749,Activo,2020-10-31,Antamina,Antamina,"['CP Ango Raju', 'CP Carhuayoc']",ÁNCASH,"['Huaraz', 'CP Carhuayoc']",2020,2,2020-S2
Grupo_829,Activo,2020-10-31,Antamina,Antamina,"['CP Carhuayoc', 'CP Cátac']",ÁNCASH,"['CP Carhuayoc', 'CP Catac']",2020,2,2020-S2
Grupo_481,Activo,2020-10-31,Antamina,Antamina,"['CP Ayash Pichiú', 'CP Santa Cruz Pichiú']",ÁNCASH,"['CP Ayash Pichiu', 'Santa Cruz Pichiu']",2020,2,2020-S2
Grupo_1237,Activo,2020-10-31,Las Bambas,Las Bambas,"['CP Tambulla', 'Distrito Chalhuahuacho']",APURÍMAC,"['CP Tambulla', 'Chalhuahuacho']",2020,2,2020-S2
Grupo_1884,Activo,2020-10-31,Yanacocha,Newmont,"['CP Totoracocha', 'CP El Alumbre']",CAJAMARCA,"['CP Totoracocha', 'CP El Alumbre']",2020,2,2020-S2
Grupo_1251,Activo,2020-10-31,Cerro Corona,Gold Fields,['Distrito de Hualgayoc'],CAJAMARCA,['Hualgayoc'],2020,2,2020-S2
Grupo_1889,Activo,2020-10-31,Antapaccay,Antapaccay,"['Distrito de Pallpata', 'Huacroyuta Marquiri', 'Huarcapata', 'Chorrillo', 'Antacama', 'Pallpata', 'Canlletera', 'Cruz Pampa', 'Pirhuayani', 'Mamanocca', 'Jaruma Alccasana', 'Distrito de Alto Pichigua', 'Distrito de Pichigua Pichigua', 'Distrito de Condorama', 'Distrito de Ocoruro']",CUSCO,"['Pallpata', 'Pallpata', 'Huarcapata', 'Chorrillo', 'Atacama', 'Pallpata', 'Pallpata', 'Cruz Pampa', 'Pirhuayani', 'Mamanocca', 'Pallpata', 'Alto Pichigua', 'Pichigua Pichigua', 'Condorama', 'Ocoruro']",2020,2,2020-S2
Grupo_1885,Activo,2020-10-31,Antapaccay,Glencore,"['CC Huano Huano', 'CC Cala Cala', 'CC Huisa', 'CC Paco Pata', 'CC Tintaya Marquiri', 'CC Alto Huancané', 'CC Huancané Bajo', 'CC Alto Huarca', 'CC Huarca', 'CC Anta Ccollana', 'CC Huisa Ccollana', 'CC Huini Coroccohuayco']",CUSCO,"['CC Huano Huano', 'CC Cala Cala', 'CC Huisa', 'Pacopata', 'Tintaya Marquiri', 'Alto Huancane', 'Huancane Bajo', 'CC Alto Huarca', 'CC Huarca', 'Anta Ccollana', 'Espinar', 'Espinar']",2020,2,2020-S2
Grupo_1852,Activo,2020-10-31,Las Bambas,Las Bambas,"['Provincia de Chumbivilcas', 'Distrito de Velille', 'Distrito de Capacmarca', 'Distrito de Quiñota', 'Distrito de Chamaca', 'Distrito de Livitaca', 'Distrito de Llusco', 'CP Huaylla Huaylla']",CUSCO,"['Chumbivilcas', 'Velille', 'Capacmarca', 'Quiñota', 'Chamaca', 'Livitaca', 'Llusco', 'CP Huaylla Huaylla']",2020,2,2020-S2
Grupo_1853,Activo,2020-10-31,Las Bambas,Las Bambas,"['Provincia de Paruro', 'Distrito Paccarectambo', 'Distrito Yaurisque', 'Distrito Ccapi', 'Distrito Huanoquite']",CUSCO,"['Paruro', 'Paccarectambo', 'Yaurisque', 'Ccapi', 'Huanoquite']",2020,2,2020-S2
Grupo_1854,Activo,2020-10-31,Las Bambas,Las Bambas,['CP Fuerabamba'],CUSCO,['CP Fuerabamba'],2020,2,2020-S2
Grupo_1776,Activo,2020-10-31,Las Bambas,Las Bambas,"['Distrito de Velille', 'CP Tuntuma', 'CP Casa Blanca', 'CP Ccollana', 'CP Cullahuata', 'CP Urasana', 'CP Ayaccasi', 'CP Alccavictoria', 'CP Chacapampa']",CUSCO,"['Velille', 'CP Tuntuma', 'CP Casa Blanca', 'CP Ccollana', 'CP Cullahuata', 'CP Urasana', 'CP Ayaccasi', 'Vvelille', 'CP Chacapampa']",2020,2,2020-S2
Grupo_1421,Activo,2020-10-31,Antapaccay,Antapaccay,['Provincia de Espinar'],CUSCO,['Espinar'],2020,2,2020-S2
Grupo_606,Activo,2020-10-31,Toromocho,Chinalco,"['CP Morococha', 'CP Nueva Ciudad Morococha']",JUNÍN,"['CP Morococha', 'CP Morococha']",2020,2,2020-S2
Grupo_1867,Activo,2020-10-31,Quellaveco,Angloamerican,['CP Tumilaca'],MOQUEGUA,['CP Tumilaca'],2020,2,2020-S2
Grupo_1870,Activo,2020-10-31,Atacocha,Nexa Resources,['CP San Pablo de Ticlacayán'],PASCO,['San Pablo de Ticlacayán'],2020,2,2020-S2
Grupo_1814,Activo,2020-10-31,Atacocha,Nexa Resources,['CP San Juan de Milpo'],PASCO,['CP San Juan de Milpo'],2020,2,2020-S2
Grupo_1749,Activo,2020-11-30,Antamina,Antamina,"['CP Ango Raju', 'CP Carhuayoc']",ÁNCASH,"['Huaraz', 'CP Carhuayoc']",2020,2,2020-S2
Grupo_829,Activo,2020-11-30,Antamina,Antamina,"['CP Carhuayoc', 'CP Cátac']",ÁNCASH,"['CP Carhuayoc', 'CP Catac']",2020,2,2020-S2
Grupo_481,Activo,2020-11-30,Antamina,Antamina,"['CP Ayash Pichiú', 'CP Santa Cruz Pichiú']",ÁNCASH,"['CP Ayash Pichiu', 'Santa Cruz Pichiu']",2020,2,2020-S2
Grupo_1237,Activo,2020-11-30,Las Bambas,Las Bambas,"['CP Tambulla', 'Distrito Chalhuahuacho']",APURÍMAC,"['CP Tambulla', 'Chalhuahuacho']",2020,2,2020-S2
Grupo_1884,Activo,2020-11-30,Yanacocha,Newmont,"['CP Totoracocha', 'CP El Alumbre']",CAJAMARCA,"['CP Totoracocha', 'CP El Alumbre']",2020,2,2020-S2
Grupo_1251,Activo,2020-11-30,Cerro Corona,Gold Fields,['Distrito de Hualgayoc'],CAJAMARCA,['Hualgayoc'],2020,2,2020-S2
Grupo_1889,Activo,2020-11-30,Antapaccay,Antapaccay,"['Distrito de Pallpata', 'Huacroyuta Marquiri', 'Huarcapata', 'Chorrillo', 'Antacama', 'Pallpata', 'Canlletera', 'Cruz Pampa', 'Pirhuayani', 'Mamanocca', 'Jaruma Alccasana', 'Distrito de Alto Pichigua', 'Distrito de Pichigua Pichigua', 'Distrito de Condorama', 'Distrito de Ocoruro']",CUSCO,"['Pallpata', 'Pallpata', 'Huarcapata', 'Chorrillo', 'Atacama', 'Pallpata', 'Pallpata', 'Cruz Pampa', 'Pirhuayani', 'Mamanocca', 'Pallpata', 'Alto Pichigua', 'Pichigua Pichigua', 'Condorama', 'Ocoruro']",2020,2,2020-S2
Grupo_1885,Activo,2020-11-30,Antapaccay,Glencore,"['CC Huano Huano', 'CC Cala Cala', 'CC Huisa', 'CC Paco Pata', 'CC Tintaya Marquiri', 'CC Alto Huancané', 'CC Huancané Bajo', 'CC Alto Huarca', 'CC Huarca', 'CC Anta Ccollana', 'CC Huisa Ccollana', 'CC Huini Coroccohuayco']",CUSCO,"['CC Huano Huano', 'CC Cala Cala', 'CC Huisa', 'Pacopata', 'Tintaya Marquiri', 'Alto Huancane', 'Huancane Bajo', 'CC Alto Huarca', 'CC Huarca', 'Anta Ccollana', 'Espinar', 'Espinar']",2020,2,2020-S2
Grupo_1852,Activo,2020-11-30,Las Bambas,Las Bambas,"['Provincia de Chumbivilcas', 'Distrito de Velille', 'Distrito de Capacmarca', 'Distrito de Quiñota', 'Distrito de Chamaca', 'Distrito de Livitaca', 'Distrito de Llusco', 'CP Huaylla Huaylla']",CUSCO,"['Chumbivilcas', 'Velille', 'Capacmarca', 'Quiñota', 'Chamaca', 'Livitaca', 'Llusco', 'CP Huaylla Huaylla']",2020,2,2020-S2
Grupo_1853,Activo,2020-11-30,Las Bambas,Las Bambas,"['Provincia de Paruro', 'Distrito Paccarectambo', 'Distrito Yaurisque', 'Distrito Ccapi', 'Distrito Huanoquite']",CUSCO,"['Paruro', 'Paccarectambo', 'Yaurisque', 'Ccapi', 'Huanoquite']",2020,2,2020-S2
Grupo_1854,Activo,2020-11-30,Las Bambas,Las Bambas,['CP Fuerabamba'],CUSCO,['CP Fuerabamba'],2020,2,2020-S2
Grupo_1776,Activo,2020-11-30,Las Bambas,Las Bambas,"['Distrito de Velille', 'CP Tuntuma', 'CP Casa Blanca', 'CP Ccollana', 'CP Cullahuata', 'CP Urasana', 'CP Ayaccasi', 'CP Alccavictoria', 'CP Chacapampa']",CUSCO,"['Velille', 'CP Tuntuma', 'CP Casa Blanca', 'CP Ccollana', 'CP Cullahuata', 'CP Urasana', 'CP Ayaccasi', 'Vvelille', 'CP Chacapampa']",2020,2,2020-S2
Grupo_1421,Activo,2020-11-30,Antapaccay,Antapaccay,['Provincia de Espinar'],CUSCO,['Espinar'],2020,2,2020-S2
Grupo_606,Activo,2020-11-30,Toromocho,Chinalco,"['CP Morococha', 'CP Nueva Ciudad Morococha']",JUNÍN,"['CP Morococha', 'CP Morococha']",2020,2,2020-S2
Grupo_1867,Activo,2020-11-30,Quellaveco,Angloamerican,['CP Tumilaca'],MOQUEGUA,['CP Tumilaca'],2020,2,2020-S2
Grupo_1870,Activo,2020-11-30,Atacocha,Nexa Resources,['CP San Pablo de Ticlacayán'],PASCO,['San Pablo de Ticlacayán'],2020,2,2020-S2
Grupo_1814,Activo,2020-11-30,Atacocha,Nexa Resources,['CP San Juan de Milpo'],PASCO,['CP San Juan de Milpo'],2020,2,2020-S2
Grupo_1749,Activo,2020-12-31,Antamina,Antamina,"['CP Ango Raju', 'CP Carhuayoc']",ÁNCASH,"['Huaraz', 'CP Carhuayoc']",2020,2,2020-S2
Grupo_829,Activo,2020-12-31,Antamina,Antamina,"['CP Carhuayoc', 'CP Cátac']",ÁNCASH,"['CP Carhuayoc', 'CP Catac']",2020,2,2020-S2
Grupo_481,Activo,2020-12-31,Antamina,Antamina,"['CP Ayash Pichiú', 'CP Santa Cruz Pichiú']",ÁNCASH,"['CP Ayash Pichiu', 'Santa Cruz Pichiu']",2020,2,2020-S2
Grupo_1237,Activo,2020-12-31,Las Bambas,Las Bambas,"['CP Tambulla', 'Distrito Chalhuahuacho']",APURÍMAC,"['CP Tambulla', 'Chalhuahuacho']",2020,2,2020-S2
Grupo_1884,Activo,2020-12-31,Yanacocha,Newmont,"['CP Totoracocha', 'CP El Alumbre']",CAJAMARCA,"['CP Totoracocha', 'CP El Alumbre']",2020,2,2020-S2
Grupo_1251,Activo,2020-12-31,Cerro Corona,Gold Fields,['Distrito de Hualgayoc'],CAJAMARCA,['Hualgayoc'],2020,2,2020-S2
Grupo_1889,Activo,2020-12-31,Antapaccay,Antapaccay,"['Distrito de Pallpata', 'Huacroyuta Marquiri', 'Huarcapata', 'Chorrillo', 'Antacama', 'Pallpata', 'Canlletera', 'Cruz Pampa', 'Pirhuayani', 'Mamanocca', 'Jaruma Alccasana', 'Distrito de Alto Pichigua', 'Distrito de Pichigua Pichigua', 'Distrito de Condorama', 'Distrito de Ocoruro']",CUSCO,"['Pallpata', 'Pallpata', 'Huarcapata', 'Chorrillo', 'Atacama', 'Pallpata', 'Pallpata', 'Cruz Pampa', 'Pirhuayani', 'Mamanocca', 'Pallpata', 'Alto Pichigua', 'Pichigua Pichigua', 'Condorama', 'Ocoruro']",2020,2,2020-S2
Grupo_1885,Activo,2020-12-31,Antapaccay,Glencore,"['CC Huano Huano', 'CC Cala Cala', 'CC Huisa', 'CC Paco Pata', 'CC Tintaya Marquiri', 'CC Alto Huancané', 'CC Huancané Bajo', 'CC Alto Huarca', 'CC Huarca', 'CC Anta Ccollana', 'CC Huisa Ccollana', 'CC Huini Coroccohuayco']",CUSCO,"['CC Huano Huano', 'CC Cala Cala', 'CC Huisa', 'Pacopata', 'Tintaya Marquiri', 'Alto Huancane', 'Huancane Bajo', 'CC Alto Huarca', 'CC Huarca', 'Anta Ccollana', 'Espinar', 'Espinar']",2020,2,2020-S2
Grupo_1852,Activo,2020-12-31,Las Bambas,Las Bambas,"['Provincia de Chumbivilcas', 'Distrito de Velille', 'Distrito de Capacmarca', 'Distrito de Quiñota', 'Distrito de Chamaca', 'Distrito de Livitaca', 'Distrito de Llusco', 'CP Huaylla Huaylla']",CUSCO,"['Chumbivilcas', 'Velille', 'Capacmarca', 'Quiñota', 'Chamaca', 'Livitaca', 'Llusco', 'CP Huaylla Huaylla']",2020,2,2020-S2
Grupo_1853,Activo,2020-12-31,Las Bambas,Las Bambas,"['Provincia de Paruro', 'Distrito Paccarectambo', 'Distrito Yaurisque', 'Distrito Ccapi', 'Distrito Huanoquite']",CUSCO,"['Paruro', 'Paccarectambo', 'Yaurisque', 'Ccapi', 'Huanoquite']",2020,2,2020-S2
Grupo_1854,Activo,2020-12-31,Las Bambas,Las Bambas,['CP Fuerabamba'],CUSCO,['CP Fuerabamba'],2020,2,2020-S2
Grupo_1776,Activo,2020-12-31,Las Bambas,Las Bambas,"['Distrito de Velille', 'CP Tuntuma', 'CP Casa Blanca', 'CP Ccollana', 'CP Cullahuata', 'CP Urasana', 'CP Ayaccasi', 'CP Alccavictoria', 'CP Chacapampa']",CUSCO,"['Velille', 'CP Tuntuma', 'CP Casa Blanca', 'CP Ccollana', 'CP Cullahuata', 'CP Urasana', 'CP Ayaccasi', 'Vvelille', 'CP Chacapampa']",2020,2,2020-S2
Grupo_1421,Activo,2020-12-31,Antapaccay,Antapaccay,['Provincia de Espinar'],CUSCO,['Espinar'],2020,2,2020-S2
Grupo_606,Activo,2020-12-31,Toromocho,Chinalco,"['CP Morococha', 'CP Nueva Ciudad Morococha']",JUNÍN,"['CP Morococha', 'CP Morococha']",2020,2,2020-S2
Grupo_1867,Activo,2020-12-31,Quellaveco,Angloamerican,['CP Tumilaca'],MOQUEGUA,['CP Tumilaca'],2020,2,2020-S2
Grupo_1870,Activo,2020-12-31,Atacocha,Nexa Resources,['CP San Pablo de Ticlacayán'],PASCO,['San Pablo de Ticlacayán'],2020,2,2020-S2
Grupo_1814,Activo,2020-12-31,Atacocha,Nexa Resources,['CP San Juan de Milpo'],PASCO,['CP San Juan de Milpo'],2020,2,2020-S2
Grupo_1749,Activo,2021-01-31,Antamina,Antamina,"['CP Ango Raju', 'CP Carhuayoc']",ÁNCASH,"['Huaraz', 'CP Carhuayoc']",2021,1,2021-S1
Grupo_829,Activo,2021-01-31,Antamina,Antamina,"['CP Carhuayoc', 'CP Cátac']",ÁNCASH,"['CP Carhuayoc', 'CP Catac']",2021,1,2021-S1
Grupo_481,Activo,2021-01-31,Antamina,Antamina,"['CP Ayash Pichiú', 'CP Santa Cruz Pichiú']",ÁNCASH,"['CP Ayash Pichiu', 'Santa Cruz Pichiu']",2021,1,2021-S1
Grupo_1237,Activo,2021-01-31,Las Bambas,Las Bambas,"['CP Tambulla', 'Distrito Chalhuahuacho']",APURÍMAC,"['CP Tambulla', 'Chalhuahuacho']",2021,1,2021-S1
Grupo_1884,Activo,2021-01-31,Yanacocha,Newmont,"['CP Totoracocha', 'CP El Alumbre']",CAJAMARCA,"['CP Totoracocha', 'CP El Alumbre']",2021,1,2021-S1
Grupo_1251,Activo,2021-01-31,Cerro Corona,Gold Fields,['Distrito de Hualgayoc'],CAJAMARCA,['Hualgayoc'],2021,1,2021-S1
Grupo_1889,Activo,2021-01-31,Antapaccay,Antapaccay,"['Distrito de Pallpata', 'Huacroyuta Marquiri', 'Huarcapata', 'Chorrillo', 'Antacama', 'Pallpata', 'Canlletera', 'Cruz Pampa', 'Pirhuayani', 'Mamanocca', 'Jaruma Alccasana', 'Distrito de Alto Pichigua', 'Distrito de Pichigua Pichigua', 'Distrito de Condorama', 'Distrito de Ocoruro']",CUSCO,"['Pallpata', 'Pallpata', 'Huarcapata', 'Chorrillo', 'Atacama', 'Pallpata', 'Pallpata', 'Cruz Pampa', 'Pirhuayani', 'Mamanocca', 'Pallpata', 'Alto Pichigua', 'Pichigua Pichigua', 'Condorama', 'Ocoruro']",2021,1,2021-S1
Grupo_1885,Activo,2021-01-31,Antapaccay,Glencore,"['CC Huano Huano', 'CC Cala Cala', 'CC Huisa', 'CC Paco Pata', 'CC Tintaya Marquiri', 'CC Alto Huancané', 'CC Huancané Bajo', 'CC Alto Huarca', 'CC Huarca', 'CC Anta Ccollana', 'CC Huisa Ccollana', 'CC Huini Coroccohuayco']",CUSCO,"['CC Huano Huano', 'CC Cala Cala', 'CC Huisa', 'Pacopata', 'Tintaya Marquiri', 'Alto Huancane', 'Huancane Bajo', 'CC Alto Huarca', 'CC Huarca', 'Anta Ccollana', 'Espinar', 'Espinar']",2021,1,2021-S1
Grupo_1852,Activo,2021-01-31,Las Bambas,Las Bambas,"['Provincia de Chumbivilcas', 'Distrito de Velille', 'Distrito de Capacmarca', 'Distrito de Quiñota', 'Distrito de Chamaca', 'Distrito de Livitaca', 'Distrito de Llusco', 'CP Huaylla Huaylla']",CUSCO,"['Chumbivilcas', 'Velille', 'Capacmarca', 'Quiñota', 'Chamaca', 'Livitaca', 'Llusco', 'CP Huaylla Huaylla']",2021,1,2021-S1
Grupo_1853,Activo,2021-01-31,Las Bambas,Las Bambas,"['Provincia de Paruro', 'Distrito Paccarectambo', 'Distrito Yaurisque', 'Distrito Ccapi', 'Distrito Huanoquite']",CUSCO,"['Paruro', 'Paccarectambo', 'Yaurisque', 'Ccapi', 'Huanoquite']",2021,1,2021-S1
Grupo_1854,Activo,2021-01-31,Las Bambas,Las Bambas,['CP Fuerabamba'],CUSCO,['CP Fuerabamba'],2021,1,2021-S1
Grupo_1776,Activo,2021-01-31,Las Bambas,Las Bambas,"['Distrito de Velille', 'CP Tuntuma', 'CP Casa Blanca', 'CP Ccollana', 'CP Cullahuata', 'CP Urasana', 'CP Ayaccasi', 'CP Alccavictoria', 'CP Chacapampa']",CUSCO,"['Velille', 'CP Tuntuma', 'CP Casa Blanca', 'CP Ccollana', 'CP Cullahuata', 'CP Urasana', 'CP Ayaccasi', 'Vvelille', 'CP Chacapampa']",2021,1,2021-S1
Grupo_1421,Activo,2021-01-31,Antapaccay,Antapaccay,['Provincia de Espinar'],CUSCO,['Espinar'],2021,1,2021-S1
Grupo_606,Activo,2021-01-31,Toromocho,Chinalco,"['CP Morococha', 'CP Nueva Ciudad Morococha']",JUNÍN,"['CP Morococha', 'CP Morococha']",2021,1,2021-S1
Grupo_1867,Activo,2021-01-31,Quellaveco,Angloamerican,['CP Tumilaca'],MOQUEGUA,['CP Tumilaca'],2021,1,2021-S1
Grupo_1870,Activo,2021-01-31,Atacocha,Nexa Resources,['CP San Pablo de Ticlacayán'],PASCO,['San Pablo de Ticlacayán'],2021,1,2021-S1
Grupo_1814,Activo,2021-01-31,Atacocha,Nexa Resources,['CP San Juan de Milpo'],PASCO,['CP San Juan de Milpo'],2021,1,2021-S1
Grupo_1749,Activo,2021-02-28,Antamina,Antamina,"['CP Ango Raju', 'CP Carhuayoc']",ÁNCASH,"['Huaraz', 'CP Carhuayoc']",2021,1,2021-S1
Grupo_829,Activo,2021-02-28,Antamina,Antamina,"['CP Carhuayoc', 'CP Cátac']",ÁNCASH,"['CP Carhuayoc', 'CP Catac']",2021,1,2021-S1
Grupo_481,Activo,2021-02-28,Antamina,Antamina,"['CP Ayash Pichiú', 'CP Santa Cruz Pichiú']",ÁNCASH,"['CP Ayash Pichiu', 'Santa Cruz Pichiu']",2021,1,2021-S1
Grupo_2229,Activo,2021-02-28,Las Bambas,Las Bambas,['CC Pumamarca'],APURÍMAC,['CC Pumamarca'],2021,1,2021-S1
Grupo_1237,Activo,2021-02-28,Las Bambas,Las Bambas,"['CP Tambulla', 'Distrito Chalhuahuacho']",APURÍMAC,"['CP Tambulla', 'Chalhuahuacho']",2021,1,2021-S1
Grupo_1884,Activo,2021-02-28,Yanacocha,Newmont,"['CP Totoracocha', 'CP El Alumbre']",CAJAMARCA,"['CP Totoracocha', 'CP El Alumbre']",2021,1,2021-S1
Grupo_1251,Activo,2021-02-28,Cerro Corona,Gold Fields,['Distrito de Hualgayoc'],CAJAMARCA,['Hualgayoc'],2021,1,2021-S1
Grupo_1889,Activo,2021-02-28,Antapaccay,Antapaccay,"['Distrito de Pallpata', 'Huacroyuta Marquiri', 'Huarcapata', 'Chorrillo', 'Antacama', 'Pallpata', 'Canlletera', 'Cruz Pampa', 'Pirhuayani', 'Mamanocca', 'Jaruma Alccasana', 'Distrito de Alto Pichigua', 'Distrito de Pichigua Pichigua', 'Distrito de Condorama', 'Distrito de Ocoruro']",CUSCO,"['Pallpata', 'Pallpata', 'Huarcapata', 'Chorrillo', 'Atacama', 'Pallpata', 'Pallpata', 'Cruz Pampa', 'Pirhuayani', 'Mamanocca', 'Pallpata', 'Alto Pichigua', 'Pichigua Pichigua', 'Condorama', 'Ocoruro']",2021,1,2021-S1
Grupo_1885,Activo,2021-02-28,Antapaccay,Glencore,"['CC Huano Huano', 'CC Cala Cala', 'CC Huisa', 'CC Paco Pata', 'CC Tintaya Marquiri', 'CC Alto Huancané', 'CC Huancané Bajo', 'CC Alto Huarca', 'CC Huarca', 'CC Anta Ccollana', 'CC Huisa Ccollana', 'CC Huini Coroccohuayco']",CUSCO,"['CC Huano Huano', 'CC Cala Cala', 'CC Huisa', 'Pacopata', 'Tintaya Marquiri', 'Alto Huancane', 'Huancane Bajo', 'CC Alto Huarca', 'CC Huarca', 'Anta Ccollana', 'Espinar', 'Espinar']",2021,1,2021-S1
Grupo_1852,Activo,2021-02-28,Las Bambas,Las Bambas,"['Provincia de Chumbivilcas', 'Distrito de Velille', 'Distrito de Capacmarca', 'Distrito de Quiñota', 'Distrito de Chamaca', 'Distrito de Livitaca', 'Distrito de Llusco', 'CP Huaylla Huaylla']",CUSCO,"['Chumbivilcas', 'Velille', 'Capacmarca', 'Quiñota', 'Chamaca', 'Livitaca', 'Llusco', 'CP Huaylla Huaylla']",2021,1,2021-S1
Grupo_1853,Activo,2021-02-28,Las Bambas,Las Bambas,"['Provincia de Paruro', 'Distrito Paccarectambo', 'Distrito Yaurisque', 'Distrito Ccapi', 'Distrito Huanoquite']",CUSCO,"['Paruro', 'Paccarectambo', 'Yaurisque', 'Ccapi', 'Huanoquite']",2021,1,2021-S1
Grupo_1854,Activo,2021-02-28,Las Bambas,Las Bambas,['CP Fuerabamba'],CUSCO,['CP Fuerabamba'],2021,1,2021-S1
Grupo_1421,Activo,2021-02-28,Antapaccay,Antapaccay,['Provincia de Espinar'],CUSCO,['Espinar'],2021,1,2021-S1
Grupo_606,Activo,2021-02-28,Toromocho,Chinalco,"['CP Morococha', 'CP Nueva Ciudad Morococha']",JUNÍN,"['CP Morococha', 'CP Morococha']",2021,1,2021-S1
Grupo_1867,Activo,2021-02-28,Quellaveco,Angloamerican,['CP Tumilaca'],MOQUEGUA,['CP Tumilaca'],2021,1,2021-S1
Grupo_1870,Activo,2021-02-28,Atacocha,Nexa Resources,['CP San Pablo de Ticlacayán'],PASCO,['San Pablo de Ticlacayán'],2021,1,2021-S1
Grupo_1814,Activo,2021-02-28,Atacocha,Nexa Resources,['CP San Juan de Milpo'],PASCO,['CP San Juan de Milpo'],2021,1,2021-S1
Grupo_1749,Activo,2021-03-31,Antamina,Antamina,"['CP Ango Raju', 'CP Carhuayoc']",ÁNCASH,"['Huaraz', 'CP Carhuayoc']",2021,1,2021-S1
Grupo_829,Activo,2021-03-31,Antamina,Antamina,"['CP Carhuayoc', 'CP Cátac']",ÁNCASH,"['CP Carhuayoc', 'CP Catac']",2021,1,2021-S1
Grupo_481,Activo,2021-03-31,Antamina,Antamina,"['CP Ayash Pichiú', 'CP Santa Cruz Pichiú']",ÁNCASH,"['CP Ayash Pichiu', 'Santa Cruz Pichiu']",2021,1,2021-S1
Grupo_2229,Activo,2021-03-31,Las Bambas,Las Bambas,['CC Pumamarca'],APURÍMAC,['CC Pumamarca'],2021,1,2021-S1
Grupo_1237,Activo,2021-03-31,Las Bambas,Las Bambas,"['CP Tambulla', 'Distrito Chalhuahuacho']",APURÍMAC,"['CP Tambulla', 'Chalhuahuacho']",2021,1,2021-S1
Grupo_1884,Activo,2021-03-31,Yanacocha,Newmont,"['CP Totoracocha', 'CP El Alumbre']",CAJAMARCA,"['CP Totoracocha', 'CP El Alumbre']",2021,1,2021-S1
Grupo_1251,Activo,2021-03-31,Cerro Corona,Gold Fields,['Distrito de Hualgayoc'],CAJAMARCA,['Hualgayoc'],2021,1,2021-S1
Grupo_1889,Activo,2021-03-31,Antapaccay,Antapaccay,"['Distrito de Pallpata', 'Huacroyuta Marquiri', 'Huarcapata', 'Chorrillo', 'Antacama', 'Pallpata', 'Canlletera', 'Cruz Pampa', 'Pirhuayani', 'Mamanocca', 'Jaruma Alccasana', 'Distrito de Alto Pichigua', 'Distrito de Pichigua Pichigua', 'Distrito de Condorama', 'Distrito de Ocoruro']",CUSCO,"['Pallpata', 'Pallpata', 'Huarcapata', 'Chorrillo', 'Atacama', 'Pallpata', 'Pallpata', 'Cruz Pampa', 'Pirhuayani', 'Mamanocca', 'Pallpata', 'Alto Pichigua', 'Pichigua Pichigua', 'Condorama', 'Ocoruro']",2021,1,2021-S1
Grupo_1885,Activo,2021-03-31,Antapaccay,Glencore,"['CC Huano Huano', 'CC Cala Cala', 'CC Huisa', 'CC Paco Pata', 'CC Tintaya Marquiri', 'CC Alto Huancané', 'CC Huancané Bajo', 'CC Alto Huarca', 'CC Huarca', 'CC Anta Ccollana', 'CC Huisa Ccollana', 'CC Huini Coroccohuayco']",CUSCO,"['CC Huano Huano', 'CC Cala Cala', 'CC Huisa', 'Pacopata', 'Tintaya Marquiri', 'Alto Huancane', 'Huancane Bajo', 'CC Alto Huarca', 'CC Huarca', 'Anta Ccollana', 'Espinar', 'Espinar']",2021,1,2021-S1
Grupo_1852,Activo,2021-03-31,Las Bambas,Las Bambas,"['Provincia de Chumbivilcas', 'Distrito de Velille', 'Distrito de Capacmarca', 'Distrito de Quiñota', 'Distrito de Chamaca', 'Distrito de Livitaca', 'Distrito de Llusco', 'CP Huaylla Huaylla']",CUSCO,"['Chumbivilcas', 'Velille', 'Capacmarca', 'Quiñota', 'Chamaca', 'Livitaca', 'Llusco', 'CP Huaylla Huaylla']",2021,1,2021-S1
Grupo_1853,Activo,2021-03-31,Las Bambas,Las Bambas,"['Provincia de Paruro', 'Distrito Paccarectambo', 'Distrito Yaurisque', 'Distrito Ccapi', 'Distrito Huanoquite']",CUSCO,"['Paruro', 'Paccarectambo', 'Yaurisque', 'Ccapi', 'Huanoquite']",2021,1,2021-S1
Grupo_1854,Activo,2021-03-31,Las Bambas,Las Bambas,['CP Fuerabamba'],CUSCO,['CP Fuerabamba'],2021,1,2021-S1
Grupo_1421,Activo,2021-03-31,Antapaccay,Antapaccay,['Provincia de Espinar'],CUSCO,['Espinar'],2021,1,2021-S1
Grupo_606,Activo,2021-03-31,Toromocho,Chinalco,"['CP Morococha', 'CP Nueva Ciudad Morococha']",JUNÍN,"['CP Morococha', 'CP Morococha']",2021,1,2021-S1
Grupo_1867,Activo,2021-03-31,Quellaveco,Angloamerican,['CP Tumilaca'],MOQUEGUA,['CP Tumilaca'],2021,1,2021-S1
Grupo_1870,Activo,2021-03-31,Atacocha,Nexa Resources,['CP San Pablo de Ticlacayán'],PASCO,['San Pablo de Ticlacayán'],2021,1,2021-S1
Grupo_1814,Activo,2021-03-31,Atacocha,Nexa Resources,['CP San Juan de Milpo'],PASCO,['CP San Juan de Milpo'],2021,1,2021-S1
Grupo_1749,Activo,2021-04-30,Antamina,Antamina,"['CP Ango Raju', 'CP Carhuayoc']",ÁNCASH,"['Huaraz', 'CP Carhuayoc']",2021,1,2021-S1
Grupo_829,Activo,2021-04-30,Antamina,Antamina,"['CP Carhuayoc', 'CP Cátac']",ÁNCASH,"['CP Carhuayoc', 'CP Catac']",2021,1,2021-S1
Grupo_481,Activo,2021-04-30,Antamina,Antamina,"['CP Ayash Pichiú', 'CP Santa Cruz Pichiú']",ÁNCASH,"['CP Ayash Pichiu', 'Santa Cruz Pichiu']",2021,1,2021-S1
Grupo_2229,Activo,2021-04-30,Las Bambas,Las Bambas,['CC Pumamarca'],APURÍMAC,['CC Pumamarca'],2021,1,2021-S1
Grupo_1237,Activo,2021-04-30,Las Bambas,Las Bambas,"['CP Tambulla', 'Distrito Chalhuahuacho']",APURÍMAC,"['CP Tambulla', 'Chalhuahuacho']",2021,1,2021-S1
Grupo_1884,Activo,2021-04-30,Yanacocha,Newmont,"['CP Totoracocha', 'CP El Alumbre']",CAJAMARCA,"['CP Totoracocha', 'CP El Alumbre']",2021,1,2021-S1
Grupo_1251,Activo,2021-04-30,Cerro Corona,Gold Fields,['Distrito de Hualgayoc'],CAJAMARCA,['Hualgayoc'],2021,1,2021-S1
Grupo_1889,Activo,2021-04-30,Antapaccay,Antapaccay,"['Distrito de Pallpata', 'Huacroyuta Marquiri', 'Huarcapata', 'Chorrillo', 'Antacama', 'Pallpata', 'Canlletera', 'Cruz Pampa', 'Pirhuayani', 'Mamanocca', 'Jaruma Alccasana', 'Distrito de Alto Pichigua', 'Distrito de Pichigua Pichigua', 'Distrito de Condorama', 'Distrito de Ocoruro']",CUSCO,"['Pallpata', 'Pallpata', 'Huarcapata', 'Chorrillo', 'Atacama', 'Pallpata', 'Pallpata', 'Cruz Pampa', 'Pirhuayani', 'Mamanocca', 'Pallpata', 'Alto Pichigua', 'Pichigua Pichigua', 'Condorama', 'Ocoruro']",2021,1,2021-S1
Grupo_1885,Activo,2021-04-30,Antapaccay,Glencore,"['CC Huano Huano', 'CC Cala Cala', 'CC Huisa', 'CC Paco Pata', 'CC Tintaya Marquiri', 'CC Alto Huancané', 'CC Huancané Bajo', 'CC Alto Huarca', 'CC Huarca', 'CC Anta Ccollana', 'CC Huisa Ccollana', 'CC Huini Coroccohuayco']",CUSCO,"['CC Huano Huano', 'CC Cala Cala', 'CC Huisa', 'Pacopata', 'Tintaya Marquiri', 'Alto Huancane', 'Huancane Bajo', 'CC Alto Huarca', 'CC Huarca', 'Anta Ccollana', 'Espinar', 'Espinar']",2021,1,2021-S1
Grupo_1852,Activo,2021-04-30,Las Bambas,Las Bambas,"['Provincia de Chumbivilcas', 'Distrito de Velille', 'Distrito de Capacmarca', 'Distrito de Quiñota', 'Distrito de Chamaca', 'Distrito de Livitaca', 'Distrito de Llusco', 'CP Huaylla Huaylla']",CUSCO,"['Chumbivilcas', 'Velille', 'Capacmarca', 'Quiñota', 'Chamaca', 'Livitaca', 'Llusco', 'CP Huaylla Huaylla']",2021,1,2021-S1
Grupo_1853,Activo,2021-04-30,Las Bambas,Las Bambas,"['Provincia de Paruro', 'Distrito Paccarectambo', 'Distrito Yaurisque', 'Distrito Ccapi', 'Distrito Huanoquite']",CUSCO,"['Paruro', 'Paccarectambo', 'Yaurisque', 'Ccapi', 'Huanoquite']",2021,1,2021-S1
Grupo_1854,Activo,2021-04-30,Las Bambas,Las Bambas,['CP Fuerabamba'],CUSCO,['CP Fuerabamba'],2021,1,2021-S1
Grupo_1421,Activo,2021-04-30,Antapaccay,Antapaccay,['Provincia de Espinar'],CUSCO,['Espinar'],2021,1,2021-S1
Grupo_606,Activo,2021-04-30,Toromocho,Chinalco,"['CP Morococha', 'CP Nueva Ciudad Morococha']",JUNÍN,"['CP Morococha', 'CP Morococha']",2021,1,2021-S1
Grupo_1867,Activo,2021-04-30,Quellaveco,Angloamerican,['CP Tumilaca'],MOQUEGUA,['CP Tumilaca'],2021,1,2021-S1
Grupo_2258,Activo,2021-04-30,Atacocha,Nexa Resources,['CP Machcan'],PASCO,['CP Machcan'],2021,1,2021-S1
Grupo_1814,Activo,2021-04-30,Atacocha,Nexa Resources,['CP San Juan de Milpo'],PASCO,['CP San Juan de Milpo'],2021,1,2021-S1
Grupo_1749,Activo,2021-05-31,Antamina,Antamina,"['CP Ango Raju', 'CP Carhuayoc']",ÁNCASH,"['Huaraz', 'CP Carhuayoc']",2021,1,2021-S1
Grupo_829,Activo,2021-05-31,Antamina,Antamina,"['CP Carhuayoc', 'CP Cátac']",ÁNCASH,"['CP Carhuayoc', 'CP Catac']",2021,1,2021-S1
Grupo_481,Activo,2021-05-31,Antamina,Antamina,"['CP Ayash Pichiú', 'CP Santa Cruz Pichiú']",ÁNCASH,"['CP Ayash Pichiu', 'Santa Cruz Pichiu']",2021,1,2021-S1
Grupo_2229,Activo,2021-05-31,Las Bambas,Las Bambas,['CC Pumamarca'],APURÍMAC,['CC Pumamarca'],2021,1,2021-S1
Grupo_1237,Activo,2021-05-31,Las Bambas,Las Bambas,"['CP Tambulla', 'Distrito Chalhuahuacho']",APURÍMAC,"['CP Tambulla', 'Chalhuahuacho']",2021,1,2021-S1
Grupo_1884,Activo,2021-05-31,Yanacocha,Newmont,"['CP Totoracocha', 'CP El Alumbre']",CAJAMARCA,"['CP Totoracocha', 'CP El Alumbre']",2021,1,2021-S1
Grupo_1251,Activo,2021-05-31,Cerro Corona,Gold Fields,['Distrito de Hualgayoc'],CAJAMARCA,['Hualgayoc'],2021,1,2021-S1
Grupo_1889,Activo,2021-05-31,Antapaccay,Antapaccay,"['Distrito de Pallpata', 'Huacroyuta Marquiri', 'Huarcapata', 'Chorrillo', 'Antacama', 'Pallpata', 'Canlletera', 'Cruz Pampa', 'Pirhuayani', 'Mamanocca', 'Jaruma Alccasana', 'Distrito de Alto Pichigua', 'Distrito de Pichigua Pichigua', 'Distrito de Condorama', 'Distrito de Ocoruro']",CUSCO,"['Pallpata', 'Pallpata', 'Huarcapata', 'Chorrillo', 'Atacama', 'Pallpata', 'Pallpata', 'Cruz Pampa', 'Pirhuayani', 'Mamanocca', 'Pallpata', 'Alto Pichigua', 'Pichigua Pichigua', 'Condorama', 'Ocoruro']",2021,1,2021-S1
Grupo_1885,Activo,2021-05-31,Antapaccay,Glencore,"['CC Huano Huano', 'CC Cala Cala', 'CC Huisa', 'CC Paco Pata', 'CC Tintaya Marquiri', 'CC Alto Huancané', 'CC Huancané Bajo', 'CC Alto Huarca', 'CC Huarca', 'CC Anta Ccollana', 'CC Huisa Ccollana', 'CC Huini Coroccohuayco']",CUSCO,"['CC Huano Huano', 'CC Cala Cala', 'CC Huisa', 'Pacopata', 'Tintaya Marquiri', 'Alto Huancane', 'Huancane Bajo', 'CC Alto Huarca', 'CC Huarca', 'Anta Ccollana', 'Espinar', 'Espinar']",2021,1,2021-S1
Grupo_1852,Activo,2021-05-31,Las Bambas,Las Bambas,"['Provincia de Chumbivilcas', 'Distrito de Velille', 'Distrito de Capacmarca', 'Distrito de Quiñota', 'Distrito de Chamaca', 'Distrito de Livitaca', 'Distrito de Llusco', 'CP Huaylla Huaylla']",CUSCO,"['Chumbivilcas', 'Velille', 'Capacmarca', 'Quiñota', 'Chamaca', 'Livitaca', 'Llusco', 'CP Huaylla Huaylla']",2021,1,2021-S1
Grupo_1853,Activo,2021-05-31,Las Bambas,Las Bambas,"['Provincia de Paruro', 'Distrito Paccarectambo', 'Distrito Yaurisque', 'Distrito Ccapi', 'Distrito Huanoquite']",CUSCO,"['Paruro', 'Paccarectambo', 'Yaurisque', 'Ccapi', 'Huanoquite']",2021,1,2021-S1
Grupo_1854,Activo,2021-05-31,Las Bambas,Las Bambas,['CP Fuerabamba'],CUSCO,['CP Fuerabamba'],2021,1,2021-S1
Grupo_1421,Activo,2021-05-31,Antapaccay,Antapaccay,['Provincia de Espinar'],CUSCO,['Espinar'],2021,1,2021-S1
Grupo_606,Activo,2021-05-31,Toromocho,Chinalco,"['CP Morococha', 'CP Nueva Ciudad Morococha']",JUNÍN,"['CP Morococha', 'CP Morococha']",2021,1,2021-S1
Grupo_1867,Activo,2021-05-31,Quellaveco,Angloamerican,['CP Tumilaca'],MOQUEGUA,['CP Tumilaca'],2021,1,2021-S1
Grupo_2258,Activo,2021-05-31,Atacocha,Nexa Resources,['CP Machcan'],PASCO,['CP Machcan'],2021,1,2021-S1
Grupo_1814,Activo,2021-05-31,Atacocha,Nexa Resources,['CP San Juan de Milpo'],PASCO,['CP San Juan de Milpo'],2021,1,2021-S1
Grupo_1749,Activo,2021-06-30,Antamina,Antamina,"['CP Ango Raju', 'CP Carhuayoc']",ÁNCASH,"['Huaraz', 'CP Carhuayoc']",2021,1,2021-S1
Grupo_829,Activo,2021-06-30,Antamina,Antamina,"['CP Carhuayoc', 'CP Cátac']",ÁNCASH,"['CP Carhuayoc', 'CP Catac']",2021,1,2021-S1
Grupo_481,Activo,2021-06-30,Antamina,Antamina,"['CP Ayash Pichiú', 'CP Santa Cruz Pichiú']",ÁNCASH,"['CP Ayash Pichiu', 'Santa Cruz Pichiu']",2021,1,2021-S1
Grupo_1904,Activo,2021-06-30,Las Bambas,Las Bambas,['CC Huancuire'],APURÍMAC,['CC Huancuire'],2021,1,2021-S1
Grupo_2229,Activo,2021-06-30,Las Bambas,Las Bambas,['CC Pumamarca'],APURÍMAC,['CC Pumamarca'],2021,1,2021-S1
Grupo_1237,Activo,2021-06-30,Las Bambas,Las Bambas,"['CP Tambulla', 'Distrito Chalhuahuacho']",APURÍMAC,"['CP Tambulla', 'Chalhuahuacho']",2021,1,2021-S1
Grupo_1884,Activo,2021-06-30,Yanacocha,Newmont,"['CP Totoracocha', 'CP El Alumbre']",CAJAMARCA,"['CP Totoracocha', 'CP El Alumbre']",2021,1,2021-S1
Grupo_1251,Activo,2021-06-30,Cerro Corona,Gold Fields,['Distrito de Hualgayoc'],CAJAMARCA,['Hualgayoc'],2021,1,2021-S1
Grupo_1889,Activo,2021-06-30,Antapaccay,Antapaccay,"['Distrito de Pallpata', 'Huacroyuta Marquiri', 'Huarcapata', 'Chorrillo', 'Antacama', 'Pallpata', 'Canlletera', 'Cruz Pampa', 'Pirhuayani', 'Mamanocca', 'Jaruma Alccasana', 'Distrito de Alto Pichigua', 'Distrito de Pichigua Pichigua', 'Distrito de Condorama', 'Distrito de Ocoruro']",CUSCO,"['Pallpata', 'Pallpata', 'Huarcapata', 'Chorrillo', 'Atacama', 'Pallpata', 'Pallpata', 'Cruz Pampa', 'Pirhuayani', 'Mamanocca', 'Pallpata', 'Alto Pichigua', 'Pichigua Pichigua', 'Condorama', 'Ocoruro']",2021,1,2021-S1
Grupo_1885,Activo,2021-06-30,Antapaccay,Glencore,"['CC Huano Huano', 'CC Cala Cala', 'CC Huisa', 'CC Paco Pata', 'CC Tintaya Marquiri', 'CC Alto Huancané', 'CC Huancané Bajo', 'CC Alto Huarca', 'CC Huarca', 'CC Anta Ccollana', 'CC Huisa Ccollana', 'CC Huini Coroccohuayco']",CUSCO,"['CC Huano Huano', 'CC Cala Cala', 'CC Huisa', 'Pacopata', 'Tintaya Marquiri', 'Alto Huancane', 'Huancane Bajo', 'CC Alto Huarca', 'CC Huarca', 'Anta Ccollana', 'Espinar', 'Espinar']",2021,1,2021-S1
Grupo_1852,Activo,2021-06-30,Las Bambas,Las Bambas,"['Provincia de Chumbivilcas', 'Distrito de Velille', 'Distrito de Capacmarca', 'Distrito de Quiñota', 'Distrito de Chamaca', 'Distrito de Livitaca', 'Distrito de Llusco', 'CP Huaylla Huaylla']",CUSCO,"['Chumbivilcas', 'Velille', 'Capacmarca', 'Quiñota', 'Chamaca', 'Livitaca', 'Llusco', 'CP Huaylla Huaylla']",2021,1,2021-S1
Grupo_1853,Activo,2021-06-30,Las Bambas,Las Bambas,"['Provincia de Paruro', 'Distrito Paccarectambo', 'Distrito Yaurisque', 'Distrito Ccapi', 'Distrito Huanoquite']",CUSCO,"['Paruro', 'Paccarectambo', 'Yaurisque', 'Ccapi', 'Huanoquite']",2021,1,2021-S1
Grupo_1854,Activo,2021-06-30,Las Bambas,Las Bambas,['CP Fuerabamba'],CUSCO,['CP Fuerabamba'],2021,1,2021-S1
Grupo_1421,Activo,2021-06-30,Antapaccay,Antapaccay,['Provincia de Espinar'],CUSCO,['Espinar'],2021,1,2021-S1
Grupo_606,Activo,2021-06-30,Toromocho,Chinalco,"['CP Morococha', 'CP Nueva Ciudad Morococha']",JUNÍN,"['CP Morococha', 'CP Morococha']",2021,1,2021-S1
Grupo_1867,Activo,2021-06-30,Quellaveco,Angloamerican,['CP Tumilaca'],MOQUEGUA,['CP Tumilaca'],2021,1,2021-S1
Grupo_2258,Activo,2021-06-30,Atacocha,Nexa Resources,['CP Machcan'],PASCO,['CP Machcan'],2021,1,2021-S1
Grupo_1814,Activo,2021-06-30,Atacocha,Nexa Resources,['CP San Juan de Milpo'],PASCO,['CP San Juan de Milpo'],2021,1,2021-S1
Grupo_2227,Activo,2021-07-31,Antamina,Antamina,"['CP Carhuayoc', 'CP Pichiu Quinuaragra']",ÁNCASH,"['CP Carhuayoc', 'CP Pichiu Quinhuaragra']",2021,2,2021-S2
Grupo_1749,Activo,2021-07-31,Antamina,Antamina,"['CP Ango Raju', 'CP Carhuayoc']",ÁNCASH,"['Huaraz', 'CP Carhuayoc']",2021,2,2021-S2
Grupo_829,Activo,2021-07-31,Antamina,Antamina,"['CP Carhuayoc', 'CP Cátac']",ÁNCASH,"['CP Carhuayoc', 'CP Catac']",2021,2,2021-S2
Grupo_481,Activo,2021-07-31,Antamina,Antamina,"['CP Ayash Pichiú', 'CP Santa Cruz Pichiú']",ÁNCASH,"['CP Ayash Pichiu', 'Santa Cruz Pichiu']",2021,2,2021-S2
Grupo_2228,Activo,2021-07-31,Las Bambas,Las Bambas,['CC Choaquere'],APURÍMAC,['CC Choaquere'],2021,2,2021-S2
Grupo_1904,Activo,2021-07-31,Las Bambas,Las Bambas,['CC Huancuire'],APURÍMAC,['CC Huancuire'],2021,2,2021-S2
Grupo_2229,Activo,2021-07-31,Las Bambas,Las Bambas,['CC Pumamarca'],APURÍMAC,['CC Pumamarca'],2021,2,2021-S2
Grupo_1237,Activo,2021-07-31,Las Bambas,Las Bambas,"['CP Tambulla', 'Distrito Chalhuahuacho']",APURÍMAC,"['CP Tambulla', 'Chalhuahuacho']",2021,2,2021-S2
Grupo_1884,Activo,2021-07-31,Yanacocha,Newmont,"['CP Totoracocha', 'CP El Alumbre']",CAJAMARCA,"['CP Totoracocha', 'CP El Alumbre']",2021,2,2021-S2
Grupo_1251,Activo,2021-07-31,Cerro Corona,Gold Fields,['Distrito de Hualgayoc'],CAJAMARCA,['Hualgayoc'],2021,2,2021-S2
Grupo_1927,Activo,2021-07-31,Las Bambas,Las Bambas,"['CC Huininquiri', 'CC Cancahuani', 'CC Lacca-lacca Yanque Parcobamba', 'CC Cruzpampa', 'CC Idiopa-Ñaupa-Japo Urinsaya']",CUSCO,"['Chumbivilcas', 'Cancahuani', 'Colquemarca', 'CC Cruzpampa', 'Colquemarca']",2021,2,2021-S2
Grupo_1889,Activo,2021-07-31,Antapaccay,Antapaccay,"['Distrito de Pallpata', 'Huacroyuta Marquiri', 'Huarcapata', 'Chorrillo', 'Antacama', 'Pallpata', 'Canlletera', 'Cruz Pampa', 'Pirhuayani', 'Mamanocca', 'Jaruma Alccasana', 'Distrito de Alto Pichigua', 'Distrito de Pichigua Pichigua', 'Distrito de Condorama', 'Distrito de Ocoruro']",CUSCO,"['Pallpata', 'Pallpata', 'Huarcapata', 'Chorrillo', 'Atacama', 'Pallpata', 'Pallpata', 'Cruz Pampa', 'Pirhuayani', 'Mamanocca', 'Pallpata', 'Alto Pichigua', 'Pichigua Pichigua', 'Condorama', 'Ocoruro']",2021,2,2021-S2
Grupo_1885,Activo,2021-07-31,Antapaccay,Glencore,"['CC Huano Huano', 'CC Cala Cala', 'CC Huisa', 'CC Paco Pata', 'CC Tintaya Marquiri', 'CC Alto Huancané', 'CC Huancané Bajo', 'CC Alto Huarca', 'CC Huarca', 'CC Anta Ccollana', 'CC Huisa Ccollana', 'CC Huini Coroccohuayco']",CUSCO,"['CC Huano Huano', 'CC Cala Cala', 'CC Huisa', 'Pacopata', 'Tintaya Marquiri', 'Alto Huancane', 'Huancane Bajo', 'CC Alto Huarca', 'CC Huarca', 'Anta Ccollana', 'Espinar', 'Espinar']",2021,2,2021-S2
Grupo_1852,Activo,2021-07-31,Las Bambas,Las Bambas,"['Provincia de Chumbivilcas', 'Distrito de Velille', 'Distrito de Capacmarca', 'Distrito de Quiñota', 'Distrito de Chamaca', 'Distrito de Livitaca', 'Distrito de Llusco', 'CP Huaylla Huaylla']",CUSCO,"['Chumbivilcas', 'Velille', 'Capacmarca', 'Quiñota', 'Chamaca', 'Livitaca', 'Llusco', 'CP Huaylla Huaylla']",2021,2,2021-S2
Grupo_1853,Activo,2021-07-31,Las Bambas,Las Bambas,"['Provincia de Paruro', 'Distrito Paccarectambo', 'Distrito Yaurisque', 'Distrito Ccapi', 'Distrito Huanoquite']",CUSCO,"['Paruro', 'Paccarectambo', 'Yaurisque', 'Ccapi', 'Huanoquite']",2021,2,2021-S2
Grupo_1854,Activo,2021-07-31,Las Bambas,Las Bambas,['CP Fuerabamba'],CUSCO,['CP Fuerabamba'],2021,2,2021-S2
Grupo_1421,Activo,2021-07-31,Antapaccay,Antapaccay,['Provincia de Espinar'],CUSCO,['Espinar'],2021,2,2021-S2
Grupo_606,Activo,2021-07-31,Toromocho,Chinalco,"['CP Morococha', 'CP Nueva Ciudad Morococha']",JUNÍN,"['CP Morococha', 'CP Morococha']",2021,2,2021-S2
Grupo_1867,Activo,2021-07-31,Quellaveco,Angloamerican,['CP Tumilaca'],MOQUEGUA,['CP Tumilaca'],2021,2,2021-S2
Grupo_2258,Activo,2021-07-31,Atacocha,Nexa Resources,['CP Machcan'],PASCO,['CP Machcan'],2021,2,2021-S2
Grupo_1814,Activo,2021-07-31,Atacocha,Nexa Resources,['CP San Juan de Milpo'],PASCO,['CP San Juan de Milpo'],2021,2,2021-S2
Grupo_2227,Activo,2021-08-31,Antamina,Antamina,"['CP Carhuayoc', 'CP Pichiu Quinuaragra']",ÁNCASH,"['CP Carhuayoc', 'CP Pichiu Quinhuaragra']",2021,2,2021-S2
Grupo_1749,Activo,2021-08-31,Antamina,Antamina,"['CP Ango Raju', 'CP Carhuayoc']",ÁNCASH,"['Huaraz', 'CP Carhuayoc']",2021,2,2021-S2
Grupo_829,Activo,2021-08-31,Antamina,Antamina,"['CP Carhuayoc', 'CP Cátac']",ÁNCASH,"['CP Carhuayoc', 'CP Catac']",2021,2,2021-S2
Grupo_481,Activo,2021-08-31,Antamina,Antamina,"['CP Ayash Pichiú', 'CP Santa Cruz Pichiú']",ÁNCASH,"['CP Ayash Pichiu', 'Santa Cruz Pichiu']",2021,2,2021-S2
Grupo_2228,Activo,2021-08-31,Las Bambas,Las Bambas,['CC Choaquere'],APURÍMAC,['CC Choaquere'],2021,2,2021-S2
Grupo_1904,Activo,2021-08-31,Las Bambas,Las Bambas,['CC Huancuire'],APURÍMAC,['CC Huancuire'],2021,2,2021-S2
Grupo_2229,Activo,2021-08-31,Las Bambas,Las Bambas,['CC Pumamarca'],APURÍMAC,['CC Pumamarca'],2021,2,2021-S2
Grupo_1237,Activo,2021-08-31,Las Bambas,Las Bambas,"['CP Tambulla', 'Distrito Chalhuahuacho']",APURÍMAC,"['CP Tambulla', 'Chalhuahuacho']",2021,2,2021-S2
Grupo_1884,Activo,2021-08-31,Yanacocha,Newmont,"['CP Totoracocha', 'CP El Alumbre']",CAJAMARCA,"['CP Totoracocha', 'CP El Alumbre']",2021,2,2021-S2
Grupo_1251,Activo,2021-08-31,Cerro Corona,Gold Fields,['Distrito de Hualgayoc'],CAJAMARCA,['Hualgayoc'],2021,2,2021-S2
Grupo_1927,Activo,2021-08-31,Las Bambas,Las Bambas,"['CC Huininquiri', 'CC Cancahuani', 'CC Lacca-lacca Yanque Parcobamba', 'CC Cruzpampa', 'CC Idiopa-Ñaupa-Japo Urinsaya']",CUSCO,"['Chumbivilcas', 'Cancahuani', 'Colquemarca', 'CC Cruzpampa', 'Colquemarca']",2021,2,2021-S2
Grupo_1889,Activo,2021-08-31,Antapaccay,Antapaccay,"['Distrito de Pallpata', 'Huacroyuta Marquiri', 'Huarcapata', 'Chorrillo', 'Antacama', 'Pallpata', 'Canlletera', 'Cruz Pampa', 'Pirhuayani', 'Mamanocca', 'Jaruma Alccasana', 'Distrito de Alto Pichigua', 'Distrito de Pichigua Pichigua', 'Distrito de Condorama', 'Distrito de Ocoruro']",CUSCO,"['Pallpata', 'Pallpata', 'Huarcapata', 'Chorrillo', 'Atacama', 'Pallpata', 'Pallpata', 'Cruz Pampa', 'Pirhuayani', 'Mamanocca', 'Pallpata', 'Alto Pichigua', 'Pichigua Pichigua', 'Condorama', 'Ocoruro']",2021,2,2021-S2
Grupo_1885,Activo,2021-08-31,Antapaccay,Glencore,"['CC Huano Huano', 'CC Cala Cala', 'CC Huisa', 'CC Paco Pata', 'CC Tintaya Marquiri', 'CC Alto Huancané', 'CC Huancané Bajo', 'CC Alto Huarca', 'CC Huarca', 'CC Anta Ccollana', 'CC Huisa Ccollana', 'CC Huini Coroccohuayco']",CUSCO,"['CC Huano Huano', 'CC Cala Cala', 'CC Huisa', 'Pacopata', 'Tintaya Marquiri', 'Alto Huancane', 'Huancane Bajo', 'CC Alto Huarca', 'CC Huarca', 'Anta Ccollana', 'Espinar', 'Espinar']",2021,2,2021-S2
Grupo_1852,Activo,2021-08-31,Las Bambas,Las Bambas,"['Provincia de Chumbivilcas', 'Distrito de Velille', 'Distrito de Capacmarca', 'Distrito de Quiñota', 'Distrito de Chamaca', 'Distrito de Livitaca', 'Distrito de Llusco', 'CP Huaylla Huaylla']",CUSCO,"['Chumbivilcas', 'Velille', 'Capacmarca', 'Quiñota', 'Chamaca', 'Livitaca', 'Llusco', 'CP Huaylla Huaylla']",2021,2,2021-S2
Grupo_1853,Activo,2021-08-31,Las Bambas,Las Bambas,"['Provincia de Paruro', 'Distrito Paccarectambo', 'Distrito Yaurisque', 'Distrito Ccapi', 'Distrito Huanoquite']",CUSCO,"['Paruro', 'Paccarectambo', 'Yaurisque', 'Ccapi', 'Huanoquite']",2021,2,2021-S2
Grupo_1854,Activo,2021-08-31,Las Bambas,Las Bambas,['CP Fuerabamba'],CUSCO,['CP Fuerabamba'],2021,2,2021-S2
Grupo_1421,Activo,2021-08-31,Antapaccay,Antapaccay,['Provincia de Espinar'],CUSCO,['Espinar'],2021,2,2021-S2
Grupo_606,Activo,2021-08-31,Toromocho,Chinalco,"['CP Morococha', 'CP Nueva Ciudad Morococha']",JUNÍN,"['CP Morococha', 'CP Morococha']",2021,2,2021-S2
Grupo_1867,Activo,2021-08-31,Quellaveco,Angloamerican,['CP Tumilaca'],MOQUEGUA,['CP Tumilaca'],2021,2,2021-S2
Grupo_2258,Activo,2021-08-31,Atacocha,Nexa Resources,['CP Machcan'],PASCO,['CP Machcan'],2021,2,2021-S2
Grupo_1814,Activo,2021-08-31,Atacocha,Nexa Resources,['CP San Juan de Milpo'],PASCO,['CP San Juan de Milpo'],2021,2,2021-S2
Grupo_2227,Activo,2021-09-30,Antamina,Antamina,"['CP Carhuayoc', 'CP Pichiu Quinuaragra']",ÁNCASH,"['CP Carhuayoc', 'CP Pichiu Quinhuaragra']",2021,2,2021-S2
Grupo_1749,Activo,2021-09-30,Antamina,Antamina,"['CP Ango Raju', 'CP Carhuayoc']",ÁNCASH,"['Huaraz', 'CP Carhuayoc']",2021,2,2021-S2
Grupo_829,Activo,2021-09-30,Antamina,Antamina,"['CP Carhuayoc', 'CP Cátac']",ÁNCASH,"['CP Carhuayoc', 'CP Catac']",2021,2,2021-S2
Grupo_481,Activo,2021-09-30,Antamina,Antamina,"['CP Ayash Pichiú', 'CP Santa Cruz Pichiú']",ÁNCASH,"['CP Ayash Pichiu', 'Santa Cruz Pichiu']",2021,2,2021-S2
Grupo_2228,Activo,2021-09-30,Las Bambas,Las Bambas,['CC Choaquere'],APURÍMAC,['CC Choaquere'],2021,2,2021-S2
Grupo_1904,Activo,2021-09-30,Las Bambas,Las Bambas,['CC Huancuire'],APURÍMAC,['CC Huancuire'],2021,2,2021-S2
Grupo_2229,Activo,2021-09-30,Las Bambas,Las Bambas,['CC Pumamarca'],APURÍMAC,['CC Pumamarca'],2021,2,2021-S2
Grupo_1237,Activo,2021-09-30,Las Bambas,Las Bambas,"['CP Tambulla', 'Distrito Chalhuahuacho']",APURÍMAC,"['CP Tambulla', 'Chalhuahuacho']",2021,2,2021-S2
Grupo_1884,Activo,2021-09-30,Yanacocha,Newmont,"['CP Totoracocha', 'CP El Alumbre']",CAJAMARCA,"['CP Totoracocha', 'CP El Alumbre']",2021,2,2021-S2
Grupo_1251,Activo,2021-09-30,Cerro Corona,Gold Fields,['Distrito de Hualgayoc'],CAJAMARCA,['Hualgayoc'],2021,2,2021-S2
Grupo_1927,Activo,2021-09-30,Las Bambas,Las Bambas,"['CC Huininquiri', 'CC Cancahuani', 'CC Lacca-lacca Yanque Parcobamba', 'CC Cruzpampa', 'CC Idiopa-Ñaupa-Japo Urinsaya']",CUSCO,"['Chumbivilcas', 'Cancahuani', 'Colquemarca', 'CC Cruzpampa', 'Colquemarca']",2021,2,2021-S2
Grupo_1889,Activo,2021-09-30,Antapaccay,Antapaccay,"['Distrito de Pallpata', 'Huacroyuta Marquiri', 'Huarcapata', 'Chorrillo', 'Antacama', 'Pallpata', 'Canlletera', 'Cruz Pampa', 'Pirhuayani', 'Mamanocca', 'Jaruma Alccasana', 'Distrito de Alto Pichigua', 'Distrito de Pichigua Pichigua', 'Distrito de Condorama', 'Distrito de Ocoruro']",CUSCO,"['Pallpata', 'Pallpata', 'Huarcapata', 'Chorrillo', 'Atacama', 'Pallpata', 'Pallpata', 'Cruz Pampa', 'Pirhuayani', 'Mamanocca', 'Pallpata', 'Alto Pichigua', 'Pichigua Pichigua', 'Condorama', 'Ocoruro']",2021,2,2021-S2
Grupo_1885,Activo,2021-09-30,Antapaccay,Glencore,"['CC Huano Huano', 'CC Cala Cala', 'CC Huisa', 'CC Paco Pata', 'CC Tintaya Marquiri', 'CC Alto Huancané', 'CC Huancané Bajo', 'CC Alto Huarca', 'CC Huarca', 'CC Anta Ccollana', 'CC Huisa Ccollana', 'CC Huini Coroccohuayco']",CUSCO,"['CC Huano Huano', 'CC Cala Cala', 'CC Huisa', 'Pacopata', 'Tintaya Marquiri', 'Alto Huancane', 'Huancane Bajo', 'CC Alto Huarca', 'CC Huarca', 'Anta Ccollana', 'Espinar', 'Espinar']",2021,2,2021-S2
Grupo_1852,Activo,2021-09-30,Las Bambas,Las Bambas,"['Provincia de Chumbivilcas', 'Distrito de Velille', 'Distrito de Capacmarca', 'Distrito de Quiñota', 'Distrito de Chamaca', 'Distrito de Livitaca', 'Distrito de Llusco', 'CP Huaylla Huaylla']",CUSCO,"['Chumbivilcas', 'Velille', 'Capacmarca', 'Quiñota', 'Chamaca', 'Livitaca', 'Llusco', 'CP Huaylla Huaylla']",2021,2,2021-S2
Grupo_1853,Activo,2021-09-30,Las Bambas,Las Bambas,"['Provincia de Paruro', 'Distrito Paccarectambo', 'Distrito Yaurisque', 'Distrito Ccapi', 'Distrito Huanoquite']",CUSCO,"['Paruro', 'Paccarectambo', 'Yaurisque', 'Ccapi', 'Huanoquite']",2021,2,2021-S2
Grupo_1854,Activo,2021-09-30,Las Bambas,Las Bambas,['CP Fuerabamba'],CUSCO,['CP Fuerabamba'],2021,2,2021-S2
Grupo_1421,Activo,2021-09-30,Antapaccay,Antapaccay,['Provincia de Espinar'],CUSCO,['Espinar'],2021,2,2021-S2
Grupo_606,Activo,2021-09-30,Toromocho,Chinalco,"['CP Morococha', 'CP Nueva Ciudad Morococha']",JUNÍN,"['CP Morococha', 'CP Morococha']",2021,2,2021-S2
Grupo_1867,Activo,2021-09-30,Quellaveco,Angloamerican,['CP Tumilaca'],MOQUEGUA,['CP Tumilaca'],2021,2,2021-S2
Grupo_2258,Activo,2021-09-30,Atacocha,Nexa Resources,['CP Machcan'],PASCO,['CP Machcan'],2021,2,2021-S2
Grupo_1814,Activo,2021-09-30,Atacocha,Nexa Resources,['CP San Juan de Milpo'],PASCO,['CP San Juan de Milpo'],2021,2,2021-S2
Grupo_1897,Activo,2021-11-30,Antamina,Antamina,['CC Aquia'],ÁNCASH,['CC Aquia'],2021,2,2021-S2
Grupo_2227,Activo,2021-11-30,Antamina,Antamina,"['CP Carhuayoc', 'CP Pichiu Quinuaragra']",ÁNCASH,"['CP Carhuayoc', 'CP Pichiu Quinhuaragra']",2021,2,2021-S2
Grupo_1749,Activo,2021-11-30,Antamina,Antamina,"['CP Ango Raju', 'CP Carhuayoc']",ÁNCASH,"['Huaraz', 'CP Carhuayoc']",2021,2,2021-S2
Grupo_829,Activo,2021-11-30,Antamina,Antamina,"['CP Carhuayoc', 'CP Cátac']",ÁNCASH,"['CP Carhuayoc', 'CP Catac']",2021,2,2021-S2
Grupo_481,Activo,2021-11-30,Antamina,Antamina,"['CP Ayash Pichiú', 'CP Santa Cruz Pichiú']",ÁNCASH,"['CP Ayash Pichiu', 'Santa Cruz Pichiu']",2021,2,2021-S2
Grupo_2228,Activo,2021-11-30,Las Bambas,Las Bambas,['CC Choaquere'],APURÍMAC,['CC Choaquere'],2021,2,2021-S2
Grupo_1904,Activo,2021-11-30,Las Bambas,Las Bambas,['CC Huancuire'],APURÍMAC,['CC Huancuire'],2021,2,2021-S2
Grupo_2229,Activo,2021-11-30,Las Bambas,Las Bambas,['CC Pumamarca'],APURÍMAC,['CC Pumamarca'],2021,2,2021-S2
Grupo_1237,Activo,2021-11-30,Las Bambas,Las Bambas,"['CP Tambulla', 'Distrito Chalhuahuacho']",APURÍMAC,"['CP Tambulla', 'Chalhuahuacho']",2021,2,2021-S2
Grupo_1884,Activo,2021-11-30,Yanacocha,Newmont,"['CP Totoracocha', 'CP El Alumbre']",CAJAMARCA,"['CP Totoracocha', 'CP El Alumbre']",2021,2,2021-S2
Grupo_1251,Activo,2021-11-30,Cerro Corona,Gold Fields,['Distrito de Hualgayoc'],CAJAMARCA,['Hualgayoc'],2021,2,2021-S2
Grupo_1927,Activo,2021-11-30,Las Bambas,Las Bambas,"['CC Huininquiri', 'CC Cancahuani', 'CC Lacca-lacca Yanque Parcobamba', 'CC Cruzpampa', 'CC Idiopa-Ñaupa-Japo Urinsaya']",CUSCO,"['Chumbivilcas', 'Cancahuani', 'Colquemarca', 'CC Cruzpampa', 'Colquemarca']",2021,2,2021-S2
Grupo_1889,Activo,2021-11-30,Antapaccay,Antapaccay,"['Distrito de Pallpata', 'Huacroyuta Marquiri', 'Huarcapata', 'Chorrillo', 'Antacama', 'Pallpata', 'Canlletera', 'Cruz Pampa', 'Pirhuayani', 'Mamanocca', 'Jaruma Alccasana', 'Distrito de Alto Pichigua', 'Distrito de Pichigua Pichigua', 'Distrito de Condorama', 'Distrito de Ocoruro']",CUSCO,"['Pallpata', 'Pallpata', 'Huarcapata', 'Chorrillo', 'Atacama', 'Pallpata', 'Pallpata', 'Cruz Pampa', 'Pirhuayani', 'Mamanocca', 'Pallpata', 'Alto Pichigua', 'Pichigua Pichigua', 'Condorama', 'Ocoruro']",2021,2,2021-S2
Grupo_1885,Activo,2021-11-30,Antapaccay,Glencore,"['CC Huano Huano', 'CC Cala Cala', 'CC Huisa', 'CC Paco Pata', 'CC Tintaya Marquiri', 'CC Alto Huancané', 'CC Huancané Bajo', 'CC Alto Huarca', 'CC Huarca', 'CC Anta Ccollana', 'CC Huisa Ccollana', 'CC Huini Coroccohuayco']",CUSCO,"['CC Huano Huano', 'CC Cala Cala', 'CC Huisa', 'Pacopata', 'Tintaya Marquiri', 'Alto Huancane', 'Huancane Bajo', 'CC Alto Huarca', 'CC Huarca', 'Anta Ccollana', 'Espinar', 'Espinar']",2021,2,2021-S2
Grupo_1852,Activo,2021-11-30,Las Bambas,Las Bambas,"['Provincia de Chumbivilcas', 'Distrito de Velille', 'Distrito de Capacmarca', 'Distrito de Quiñota', 'Distrito de Chamaca', 'Distrito de Livitaca', 'Distrito de Llusco', 'CP Huaylla Huaylla']",CUSCO,"['Chumbivilcas', 'Velille', 'Capacmarca', 'Quiñota', 'Chamaca', 'Livitaca', 'Llusco', 'CP Huaylla Huaylla']",2021,2,2021-S2
Grupo_1854,Activo,2021-11-30,Las Bambas,Las Bambas,['CP Fuerabamba'],CUSCO,['CP Fuerabamba'],2021,2,2021-S2
Grupo_1421,Activo,2021-11-30,Antapaccay,Antapaccay,['Provincia de Espinar'],CUSCO,['Espinar'],2021,2,2021-S2
Grupo_606,Activo,2021-11-30,Toromocho,Chinalco,"['CP Morococha', 'CP Nueva Ciudad Morococha']",JUNÍN,"['CP Morococha', 'CP Morococha']",2021,2,2021-S2
Grupo_2187,Activo,2021-11-30,Chungar,Volcan,['CC Baños'],LIMA PROVINCIAS,['Baños'],2021,2,2021-S2
Grupo_1867,Activo,2021-11-30,Quellaveco,Angloamerican,['CP Tumilaca'],MOQUEGUA,['CP Tumilaca'],2021,2,2021-S2
Grupo_2258,Activo,2021-11-30,Atacocha,Nexa Resources,['CP Machcan'],PASCO,['CP Machcan'],2021,2,2021-S2
Grupo_1814,Activo,2021-11-30,Atacocha,Nexa Resources,['CP San Juan de Milpo'],PASCO,['CP San Juan de Milpo'],2021,2,2021-S2
Grupo_1897,Activo,2022-01-31,Antamina,Antamina,['CC Aquia'],ÁNCASH,['CC Aquia'],2022,1,2022-S1
Grupo_2227,Activo,2022-01-31,Antamina,Antamina,"['CP Carhuayoc', 'CP Pichiu Quinuaragra']",ÁNCASH,"['CP Carhuayoc', 'CP Pichiu Quinhuaragra']",2022,1,2022-S1
Grupo_1749,Activo,2022-01-31,Antamina,Antamina,"['CP Ango Raju', 'CP Carhuayoc']",ÁNCASH,"['Huaraz', 'CP Carhuayoc']",2022,1,2022-S1
Grupo_829,Activo,2022-01-31,Antamina,Antamina,"['CP Carhuayoc', 'CP Cátac']",ÁNCASH,"['CP Carhuayoc', 'CP Catac']",2022,1,2022-S1
Grupo_481,Activo,2022-01-31,Antamina,Antamina,"['CP Ayash Pichiú', 'CP Santa Cruz Pichiú']",ÁNCASH,"['CP Ayash Pichiu', 'Santa Cruz Pichiu']",2022,1,2022-S1
Grupo_2228,Activo,2022-01-31,Las Bambas,Las Bambas,['CC Choaquere'],APURÍMAC,['CC Choaquere'],2022,1,2022-S1
Grupo_1904,Activo,2022-01-31,Las Bambas,Las Bambas,['CC Huancuire'],APURÍMAC,['CC Huancuire'],2022,1,2022-S1
Grupo_2229,Activo,2022-01-31,Las Bambas,Las Bambas,['CC Pumamarca'],APURÍMAC,['CC Pumamarca'],2022,1,2022-S1
Grupo_1237,Activo,2022-01-31,Las Bambas,Las Bambas,"['CP Tambulla', 'Distrito Chalhuahuacho']",APURÍMAC,"['CP Tambulla', 'Chalhuahuacho']",2022,1,2022-S1
Grupo_1884,Activo,2022-01-31,Yanacocha,Newmont,"['CP Totoracocha', 'CP El Alumbre']",CAJAMARCA,"['CP Totoracocha', 'CP El Alumbre']",2022,1,2022-S1
Grupo_1251,Activo,2022-01-31,Cerro Corona,Gold Fields,['Distrito de Hualgayoc'],CAJAMARCA,['Hualgayoc'],2022,1,2022-S1
Grupo_1853,Activo,2022-01-31,Las Bambas,Las Bambas,"['Provincia de Paruro', 'Distrito Paccarectambo', 'Distrito Yaurisque', 'Distrito Ccapi', 'Distrito Huanoquite']",CUSCO,"['Paruro', 'Paccarectambo', 'Yaurisque', 'Ccapi', 'Huanoquite']",2022,1,2022-S1
Grupo_1927,Activo,2022-01-31,Las Bambas,Las Bambas,"['CC Huininquiri', 'CC Cancahuani', 'CC Lacca-lacca Yanque Parcobamba', 'CC Cruzpampa', 'CC Idiopa-Ñaupa-Japo Urinsaya']",CUSCO,"['Chumbivilcas', 'Cancahuani', 'Colquemarca', 'CC Cruzpampa', 'Colquemarca']",2022,1,2022-S1
Grupo_1889,Activo,2022-01-31,Antapaccay,Antapaccay,"['Distrito de Pallpata', 'Huacroyuta Marquiri', 'Huarcapata', 'Chorrillo', 'Antacama', 'Pallpata', 'Canlletera', 'Cruz Pampa', 'Pirhuayani', 'Mamanocca', 'Jaruma Alccasana', 'Distrito de Alto Pichigua', 'Distrito de Pichigua Pichigua', 'Distrito de Condorama', 'Distrito de Ocoruro']",CUSCO,"['Pallpata', 'Pallpata', 'Huarcapata', 'Chorrillo', 'Atacama', 'Pallpata', 'Pallpata', 'Cruz Pampa', 'Pirhuayani', 'Mamanocca', 'Pallpata', 'Alto Pichigua', 'Pichigua Pichigua', 'Condorama', 'Ocoruro']",2022,1,2022-S1
Grupo_1885,Activo,2022-01-31,Antapaccay,Glencore,"['CC Huano Huano', 'CC Cala Cala', 'CC Huisa', 'CC Paco Pata', 'CC Tintaya Marquiri', 'CC Alto Huancané', 'CC Huancané Bajo', 'CC Alto Huarca', 'CC Huarca', 'CC Anta Ccollana', 'CC Huisa Ccollana', 'CC Huini Coroccohuayco']",CUSCO,"['CC Huano Huano', 'CC Cala Cala', 'CC Huisa', 'Pacopata', 'Tintaya Marquiri', 'Alto Huancane', 'Huancane Bajo', 'CC Alto Huarca', 'CC Huarca', 'Anta Ccollana', 'Espinar', 'Espinar']",2022,1,2022-S1
Grupo_1852,Activo,2022-01-31,Las Bambas,Las Bambas,"['Provincia de Chumbivilcas', 'Distrito de Velille', 'Distrito de Capacmarca', 'Distrito de Quiñota', 'Distrito de Chamaca', 'Distrito de Livitaca', 'Distrito de Llusco', 'CP Huaylla Huaylla']",CUSCO,"['Chumbivilcas', 'Velille', 'Capacmarca', 'Quiñota', 'Chamaca', 'Livitaca', 'Llusco', 'CP Huaylla Huaylla']",2022,1,2022-S1
Grupo_1854,Activo,2022-01-31,Las Bambas,Las Bambas,['CP Fuerabamba'],CUSCO,['CP Fuerabamba'],2022,1,2022-S1
Grupo_1421,Activo,2022-01-31,Antapaccay,Antapaccay,['Provincia de Espinar'],CUSCO,['Espinar'],2022,1,2022-S1
Grupo_606,Activo,2022-01-31,Toromocho,Chinalco,"['CP Morococha', 'CP Nueva Ciudad Morococha']",JUNÍN,"['CP Morococha', 'CP Morococha']",2022,1,2022-S1
Grupo_2187,Activo,2022-01-31,Chungar,Volcan,['CC Baños'],LIMA PROVINCIAS,['Baños'],2022,1,2022-S1
Grupo_2258,Activo,2022-01-31,Atacocha,Nexa Resources,['CP Machcan'],PASCO,['CP Machcan'],2022,1,2022-S1
Grupo_1814,Activo,2022-01-31,Atacocha,Nexa Resources,['CP San Juan de Milpo'],PASCO,['CP San Juan de Milpo'],2022,1,2022-S1
Grupo_1897,Activo,2022-02-28,Antamina,Antamina,['CC Aquia'],ÁNCASH,['CC Aquia'],2022,1,2022-S1
Grupo_2227,Activo,2022-02-28,Antamina,Antamina,"['CP Carhuayoc', 'CP Pichiu Quinuaragra']",ÁNCASH,"['CP Carhuayoc', 'CP Pichiu Quinhuaragra']",2022,1,2022-S1
Grupo_1749,Activo,2022-02-28,Antamina,Antamina,"['CP Ango Raju', 'CP Carhuayoc']",ÁNCASH,"['Huaraz', 'CP Carhuayoc']",2022,1,2022-S1
Grupo_829,Activo,2022-02-28,Antamina,Antamina,"['CP Carhuayoc', 'CP Cátac']",ÁNCASH,"['CP Carhuayoc', 'CP Catac']",2022,1,2022-S1
Grupo_481,Activo,2022-02-28,Antamina,Antamina,"['CP Ayash Pichiú', 'CP Santa Cruz Pichiú']",ÁNCASH,"['CP Ayash Pichiu', 'Santa Cruz Pichiu']",2022,1,2022-S1
Grupo_2228,Activo,2022-02-28,Las Bambas,Las Bambas,['CC Choaquere'],APURÍMAC,['CC Choaquere'],2022,1,2022-S1
Grupo_1904,Activo,2022-02-28,Las Bambas,Las Bambas,['CC Huancuire'],APURÍMAC,['CC Huancuire'],2022,1,2022-S1
Grupo_2229,Activo,2022-02-28,Las Bambas,Las Bambas,['CC Pumamarca'],APURÍMAC,['CC Pumamarca'],2022,1,2022-S1
Grupo_1237,Activo,2022-02-28,Las Bambas,Las Bambas,"['CP Tambulla', 'Distrito Chalhuahuacho']",APURÍMAC,"['CP Tambulla', 'Chalhuahuacho']",2022,1,2022-S1
Grupo_1854,Activo,2022-02-28,Las Bambas,Las Bambas,['CP Fuerabamba'],CUSCO,['CP Fuerabamba'],2022,1,2022-S1
Grupo_1884,Activo,2022-02-28,Yanacocha,Newmont,"['CP Totoracocha', 'CP El Alumbre']",CAJAMARCA,"['CP Totoracocha', 'CP El Alumbre']",2022,1,2022-S1
Grupo_1251,Activo,2022-02-28,Cerro Corona,Gold Fields,['Distrito de Hualgayoc'],CAJAMARCA,['Hualgayoc'],2022,1,2022-S1
Grupo_2238,Activo,2022-02-28,Las Bambas,Las Bambas,['CC Urinsaya'],CUSCO,['CC Urinsaya'],2022,1,2022-S1
Grupo_1853,Activo,2022-02-28,Las Bambas,Las Bambas,"['Provincia de Paruro', 'Distrito Paccarectambo', 'Distrito Yaurisque', 'Distrito Ccapi', 'Distrito Huanoquite']",CUSCO,"['Paruro', 'Paccarectambo', 'Yaurisque', 'Ccapi', 'Huanoquite']",2022,1,2022-S1
Grupo_1927,Activo,2022-02-28,Las Bambas,Las Bambas,"['CC Huininquiri', 'CC Cancahuani', 'CC Lacca-lacca Yanque Parcobamba', 'CC Cruzpampa', 'CC Idiopa-Ñaupa-Japo Urinsaya']",CUSCO,"['Chumbivilcas', 'Cancahuani', 'Colquemarca', 'CC Cruzpampa', 'Colquemarca']",2022,1,2022-S1
Grupo_1889,Activo,2022-02-28,Antapaccay,Antapaccay,"['Distrito de Pallpata', 'Huacroyuta Marquiri', 'Huarcapata', 'Chorrillo', 'Antacama', 'Pallpata', 'Canlletera', 'Cruz Pampa', 'Pirhuayani', 'Mamanocca', 'Jaruma Alccasana', 'Distrito de Alto Pichigua', 'Distrito de Pichigua Pichigua', 'Distrito de Condorama', 'Distrito de Ocoruro']",CUSCO,"['Pallpata', 'Pallpata', 'Huarcapata', 'Chorrillo', 'Atacama', 'Pallpata', 'Pallpata', 'Cruz Pampa', 'Pirhuayani', 'Mamanocca', 'Pallpata', 'Alto Pichigua', 'Pichigua Pichigua', 'Condorama', 'Ocoruro']",2022,1,2022-S1
Grupo_1885,Activo,2022-02-28,Antapaccay,Glencore,"['CC Huano Huano', 'CC Cala Cala', 'CC Huisa', 'CC Paco Pata', 'CC Tintaya Marquiri', 'CC Alto Huancané', 'CC Huancané Bajo', 'CC Alto Huarca', 'CC Huarca', 'CC Anta Ccollana', 'CC Huisa Ccollana', 'CC Huini Coroccohuayco']",CUSCO,"['CC Huano Huano', 'CC Cala Cala', 'CC Huisa', 'Pacopata', 'Tintaya Marquiri', 'Alto Huancane', 'Huancane Bajo', 'CC Alto Huarca', 'CC Huarca', 'Anta Ccollana', 'Espinar', 'Espinar']",2022,1,2022-S1
Grupo_1852,Activo,2022-02-28,Las Bambas,Las Bambas,"['Provincia de Chumbivilcas', 'Distrito de Velille', 'Distrito de Capacmarca', 'Distrito de Quiñota', 'Distrito de Chamaca', 'Distrito de Livitaca', 'Distrito de Llusco', 'CP Huaylla Huaylla']",CUSCO,"['Chumbivilcas', 'Velille', 'Capacmarca', 'Quiñota', 'Chamaca', 'Livitaca', 'Llusco', 'CP Huaylla Huaylla']",2022,1,2022-S1
Grupo_1421,Activo,2022-02-28,Antapaccay,Antapaccay,['Provincia de Espinar'],CUSCO,['Espinar'],2022,1,2022-S1
Grupo_606,Activo,2022-02-28,Toromocho,Chinalco,"['CP Morococha', 'CP Nueva Ciudad Morococha']",JUNÍN,"['CP Morococha', 'CP Morococha']",2022,1,2022-S1
Grupo_2187,Activo,2022-02-28,Chungar,Volcan,['CC Baños'],LIMA PROVINCIAS,['Baños'],2022,1,2022-S1
Grupo_1867,Activo,2022-02-28,Quellaveco,Angloamerican,['CP Tumilaca'],MOQUEGUA,['CP Tumilaca'],2022,1,2022-S1
Grupo_2258,Activo,2022-02-28,Atacocha,Nexa Resources,['CP Machcan'],PASCO,['CP Machcan'],2022,1,2022-S1
Grupo_1814,Activo,2022-02-28,Atacocha,Nexa Resources,['CP San Juan de Milpo'],PASCO,['CP San Juan de Milpo'],2022,1,2022-S1
Grupo_1897,Activo,2022-03-31,Antamina,Antamina,['CC Aquia'],ÁNCASH,['CC Aquia'],2022,1,2022-S1
Grupo_2227,Activo,2022-03-31,Antamina,Antamina,"['CP Carhuayoc', 'CP Pichiu Quinuaragra']",ÁNCASH,"['CP Carhuayoc', 'CP Pichiu Quinhuaragra']",2022,1,2022-S1
Grupo_1749,Activo,2022-03-31,Antamina,Antamina,"['CP Ango Raju', 'CP Carhuayoc']",ÁNCASH,"['Huaraz', 'CP Carhuayoc']",2022,1,2022-S1
Grupo_829,Activo,2022-03-31,Antamina,Antamina,"['CP Carhuayoc', 'CP Cátac']",ÁNCASH,"['CP Carhuayoc', 'CP Catac']",2022,1,2022-S1
Grupo_481,Activo,2022-03-31,Antamina,Antamina,"['CP Ayash Pichiú', 'CP Santa Cruz Pichiú']",ÁNCASH,"['CP Ayash Pichiu', 'Santa Cruz Pichiu']",2022,1,2022-S1
Grupo_2228,Activo,2022-03-31,Las Bambas,Las Bambas,['CC Choaquere'],APURÍMAC,['CC Choaquere'],2022,1,2022-S1
Grupo_1904,Activo,2022-03-31,Las Bambas,Las Bambas,['CC Huancuire'],APURÍMAC,['CC Huancuire'],2022,1,2022-S1
Grupo_2229,Activo,2022-03-31,Las Bambas,Las Bambas,['CC Pumamarca'],APURÍMAC,['CC Pumamarca'],2022,1,2022-S1
Grupo_1854,Activo,2022-03-31,Las Bambas,Las Bambas,['CP Fuerabamba'],CUSCO,['CP Fuerabamba'],2022,1,2022-S1
Grupo_1237,Activo,2022-03-31,Las Bambas,Las Bambas,"['CP Tambulla', 'Distrito Chalhuahuacho']",APURÍMAC,"['CP Tambulla', 'Chalhuahuacho']",2022,1,2022-S1
Grupo_1251,Activo,2022-03-31,Cerro Corona,Gold Fields,['Distrito de Hualgayoc'],CAJAMARCA,['Hualgayoc'],2022,1,2022-S1
Grupo_2238,Activo,2022-03-31,Las Bambas,Las Bambas,['CC Urinsaya'],CUSCO,['CC Urinsaya'],2022,1,2022-S1
Grupo_1927,Activo,2022-03-31,Las Bambas,Las Bambas,"['CC Huininquiri', 'CC Cancahuani', 'CC Lacca-lacca Yanque Parcobamba', 'CC Cruzpampa', 'CC Idiopa-Ñaupa-Japo Urinsaya']",CUSCO,"['Chumbivilcas', 'Cancahuani', 'Colquemarca', 'CC Cruzpampa', 'Colquemarca']",2022,1,2022-S1
Grupo_1889,Activo,2022-03-31,Antapaccay,Antapaccay,"['Distrito de Pallpata', 'Huacroyuta Marquiri', 'Huarcapata', 'Chorrillo', 'Antacama', 'Pallpata', 'Canlletera', 'Cruz Pampa', 'Pirhuayani', 'Mamanocca', 'Jaruma Alccasana', 'Distrito de Alto Pichigua', 'Distrito de Pichigua Pichigua', 'Distrito de Condorama', 'Distrito de Ocoruro']",CUSCO,"['Pallpata', 'Pallpata', 'Huarcapata', 'Chorrillo', 'Atacama', 'Pallpata', 'Pallpata', 'Cruz Pampa', 'Pirhuayani', 'Mamanocca', 'Pallpata', 'Alto Pichigua', 'Pichigua Pichigua', 'Condorama', 'Ocoruro']",2022,1,2022-S1
Grupo_1885,Activo,2022-03-31,Antapaccay,Glencore,"['CC Huano Huano', 'CC Cala Cala', 'CC Huisa', 'CC Paco Pata', 'CC Tintaya Marquiri', 'CC Alto Huancané', 'CC Huancané Bajo', 'CC Alto Huarca', 'CC Huarca', 'CC Anta Ccollana', 'CC Huisa Ccollana', 'CC Huini Coroccohuayco']",CUSCO,"['CC Huano Huano', 'CC Cala Cala', 'CC Huisa', 'Pacopata', 'Tintaya Marquiri', 'Alto Huancane', 'Huancane Bajo', 'CC Alto Huarca', 'CC Huarca', 'Anta Ccollana', 'Espinar', 'Espinar']",2022,1,2022-S1
Grupo_1852,Activo,2022-03-31,Las Bambas,Las Bambas,"['Provincia de Chumbivilcas', 'Distrito de Velille', 'Distrito de Capacmarca', 'Distrito de Quiñota', 'Distrito de Chamaca', 'Distrito de Livitaca', 'Distrito de Llusco', 'CP Huaylla Huaylla']",CUSCO,"['Chumbivilcas', 'Velille', 'Capacmarca', 'Quiñota', 'Chamaca', 'Livitaca', 'Llusco', 'CP Huaylla Huaylla']",2022,1,2022-S1
Grupo_1853,Activo,2022-03-31,Las Bambas,Las Bambas,"['Provincia de Paruro', 'Distrito Paccarectambo', 'Distrito Yaurisque', 'Distrito Ccapi', 'Distrito Huanoquite']",CUSCO,"['Paruro', 'Paccarectambo', 'Yaurisque', 'Ccapi', 'Huanoquite']",2022,1,2022-S1
Grupo_1421,Activo,2022-03-31,Antapaccay,Antapaccay,['Provincia de Espinar'],CUSCO,['Espinar'],2022,1,2022-S1
Grupo_2246,Activo,2022-03-31,Toromocho,Chinalco,['CP San Francisco de Asís de Pucará'],JUNÍN,['San Francisco de Asis de Pucara'],2022,1,2022-S1
Grupo_606,Activo,2022-03-31,Toromocho,Chinalco,"['CP Morococha', 'CP Nueva Ciudad Morococha']",JUNÍN,"['CP Morococha', 'CP Morococha']",2022,1,2022-S1
Grupo_2187,Activo,2022-03-31,Chungar,Volcan,['CC Baños'],LIMA PROVINCIAS,['Baños'],2022,1,2022-S1
Grupo_1867,Activo,2022-03-31,Quellaveco,Angloamerican,['CP Tumilaca'],MOQUEGUA,['CP Tumilaca'],2022,1,2022-S1
Grupo_2258,Activo,2022-03-31,Atacocha,Nexa Resources,['CP Machcan'],PASCO,['CP Machcan'],2022,1,2022-S1
Grupo_1814,Activo,2022-03-31,Atacocha,Nexa Resources,['CP San Juan de Milpo'],PASCO,['CP San Juan de Milpo'],2022,1,2022-S1
Grupo_1897,Activo,2022-05-31,Antamina,Antamina,['CC Aquia'],ÁNCASH,['CC Aquia'],2022,1,2022-S1
Grupo_2227,Activo,2022-05-31,Antamina,Antamina,"['CP Carhuayoc', 'CP Pichiu Quinuaragra']",ÁNCASH,"['CP Carhuayoc', 'CP Pichiu Quinhuaragra']",2022,1,2022-S1
Grupo_1749,Activo,2022-05-31,Antamina,Antamina,"['CP Ango Raju', 'CP Carhuayoc']",ÁNCASH,"['Huaraz', 'CP Carhuayoc']",2022,1,2022-S1
Grupo_829,Activo,2022-05-31,Antamina,Antamina,"['CP Carhuayoc', 'CP Cátac']",ÁNCASH,"['CP Carhuayoc', 'CP Catac']",2022,1,2022-S1
Grupo_481,Activo,2022-05-31,Antamina,Antamina,"['CP Ayash Pichiú', 'CP Santa Cruz Pichiú']",ÁNCASH,"['CP Ayash Pichiu', 'Santa Cruz Pichiu']",2022,1,2022-S1
Grupo_2228,Activo,2022-05-31,Las Bambas,Las Bambas,['CC Choaquere'],APURÍMAC,['CC Choaquere'],2022,1,2022-S1
Grupo_1904,Activo,2022-05-31,Las Bambas,Las Bambas,['CC Huancuire'],APURÍMAC,['CC Huancuire'],2022,1,2022-S1
Grupo_2229,Activo,2022-05-31,Las Bambas,Las Bambas,['CC Pumamarca'],APURÍMAC,['CC Pumamarca'],2022,1,2022-S1
Grupo_1854,Activo,2022-05-31,Las Bambas,Las Bambas,['CP Fuerabamba'],CUSCO,['CP Fuerabamba'],2022,1,2022-S1
Grupo_1237,Activo,2022-05-31,Las Bambas,Las Bambas,"['CP Tambulla', 'Distrito Chalhuahuacho']",APURÍMAC,"['CP Tambulla', 'Chalhuahuacho']",2022,1,2022-S1
Grupo_1251,Activo,2022-05-31,Cerro Corona,Gold Fields,['Distrito de Hualgayoc'],CAJAMARCA,['Hualgayoc'],2022,1,2022-S1
Grupo_2238,Activo,2022-05-31,Las Bambas,Las Bambas,['CC Urinsaya'],CUSCO,['CC Urinsaya'],2022,1,2022-S1
Grupo_1927,Activo,2022-05-31,Las Bambas,Las Bambas,"['CC Huininquiri', 'CC Cancahuani', 'CC Lacca-lacca Yanque Parcobamba', 'CC Cruzpampa', 'CC Idiopa-Ñaupa-Japo Urinsaya']",CUSCO,"['Chumbivilcas', 'Cancahuani', 'Colquemarca', 'CC Cruzpampa', 'Colquemarca']",2022,1,2022-S1
Grupo_1889,Activo,2022-05-31,Antapaccay,Antapaccay,"['Distrito de Pallpata', 'Huacroyuta Marquiri', 'Huarcapata', 'Chorrillo', 'Antacama', 'Pallpata', 'Canlletera', 'Cruz Pampa', 'Pirhuayani', 'Mamanocca', 'Jaruma Alccasana', 'Distrito de Alto Pichigua', 'Distrito de Pichigua Pichigua', 'Distrito de Condorama', 'Distrito de Ocoruro']",CUSCO,"['Pallpata', 'Pallpata', 'Huarcapata', 'Chorrillo', 'Atacama', 'Pallpata', 'Pallpata', 'Cruz Pampa', 'Pirhuayani', 'Mamanocca', 'Pallpata', 'Alto Pichigua', 'Pichigua Pichigua', 'Condorama', 'Ocoruro']",2022,1,2022-S1
Grupo_1885,Activo,2022-05-31,Antapaccay,Glencore,"['CC Huano Huano', 'CC Cala Cala', 'CC Huisa', 'CC Paco Pata', 'CC Tintaya Marquiri', 'CC Alto Huancané', 'CC Huancané Bajo', 'CC Alto Huarca', 'CC Huarca', 'CC Anta Ccollana', 'CC Huisa Ccollana', 'CC Huini Coroccohuayco']",CUSCO,"['CC Huano Huano', 'CC Cala Cala', 'CC Huisa', 'Pacopata', 'Tintaya Marquiri', 'Alto Huancane', 'Huancane Bajo', 'CC Alto Huarca', 'CC Huarca', 'Anta Ccollana', 'Espinar', 'Espinar']",2022,1,2022-S1
Grupo_1852,Activo,2022-05-31,Las Bambas,Las Bambas,"['Provincia de Chumbivilcas', 'Distrito de Velille', 'Distrito de Capacmarca', 'Distrito de Quiñota', 'Distrito de Chamaca', 'Distrito de Livitaca', 'Distrito de Llusco', 'CP Huaylla Huaylla']",CUSCO,"['Chumbivilcas', 'Velille', 'Capacmarca', 'Quiñota', 'Chamaca', 'Livitaca', 'Llusco', 'CP Huaylla Huaylla']",2022,1,2022-S1
Grupo_1853,Activo,2022-05-31,Las Bambas,Las Bambas,"['Provincia de Paruro', 'Distrito Paccarectambo', 'Distrito Yaurisque', 'Distrito Ccapi', 'Distrito Huanoquite']",CUSCO,"['Paruro', 'Paccarectambo', 'Yaurisque', 'Ccapi', 'Huanoquite']",2022,1,2022-S1
Grupo_1421,Activo,2022-05-31,Antapaccay,Antapaccay,['Provincia de Espinar'],CUSCO,['Espinar'],2022,1,2022-S1
Grupo_2246,Activo,2022-05-31,Toromocho,Chinalco,['CP San Francisco de Asís de Pucará'],JUNÍN,['San Francisco de Asis de Pucara'],2022,1,2022-S1
Grupo_606,Activo,2022-05-31,Toromocho,Chinalco,"['CP Morococha', 'CP Nueva Ciudad Morococha']",JUNÍN,"['CP Morococha', 'CP Morococha']",2022,1,2022-S1
Grupo_2187,Activo,2022-05-31,Chungar,Volcan,['CC Baños'],LIMA PROVINCIAS,['Baños'],2022,1,2022-S1
Grupo_1867,Activo,2022-05-31,Quellaveco,Angloamerican,['CP Tumilaca'],MOQUEGUA,['CP Tumilaca'],2022,1,2022-S1
Grupo_2257,Activo,2022-05-31,Atacocha,Nexa Resources,['CC Chinchán'],PASCO,['CC Chinchán'],2022,1,2022-S1
Grupo_2258,Activo,2022-05-31,Atacocha,Nexa Resources,['CP Machcan'],PASCO,['CP Machcan'],2022,1,2022-S1
Grupo_1814,Activo,2022-05-31,Atacocha,Nexa Resources,['CP San Juan de Milpo'],PASCO,['CP San Juan de Milpo'],2022,1,2022-S1
Grupo_1897,Activo,2022-06-30,Antamina,Antamina,['CC Aquia'],ÁNCASH,['CC Aquia'],2022,1,2022-S1
Grupo_2227,Activo,2022-06-30,Antamina,Antamina,"['CP Carhuayoc', 'CP Pichiu Quinuaragra']",ÁNCASH,"['CP Carhuayoc', 'CP Pichiu Quinhuaragra']",2022,1,2022-S1
Grupo_1749,Activo,2022-06-30,Antamina,Antamina,"['CP Ango Raju', 'CP Carhuayoc']",ÁNCASH,"['Huaraz', 'CP Carhuayoc']",2022,1,2022-S1
Grupo_481,Activo,2022-06-30,Antamina,Antamina,"['CP Ayash Pichiú', 'CP Santa Cruz Pichiú']",ÁNCASH,"['CP Ayash Pichiu', 'Santa Cruz Pichiu']",2022,1,2022-S1
Grupo_1902,Activo,2022-06-30,Las Bambas,Las Bambas,['CC Chuicuni'],APURÍMAC,['CC Chuicuni'],2022,1,2022-S1
Grupo_1903,Activo,2022-06-30,Las Bambas,Las Bambas,['CC Chila'],APURÍMAC,['CC Chila'],2022,1,2022-S1
Grupo_2228,Activo,2022-06-30,Las Bambas,Las Bambas,['CC Choaquere'],APURÍMAC,['CC Choaquere'],2022,1,2022-S1
Grupo_1904,Activo,2022-06-30,Las Bambas,Las Bambas,['CC Huancuire'],APURÍMAC,['CC Huancuire'],2022,1,2022-S1
Grupo_2229,Activo,2022-06-30,Las Bambas,Las Bambas,['CC Pumamarca'],APURÍMAC,['CC Pumamarca'],2022,1,2022-S1
Grupo_1854,Activo,2022-06-30,Las Bambas,Las Bambas,['CP Fuerabamba'],CUSCO,['CP Fuerabamba'],2022,1,2022-S1
Grupo_1237,Activo,2022-06-30,Las Bambas,Las Bambas,"['CP Tambulla', 'Distrito Chalhuahuacho']",APURÍMAC,"['CP Tambulla', 'Chalhuahuacho']",2022,1,2022-S1
Grupo_1251,Activo,2022-06-30,Cerro Corona,Gold Fields,['Distrito de Hualgayoc'],CAJAMARCA,['Hualgayoc'],2022,1,2022-S1
Grupo_2238,Activo,2022-06-30,Las Bambas,Las Bambas,['CC Urinsaya'],CUSCO,['CC Urinsaya'],2022,1,2022-S1
Grupo_1927,Activo,2022-06-30,Las Bambas,Las Bambas,"['CC Huininquiri', 'CC Cancahuani', 'CC Lacca-lacca Yanque Parcobamba', 'CC Cruzpampa', 'CC Idiopa-Ñaupa-Japo Urinsaya']",CUSCO,"['Chumbivilcas', 'Cancahuani', 'Colquemarca', 'CC Cruzpampa', 'Colquemarca']",2022,1,2022-S1
Grupo_1889,Activo,2022-06-30,Antapaccay,Antapaccay,"['Distrito de Pallpata', 'Huacroyuta Marquiri', 'Huarcapata', 'Chorrillo', 'Antacama', 'Pallpata', 'Canlletera', 'Cruz Pampa', 'Pirhuayani', 'Mamanocca', 'Jaruma Alccasana', 'Distrito de Alto Pichigua', 'Distrito de Pichigua Pichigua', 'Distrito de Condorama', 'Distrito de Ocoruro']",CUSCO,"['Pallpata', 'Pallpata', 'Huarcapata', 'Chorrillo', 'Atacama', 'Pallpata', 'Pallpata', 'Cruz Pampa', 'Pirhuayani', 'Mamanocca', 'Pallpata', 'Alto Pichigua', 'Pichigua Pichigua', 'Condorama', 'Ocoruro']",2022,1,2022-S1
Grupo_1885,Activo,2022-06-30,Antapaccay,Glencore,"['CC Huano Huano', 'CC Cala Cala', 'CC Huisa', 'CC Paco Pata', 'CC Tintaya Marquiri', 'CC Alto Huancané', 'CC Huancané Bajo', 'CC Alto Huarca', 'CC Huarca', 'CC Anta Ccollana', 'CC Huisa Ccollana', 'CC Huini Coroccohuayco']",CUSCO,"['CC Huano Huano', 'CC Cala Cala', 'CC Huisa', 'Pacopata', 'Tintaya Marquiri', 'Alto Huancane', 'Huancane Bajo', 'CC Alto Huarca', 'CC Huarca', 'Anta Ccollana', 'Espinar', 'Espinar']",2022,1,2022-S1
Grupo_1852,Activo,2022-06-30,Las Bambas,Las Bambas,"['Provincia de Chumbivilcas', 'Distrito de Velille', 'Distrito de Capacmarca', 'Distrito de Quiñota', 'Distrito de Chamaca', 'Distrito de Livitaca', 'Distrito de Llusco', 'CP Huaylla Huaylla']",CUSCO,"['Chumbivilcas', 'Velille', 'Capacmarca', 'Quiñota', 'Chamaca', 'Livitaca', 'Llusco', 'CP Huaylla Huaylla']",2022,1,2022-S1
Grupo_1853,Activo,2022-06-30,Las Bambas,Las Bambas,"['Provincia de Paruro', 'Distrito Paccarectambo', 'Distrito Yaurisque', 'Distrito Ccapi', 'Distrito Huanoquite']",CUSCO,"['Paruro', 'Paccarectambo', 'Yaurisque', 'Ccapi', 'Huanoquite']",2022,1,2022-S1
Grupo_1421,Activo,2022-06-30,Antapaccay,Antapaccay,['Provincia de Espinar'],CUSCO,['Espinar'],2022,1,2022-S1
Grupo_2246,Activo,2022-06-30,Toromocho,Chinalco,['CP San Francisco de Asís de Pucará'],JUNÍN,['San Francisco de Asis de Pucara'],2022,1,2022-S1
Grupo_606,Activo,2022-06-30,Toromocho,Chinalco,"['CP Morococha', 'CP Nueva Ciudad Morococha']",JUNÍN,"['CP Morococha', 'CP Morococha']",2022,1,2022-S1
Grupo_2057,Activo,2022-06-30,Chungar,Volcan,['CP Cullhuay'],LIMA PROVINCIAS,['CP Cullhuay'],2022,1,2022-S1
Grupo_2187,Activo,2022-06-30,Chungar,Volcan,['CC Baños'],LIMA PROVINCIAS,['Baños'],2022,1,2022-S1
Grupo_1867,Activo,2022-06-30,Quellaveco,Angloamerican,['CP Tumilaca'],MOQUEGUA,['CP Tumilaca'],2022,1,2022-S1
Grupo_2257,Activo,2022-06-30,Atacocha,Nexa Resources,['CC Chinchán'],PASCO,['CC Chinchán'],2022,1,2022-S1
Grupo_2258,Activo,2022-06-30,Atacocha,Nexa Resources,['CP Machcan'],PASCO,['CP Machcan'],2022,1,2022-S1
Grupo_1814,Activo,2022-06-30,Atacocha,Nexa Resources,['CP San Juan de Milpo'],PASCO,['CP San Juan de Milpo'],2022,1,2022-S1
Grupo_1897,Activo,2022-08-31,Antamina,Antamina,['CC Aquia'],ÁNCASH,['CC Aquia'],2022,2,2022-S2
Grupo_2227,Activo,2022-08-31,Antamina,Antamina,"['CP Carhuayoc', 'CP Pichiu Quinuaragra']",ÁNCASH,"['CP Carhuayoc', 'CP Pichiu Quinhuaragra']",2022,2,2022-S2
Grupo_1749,Activo,2022-08-31,Antamina,Antamina,"['CP Ango Raju', 'CP Carhuayoc']",ÁNCASH,"['Huaraz', 'CP Carhuayoc']",2022,2,2022-S2
Grupo_481,Activo,2022-08-31,Antamina,Antamina,"['CP Ayash Pichiú', 'CP Santa Cruz Pichiú']",ÁNCASH,"['CP Ayash Pichiu', 'Santa Cruz Pichiu']",2022,2,2022-S2
Grupo_1901,Activo,2022-08-31,Las Bambas,Las Bambas,['CC Carmen Alto de Chalhuahuacho'],APURÍMAC,['Chalhuahuacho'],2022,2,2022-S2
Grupo_1902,Activo,2022-08-31,Las Bambas,Las Bambas,['CC Chuicuni'],APURÍMAC,['CC Chuicuni'],2022,2,2022-S2
Grupo_1903,Activo,2022-08-31,Las Bambas,Las Bambas,['CC Chila'],APURÍMAC,['CC Chila'],2022,2,2022-S2
Grupo_2228,Activo,2022-08-31,Las Bambas,Las Bambas,['CC Choaquere'],APURÍMAC,['CC Choaquere'],2022,2,2022-S2
Grupo_1904,Activo,2022-08-31,Las Bambas,Las Bambas,['CC Huancuire'],APURÍMAC,['CC Huancuire'],2022,2,2022-S2
Grupo_2229,Activo,2022-08-31,Las Bambas,Las Bambas,['CC Pumamarca'],APURÍMAC,['CC Pumamarca'],2022,2,2022-S2
Grupo_1854,Activo,2022-08-31,Las Bambas,Las Bambas,['CP Fuerabamba'],CUSCO,['CP Fuerabamba'],2022,2,2022-S2
Grupo_1237,Activo,2022-08-31,Las Bambas,Las Bambas,"['CP Tambulla', 'Distrito Chalhuahuacho']",APURÍMAC,"['CP Tambulla', 'Chalhuahuacho']",2022,2,2022-S2
Grupo_1251,Activo,2022-08-31,Cerro Corona,Gold Fields,['Distrito de Hualgayoc'],CAJAMARCA,['Hualgayoc'],2022,2,2022-S2
Grupo_2238,Activo,2022-08-31,Las Bambas,Las Bambas,['CC Urinsaya'],CUSCO,['CC Urinsaya'],2022,2,2022-S2
Grupo_1927,Activo,2022-08-31,Las Bambas,Las Bambas,"['CC Huininquiri', 'CC Cancahuani', 'CC Lacca-lacca Yanque Parcobamba', 'CC Cruzpampa', 'CC Idiopa-Ñaupa-Japo Urinsaya']",CUSCO,"['Chumbivilcas', 'Cancahuani', 'Colquemarca', 'CC Cruzpampa', 'Colquemarca']",2022,2,2022-S2
Grupo_1889,Activo,2022-08-31,Antapaccay,Antapaccay,"['Distrito de Pallpata', 'Huacroyuta Marquiri', 'Huarcapata', 'Chorrillo', 'Antacama', 'Pallpata', 'Canlletera', 'Cruz Pampa', 'Pirhuayani', 'Mamanocca', 'Jaruma Alccasana', 'Distrito de Alto Pichigua', 'Distrito de Pichigua Pichigua', 'Distrito de Condorama', 'Distrito de Ocoruro']",CUSCO,"['Pallpata', 'Pallpata', 'Huarcapata', 'Chorrillo', 'Atacama', 'Pallpata', 'Pallpata', 'Cruz Pampa', 'Pirhuayani', 'Mamanocca', 'Pallpata', 'Alto Pichigua', 'Pichigua Pichigua', 'Condorama', 'Ocoruro']",2022,2,2022-S2
Grupo_1885,Activo,2022-08-31,Antapaccay,Glencore,"['CC Huano Huano', 'CC Cala Cala', 'CC Huisa', 'CC Paco Pata', 'CC Tintaya Marquiri', 'CC Alto Huancané', 'CC Huancané Bajo', 'CC Alto Huarca', 'CC Huarca', 'CC Anta Ccollana', 'CC Huisa Ccollana', 'CC Huini Coroccohuayco']",CUSCO,"['CC Huano Huano', 'CC Cala Cala', 'CC Huisa', 'Pacopata', 'Tintaya Marquiri', 'Alto Huancane', 'Huancane Bajo', 'CC Alto Huarca', 'CC Huarca', 'Anta Ccollana', 'Espinar', 'Espinar']",2022,2,2022-S2
Grupo_1852,Activo,2022-08-31,Las Bambas,Las Bambas,"['Provincia de Chumbivilcas', 'Distrito de Velille', 'Distrito de Capacmarca', 'Distrito de Quiñota', 'Distrito de Chamaca', 'Distrito de Livitaca', 'Distrito de Llusco', 'CP Huaylla Huaylla']",CUSCO,"['Chumbivilcas', 'Velille', 'Capacmarca', 'Quiñota', 'Chamaca', 'Livitaca', 'Llusco', 'CP Huaylla Huaylla']",2022,2,2022-S2
Grupo_1853,Activo,2022-08-31,Las Bambas,Las Bambas,"['Provincia de Paruro', 'Distrito Paccarectambo', 'Distrito Yaurisque', 'Distrito Ccapi', 'Distrito Huanoquite']",CUSCO,"['Paruro', 'Paccarectambo', 'Yaurisque', 'Ccapi', 'Huanoquite']",2022,2,2022-S2
Grupo_1421,Activo,2022-08-31,Antapaccay,Antapaccay,['Provincia de Espinar'],CUSCO,['Espinar'],2022,2,2022-S2
Grupo_2246,Activo,2022-08-31,Toromocho,Chinalco,['CP San Francisco de Asís de Pucará'],JUNÍN,['San Francisco de Asis de Pucara'],2022,2,2022-S2
Grupo_606,Activo,2022-08-31,Toromocho,Chinalco,"['CP Morococha', 'CP Nueva Ciudad Morococha']",JUNÍN,"['CP Morococha', 'CP Morococha']",2022,2,2022-S2
Grupo_2057,Activo,2022-08-31,Chungar,Volcan,['CP Cullhuay'],LIMA PROVINCIAS,['CP Cullhuay'],2022,2,2022-S2
Grupo_2187,Activo,2022-08-31,Chungar,Volcan,['CC Baños'],LIMA PROVINCIAS,['Baños'],2022,2,2022-S2
Grupo_1867,Activo,2022-08-31,Quellaveco,Angloamerican,['CP Tumilaca'],MOQUEGUA,['CP Tumilaca'],2022,2,2022-S2
Grupo_2257,Activo,2022-08-31,Atacocha,Nexa Resources,['CC Chinchán'],PASCO,['CC Chinchán'],2022,2,2022-S2
Grupo_2258,Activo,2022-08-31,Atacocha,Nexa Resources,['CP Machcan'],PASCO,['CP Machcan'],2022,2,2022-S2
Grupo_1814,Activo,2022-08-31,Atacocha,Nexa Resources,['CP San Juan de Milpo'],PASCO,['CP San Juan de Milpo'],2022,2,2022-S2
Grupo_1897,Activo,2022-09-30,Antamina,Antamina,['CC Aquia'],ÁNCASH,['CC Aquia'],2022,2,2022-S2
Grupo_2227,Activo,2022-09-30,Antamina,Antamina,"['CP Carhuayoc', 'CP Pichiu Quinuaragra']",ÁNCASH,"['CP Carhuayoc', 'CP Pichiu Quinhuaragra']",2022,2,2022-S2
Grupo_1749,Activo,2022-09-30,Antamina,Antamina,"['CP Ango Raju', 'CP Carhuayoc']",ÁNCASH,"['Huaraz', 'CP Carhuayoc']",2022,2,2022-S2
Grupo_481,Activo,2022-09-30,Antamina,Antamina,"['CP Ayash Pichiú', 'CP Santa Cruz Pichiú']",ÁNCASH,"['CP Ayash Pichiu', 'Santa Cruz Pichiu']",2022,2,2022-S2
Grupo_1901,Activo,2022-09-30,Las Bambas,Las Bambas,['CC Carmen Alto de Chalhuahuacho'],APURÍMAC,['Chalhuahuacho'],2022,2,2022-S2
Grupo_1902,Activo,2022-09-30,Las Bambas,Las Bambas,['CC Chuicuni'],APURÍMAC,['CC Chuicuni'],2022,2,2022-S2
Grupo_1903,Activo,2022-09-30,Las Bambas,Las Bambas,['CC Chila'],APURÍMAC,['CC Chila'],2022,2,2022-S2
Grupo_2228,Activo,2022-09-30,Las Bambas,Las Bambas,['CC Choaquere'],APURÍMAC,['CC Choaquere'],2022,2,2022-S2
Grupo_1904,Activo,2022-09-30,Las Bambas,Las Bambas,['CC Huancuire'],APURÍMAC,['CC Huancuire'],2022,2,2022-S2
Grupo_2229,Activo,2022-09-30,Las Bambas,Las Bambas,['CC Pumamarca'],APURÍMAC,['CC Pumamarca'],2022,2,2022-S2
Grupo_1854,Activo,2022-09-30,Las Bambas,Las Bambas,['CP Fuerabamba'],CUSCO,['CP Fuerabamba'],2022,2,2022-S2
Grupo_1237,Activo,2022-09-30,Las Bambas,Las Bambas,"['CP Tambulla', 'Distrito Chalhuahuacho']",APURÍMAC,"['CP Tambulla', 'Chalhuahuacho']",2022,2,2022-S2
Grupo_2231,Activo,2022-09-30,Quellaveco,Angloamerican,"['Valle de Tambo', 'Punta de Bombón', 'La Ensenada-Mejía']",AREQUIPA,"['Valle de Tambo', 'Punta de Bombón', 'Mejia']",2022,2,2022-S2
Grupo_1251,Activo,2022-09-30,Cerro Corona,Gold Fields,['Distrito de Hualgayoc'],CAJAMARCA,['Hualgayoc'],2022,2,2022-S2
Grupo_2238,Activo,2022-09-30,Las Bambas,Las Bambas,['CC Urinsaya'],CUSCO,['CC Urinsaya'],2022,2,2022-S2
Grupo_1927,Activo,2022-09-30,Las Bambas,Las Bambas,"['CC Huininquiri', 'CC Cancahuani', 'CC Lacca-lacca Yanque Parcobamba', 'CC Cruzpampa', 'CC Idiopa-Ñaupa-Japo Urinsaya']",CUSCO,"['Chumbivilcas', 'Cancahuani', 'Colquemarca', 'CC Cruzpampa', 'Colquemarca']",2022,2,2022-S2
Grupo_1889,Activo,2022-09-30,Antapaccay,Antapaccay,"['Distrito de Pallpata', 'Huacroyuta Marquiri', 'Huarcapata', 'Chorrillo', 'Antacama', 'Pallpata', 'Canlletera', 'Cruz Pampa', 'Pirhuayani', 'Mamanocca', 'Jaruma Alccasana', 'Distrito de Alto Pichigua', 'Distrito de Pichigua Pichigua', 'Distrito de Condorama', 'Distrito de Ocoruro']",CUSCO,"['Pallpata', 'Pallpata', 'Huarcapata', 'Chorrillo', 'Atacama', 'Pallpata', 'Pallpata', 'Cruz Pampa', 'Pirhuayani', 'Mamanocca', 'Pallpata', 'Alto Pichigua', 'Pichigua Pichigua', 'Condorama', 'Ocoruro']",2022,2,2022-S2
Grupo_1885,Activo,2022-09-30,Antapaccay,Glencore,"['CC Huano Huano', 'CC Cala Cala', 'CC Huisa', 'CC Paco Pata', 'CC Tintaya Marquiri', 'CC Alto Huancané', 'CC Huancané Bajo', 'CC Alto Huarca', 'CC Huarca', 'CC Anta Ccollana', 'CC Huisa Ccollana', 'CC Huini Coroccohuayco']",CUSCO,"['CC Huano Huano', 'CC Cala Cala', 'CC Huisa', 'Pacopata', 'Tintaya Marquiri', 'Alto Huancane', 'Huancane Bajo', 'CC Alto Huarca', 'CC Huarca', 'Anta Ccollana', 'Espinar', 'Espinar']",2022,2,2022-S2
Grupo_1852,Activo,2022-09-30,Las Bambas,Las Bambas,"['Provincia de Chumbivilcas', 'Distrito de Velille', 'Distrito de Capacmarca', 'Distrito de Quiñota', 'Distrito de Chamaca', 'Distrito de Livitaca', 'Distrito de Llusco', 'CP Huaylla Huaylla']",CUSCO,"['Chumbivilcas', 'Velille', 'Capacmarca', 'Quiñota', 'Chamaca', 'Livitaca', 'Llusco', 'CP Huaylla Huaylla']",2022,2,2022-S2
Grupo_1853,Activo,2022-09-30,Las Bambas,Las Bambas,"['Provincia de Paruro', 'Distrito Paccarectambo', 'Distrito Yaurisque', 'Distrito Ccapi', 'Distrito Huanoquite']",CUSCO,"['Paruro', 'Paccarectambo', 'Yaurisque', 'Ccapi', 'Huanoquite']",2022,2,2022-S2
Grupo_1421,Activo,2022-09-30,Antapaccay,Antapaccay,['Provincia de Espinar'],CUSCO,['Espinar'],2022,2,2022-S2
Grupo_2246,Activo,2022-09-30,Toromocho,Chinalco,['CP San Francisco de Asís de Pucará'],JUNÍN,['San Francisco de Asis de Pucara'],2022,2,2022-S2
Grupo_606,Activo,2022-09-30,Toromocho,Chinalco,"['CP Morococha', 'CP Nueva Ciudad Morococha']",JUNÍN,"['CP Morococha', 'CP Morococha']",2022,2,2022-S2
Grupo_2057,Activo,2022-09-30,Chungar,Volcan,['CP Cullhuay'],LIMA PROVINCIAS,['CP Cullhuay'],2022,2,2022-S2
Grupo_2187,Activo,2022-09-30,Chungar,Volcan,['CC Baños'],LIMA PROVINCIAS,['Baños'],2022,2,2022-S2
Grupo_1867,Activo,2022-09-30,Quellaveco,Angloamerican,['CP Tumilaca'],MOQUEGUA,['CP Tumilaca'],2022,2,2022-S2
Grupo_2257,Activo,2022-09-30,Atacocha,Nexa Resources,['CC Chinchán'],PASCO,['CC Chinchán'],2022,2,2022-S2
Grupo_2258,Activo,2022-09-30,Atacocha,Nexa Resources,['CP Machcan'],PASCO,['CP Machcan'],2022,2,2022-S2
Grupo_1814,Activo,2022-09-30,Atacocha,Nexa Resources,['CP San Juan de Milpo'],PASCO,['CP San Juan de Milpo'],2022,2,2022-S2
Grupo_1897,Activo,2022-10-31,Antamina,Antamina,['CC Aquia'],ÁNCASH,['CC Aquia'],2022,2,2022-S2
Grupo_2227,Activo,2022-10-31,Antamina,Antamina,"['CP Carhuayoc', 'CP Pichiu Quinuaragra']",ÁNCASH,"['CP Carhuayoc', 'CP Pichiu Quinhuaragra']",2022,2,2022-S2
Grupo_1749,Activo,2022-10-31,Antamina,Antamina,"['CP Ango Raju', 'CP Carhuayoc']",ÁNCASH,"['Huaraz', 'CP Carhuayoc']",2022,2,2022-S2
Grupo_481,Activo,2022-10-31,Antamina,Antamina,"['CP Ayash Pichiú', 'CP Santa Cruz Pichiú']",ÁNCASH,"['CP Ayash Pichiu', 'Santa Cruz Pichiu']",2022,2,2022-S2
Grupo_1901,Activo,2022-10-31,Las Bambas,Las Bambas,['CC Carmen Alto de Chalhuahuacho'],APURÍMAC,['Chalhuahuacho'],2022,2,2022-S2
Grupo_1902,Activo,2022-10-31,Las Bambas,Las Bambas,['CC Chuicuni'],APURÍMAC,['CC Chuicuni'],2022,2,2022-S2
Grupo_1903,Activo,2022-10-31,Las Bambas,Las Bambas,['CC Chila'],APURÍMAC,['CC Chila'],2022,2,2022-S2
Grupo_2228,Activo,2022-10-31,Las Bambas,Las Bambas,['CC Choaquere'],APURÍMAC,['CC Choaquere'],2022,2,2022-S2
Grupo_1904,Activo,2022-10-31,Las Bambas,Las Bambas,['CC Huancuire'],APURÍMAC,['CC Huancuire'],2022,2,2022-S2
Grupo_2229,Activo,2022-10-31,Las Bambas,Las Bambas,['CC Pumamarca'],APURÍMAC,['CC Pumamarca'],2022,2,2022-S2
Grupo_1854,Activo,2022-10-31,Las Bambas,Las Bambas,['CP Fuerabamba'],CUSCO,['CP Fuerabamba'],2022,2,2022-S2
Grupo_1237,Activo,2022-10-31,Las Bambas,Las Bambas,"['CP Tambulla', 'Distrito Chalhuahuacho']",APURÍMAC,"['CP Tambulla', 'Chalhuahuacho']",2022,2,2022-S2
Grupo_2231,Activo,2022-10-31,Quellaveco,Angloamerican,"['Valle de Tambo', 'Punta de Bombón', 'La Ensenada-Mejía']",AREQUIPA,"['Valle de Tambo', 'Punta de Bombón', 'Mejia']",2022,2,2022-S2
Grupo_1251,Activo,2022-10-31,Cerro Corona,Gold Fields,['Distrito de Hualgayoc'],CAJAMARCA,['Hualgayoc'],2022,2,2022-S2
Grupo_2237,Activo,2022-10-31,Las Bambas,Las Bambas,['CC Tuntuma'],CUSCO,['CC Tuntuma'],2022,2,2022-S2
Grupo_1924,Activo,2022-10-31,Las Bambas,Las Bambas,['Distrito de Coporaque'],CUSCO,['Coporaque'],2022,2,2022-S2
Grupo_2238,Activo,2022-10-31,Las Bambas,Las Bambas,['CC Urinsaya'],CUSCO,['CC Urinsaya'],2022,2,2022-S2
Grupo_1927,Activo,2022-10-31,Las Bambas,Las Bambas,"['CC Huininquiri', 'CC Cancahuani', 'CC Lacca-lacca Yanque Parcobamba', 'CC Cruzpampa', 'CC Idiopa-Ñaupa-Japo Urinsaya']",CUSCO,"['Chumbivilcas', 'Cancahuani', 'Colquemarca', 'CC Cruzpampa', 'Colquemarca']",2022,2,2022-S2
Grupo_1889,Activo,2022-10-31,Antapaccay,Antapaccay,"['Distrito de Pallpata', 'Huacroyuta Marquiri', 'Huarcapata', 'Chorrillo', 'Antacama', 'Pallpata', 'Canlletera', 'Cruz Pampa', 'Pirhuayani', 'Mamanocca', 'Jaruma Alccasana', 'Distrito de Alto Pichigua', 'Distrito de Pichigua Pichigua', 'Distrito de Condorama', 'Distrito de Ocoruro']",CUSCO,"['Pallpata', 'Pallpata', 'Huarcapata', 'Chorrillo', 'Atacama', 'Pallpata', 'Pallpata', 'Cruz Pampa', 'Pirhuayani', 'Mamanocca', 'Pallpata', 'Alto Pichigua', 'Pichigua Pichigua', 'Condorama', 'Ocoruro']",2022,2,2022-S2
Grupo_1885,Activo,2022-10-31,Antapaccay,Glencore,"['CC Huano Huano', 'CC Cala Cala', 'CC Huisa', 'CC Paco Pata', 'CC Tintaya Marquiri', 'CC Alto Huancané', 'CC Huancané Bajo', 'CC Alto Huarca', 'CC Huarca', 'CC Anta Ccollana', 'CC Huisa Ccollana', 'CC Huini Coroccohuayco']",CUSCO,"['CC Huano Huano', 'CC Cala Cala', 'CC Huisa', 'Pacopata', 'Tintaya Marquiri', 'Alto Huancane', 'Huancane Bajo', 'CC Alto Huarca', 'CC Huarca', 'Anta Ccollana', 'Espinar', 'Espinar']",2022,2,2022-S2
Grupo_1852,Activo,2022-10-31,Las Bambas,Las Bambas,"['Provincia de Chumbivilcas', 'Distrito de Velille', 'Distrito de Capacmarca', 'Distrito de Quiñota', 'Distrito de Chamaca', 'Distrito de Livitaca', 'Distrito de Llusco', 'CP Huaylla Huaylla']",CUSCO,"['Chumbivilcas', 'Velille', 'Capacmarca', 'Quiñota', 'Chamaca', 'Livitaca', 'Llusco', 'CP Huaylla Huaylla']",2022,2,2022-S2
Grupo_1853,Activo,2022-10-31,Las Bambas,Las Bambas,"['Provincia de Paruro', 'Distrito Paccarectambo', 'Distrito Yaurisque', 'Distrito Ccapi', 'Distrito Huanoquite']",CUSCO,"['Paruro', 'Paccarectambo', 'Yaurisque', 'Ccapi', 'Huanoquite']",2022,2,2022-S2
Grupo_1421,Activo,2022-10-31,Antapaccay,Antapaccay,['Provincia de Espinar'],CUSCO,['Espinar'],2022,2,2022-S2
Grupo_2246,Activo,2022-10-31,Toromocho,Chinalco,['CP San Francisco de Asís de Pucará'],JUNÍN,['San Francisco de Asis de Pucara'],2022,2,2022-S2
Grupo_606,Activo,2022-10-31,Toromocho,Chinalco,"['CP Morococha', 'CP Nueva Ciudad Morococha']",JUNÍN,"['CP Morococha', 'CP Morococha']",2022,2,2022-S2
Grupo_2057,Activo,2022-10-31,Chungar,Volcan,['CP Cullhuay'],LIMA PROVINCIAS,['CP Cullhuay'],2022,2,2022-S2
Grupo_2187,Activo,2022-10-31,Chungar,Volcan,['CC Baños'],LIMA PROVINCIAS,['Baños'],2022,2,2022-S2
Grupo_1867,Activo,2022-10-31,Quellaveco,Angloamerican,['CP Tumilaca'],MOQUEGUA,['CP Tumilaca'],2022,2,2022-S2
Grupo_2257,Activo,2022-10-31,Atacocha,Nexa Resources,['CC Chinchán'],PASCO,['CC Chinchán'],2022,2,2022-S2
Grupo_2258,Activo,2022-10-31,Atacocha,Nexa Resources,['CP Machcan'],PASCO,['CP Machcan'],2022,2,2022-S2
Grupo_1814,Activo,2022-10-31,Atacocha,Nexa Resources,['CP San Juan de Milpo'],PASCO,['CP San Juan de Milpo'],2022,2,2022-S2
Grupo_1897,Activo,2022-11-30,Antamina,Antamina,['CC Aquia'],ÁNCASH,['CC Aquia'],2022,2,2022-S2
Grupo_2227,Activo,2022-11-30,Antamina,Antamina,"['CP Carhuayoc', 'CP Pichiu Quinuaragra']",ÁNCASH,"['CP Carhuayoc', 'CP Pichiu Quinhuaragra']",2022,2,2022-S2
Grupo_1749,Activo,2022-11-30,Antamina,Antamina,"['CP Ango Raju', 'CP Carhuayoc']",ÁNCASH,"['Huaraz', 'CP Carhuayoc']",2022,2,2022-S2
Grupo_481,Activo,2022-11-30,Antamina,Antamina,"['CP Ayash Pichiú', 'CP Santa Cruz Pichiú']",ÁNCASH,"['CP Ayash Pichiu', 'Santa Cruz Pichiu']",2022,2,2022-S2
Grupo_1901,Activo,2022-11-30,Las Bambas,Las Bambas,['CC Carmen Alto de Chalhuahuacho'],APURÍMAC,['Chalhuahuacho'],2022,2,2022-S2
Grupo_1902,Activo,2022-11-30,Las Bambas,Las Bambas,['CC Chuicuni'],APURÍMAC,['CC Chuicuni'],2022,2,2022-S2
Grupo_1903,Activo,2022-11-30,Las Bambas,Las Bambas,['CC Chila'],APURÍMAC,['CC Chila'],2022,2,2022-S2
Grupo_2228,Activo,2022-11-30,Las Bambas,Las Bambas,['CC Choaquere'],APURÍMAC,['CC Choaquere'],2022,2,2022-S2
Grupo_1904,Activo,2022-11-30,Las Bambas,Las Bambas,['CC Huancuire'],APURÍMAC,['CC Huancuire'],2022,2,2022-S2
Grupo_2229,Activo,2022-11-30,Las Bambas,Las Bambas,['CC Pumamarca'],APURÍMAC,['CC Pumamarca'],2022,2,2022-S2
Grupo_1854,Activo,2022-11-30,Las Bambas,Las Bambas,['CP Fuerabamba'],CUSCO,['CP Fuerabamba'],2022,2,2022-S2
Grupo_1237,Activo,2022-11-30,Las Bambas,Las Bambas,"['CP Tambulla', 'Distrito Chalhuahuacho']",APURÍMAC,"['CP Tambulla', 'Chalhuahuacho']",2022,2,2022-S2
Grupo_2231,Activo,2022-11-30,Quellaveco,Angloamerican,"['Valle de Tambo', 'Punta de Bombón', 'La Ensenada-Mejía']",AREQUIPA,"['Valle de Tambo', 'Punta de Bombón', 'Mejia']",2022,2,2022-S2
Grupo_1251,Activo,2022-11-30,Cerro Corona,Gold Fields,['Distrito de Hualgayoc'],CAJAMARCA,['Hualgayoc'],2022,2,2022-S2
Grupo_2237,Activo,2022-11-30,Las Bambas,Las Bambas,['CC Tuntuma'],CUSCO,['CC Tuntuma'],2022,2,2022-S2
Grupo_1924,Activo,2022-11-30,Las Bambas,Las Bambas,['Distrito de Coporaque'],CUSCO,['Coporaque'],2022,2,2022-S2
Grupo_2238,Activo,2022-11-30,Las Bambas,Las Bambas,['CC Urinsaya'],CUSCO,['CC Urinsaya'],2022,2,2022-S2
Grupo_1927,Activo,2022-11-30,Las Bambas,Las Bambas,"['CC Huininquiri', 'CC Cancahuani', 'CC Lacca-lacca Yanque Parcobamba', 'CC Cruzpampa', 'CC Idiopa-Ñaupa-Japo Urinsaya']",CUSCO,"['Chumbivilcas', 'Cancahuani', 'Colquemarca', 'CC Cruzpampa', 'Colquemarca']",2022,2,2022-S2
Grupo_1889,Activo,2022-11-30,Antapaccay,Antapaccay,"['Distrito de Pallpata', 'Huacroyuta Marquiri', 'Huarcapata', 'Chorrillo', 'Antacama', 'Pallpata', 'Canlletera', 'Cruz Pampa', 'Pirhuayani', 'Mamanocca', 'Jaruma Alccasana', 'Distrito de Alto Pichigua', 'Distrito de Pichigua Pichigua', 'Distrito de Condorama', 'Distrito de Ocoruro']",CUSCO,"['Pallpata', 'Pallpata', 'Huarcapata', 'Chorrillo', 'Atacama', 'Pallpata', 'Pallpata', 'Cruz Pampa', 'Pirhuayani', 'Mamanocca', 'Pallpata', 'Alto Pichigua', 'Pichigua Pichigua', 'Condorama', 'Ocoruro']",2022,2,2022-S2
Grupo_1885,Activo,2022-11-30,Antapaccay,Glencore,"['CC Huano Huano', 'CC Cala Cala', 'CC Huisa', 'CC Paco Pata', 'CC Tintaya Marquiri', 'CC Alto Huancané', 'CC Huancané Bajo', 'CC Alto Huarca', 'CC Huarca', 'CC Anta Ccollana', 'CC Huisa Ccollana', 'CC Huini Coroccohuayco']",CUSCO,"['CC Huano Huano', 'CC Cala Cala', 'CC Huisa', 'Pacopata', 'Tintaya Marquiri', 'Alto Huancane', 'Huancane Bajo', 'CC Alto Huarca', 'CC Huarca', 'Anta Ccollana', 'Espinar', 'Espinar']",2022,2,2022-S2
Grupo_1852,Activo,2022-11-30,Las Bambas,Las Bambas,"['Provincia de Chumbivilcas', 'Distrito de Velille', 'Distrito de Capacmarca', 'Distrito de Quiñota', 'Distrito de Chamaca', 'Distrito de Livitaca', 'Distrito de Llusco', 'CP Huaylla Huaylla']",CUSCO,"['Chumbivilcas', 'Velille', 'Capacmarca', 'Quiñota', 'Chamaca', 'Livitaca', 'Llusco', 'CP Huaylla Huaylla']",2022,2,2022-S2
Grupo_1853,Activo,2022-11-30,Las Bambas,Las Bambas,"['Provincia de Paruro', 'Distrito Paccarectambo', 'Distrito Yaurisque', 'Distrito Ccapi', 'Distrito Huanoquite']",CUSCO,"['Paruro', 'Paccarectambo', 'Yaurisque', 'Ccapi', 'Huanoquite']",2022,2,2022-S2
Grupo_1421,Activo,2022-11-30,Antapaccay,Antapaccay,['Provincia de Espinar'],CUSCO,['Espinar'],2022,2,2022-S2
Grupo_2246,Activo,2022-11-30,Toromocho,Chinalco,['CP San Francisco de Asís de Pucará'],JUNÍN,['San Francisco de Asis de Pucara'],2022,2,2022-S2
Grupo_606,Activo,2022-11-30,Toromocho,Chinalco,"['CP Morococha', 'CP Nueva Ciudad Morococha']",JUNÍN,"['CP Morococha', 'CP Morococha']",2022,2,2022-S2
Grupo_2057,Activo,2022-11-30,Chungar,Volcan,['CP Cullhuay'],LIMA PROVINCIAS,['CP Cullhuay'],2022,2,2022-S2
Grupo_1867,Activo,2022-11-30,Quellaveco,Angloamerican,['CP Tumilaca'],MOQUEGUA,['CP Tumilaca'],2022,2,2022-S2
Grupo_2257,Activo,2022-11-30,Atacocha,Nexa Resources,['CC Chinchán'],PASCO,['CC Chinchán'],2022,2,2022-S2
Grupo_2258,Activo,2022-11-30,Atacocha,Nexa Resources,['CP Machcan'],PASCO,['CP Machcan'],2022,2,2022-S2
Grupo_1814,Activo,2022-11-30,Atacocha,Nexa Resources,['CP San Juan de Milpo'],PASCO,['CP San Juan de Milpo'],2022,2,2022-S2
Grupo_1897,Activo,2023-01-31,Antamina,Antamina,['CC Aquia'],ÁNCASH,['CC Aquia'],2023,1,2023-S1
Grupo_2227,Activo,2023-01-31,Antamina,Antamina,"['CP Carhuayoc', 'CP Pichiu Quinuaragra']",ÁNCASH,"['CP Carhuayoc', 'CP Pichiu Quinhuaragra']",2023,1,2023-S1
Grupo_1749,Activo,2023-01-31,Antamina,Antamina,"['CP Ango Raju', 'CP Carhuayoc']",ÁNCASH,"['Huaraz', 'CP Carhuayoc']",2023,1,2023-S1
Grupo_481,Activo,2023-01-31,Antamina,Antamina,"['CP Ayash Pichiú', 'CP Santa Cruz Pichiú']",ÁNCASH,"['CP Ayash Pichiu', 'Santa Cruz Pichiu']",2023,1,2023-S1
Grupo_1901,Activo,2023-01-31,Las Bambas,Las Bambas,['CC Carmen Alto de Chalhuahuacho'],APURÍMAC,['Chalhuahuacho'],2023,1,2023-S1
Grupo_1902,Activo,2023-01-31,Las Bambas,Las Bambas,['CC Chuicuni'],APURÍMAC,['CC Chuicuni'],2023,1,2023-S1
Grupo_1903,Activo,2023-01-31,Las Bambas,Las Bambas,['CC Chila'],APURÍMAC,['CC Chila'],2023,1,2023-S1
Grupo_2228,Activo,2023-01-31,Las Bambas,Las Bambas,['CC Choaquere'],APURÍMAC,['CC Choaquere'],2023,1,2023-S1
Grupo_1904,Activo,2023-01-31,Las Bambas,Las Bambas,['CC Huancuire'],APURÍMAC,['CC Huancuire'],2023,1,2023-S1
Grupo_2229,Activo,2023-01-31,Las Bambas,Las Bambas,['CC Pumamarca'],APURÍMAC,['CC Pumamarca'],2023,1,2023-S1
Grupo_1854,Activo,2023-01-31,Las Bambas,Las Bambas,['CP Fuerabamba'],CUSCO,['CP Fuerabamba'],2023,1,2023-S1
Grupo_1237,Activo,2023-01-31,Las Bambas,Las Bambas,"['CP Tambulla', 'Distrito Chalhuahuacho']",APURÍMAC,"['CP Tambulla', 'Chalhuahuacho']",2023,1,2023-S1
Grupo_2231,Activo,2023-01-31,Quellaveco,Angloamerican,"['Valle de Tambo', 'Punta de Bombón', 'La Ensenada-Mejía']",AREQUIPA,"['Valle de Tambo', 'Punta de Bombón', 'Mejia']",2023,1,2023-S1
Grupo_1251,Activo,2023-01-31,Cerro Corona,Gold Fields,['Distrito de Hualgayoc'],CAJAMARCA,['Hualgayoc'],2023,1,2023-S1
Grupo_2237,Activo,2023-01-31,Las Bambas,Las Bambas,['CC Tuntuma'],CUSCO,['CC Tuntuma'],2023,1,2023-S1
Grupo_1924,Activo,2023-01-31,Las Bambas,Las Bambas,['Distrito de Coporaque'],CUSCO,['Coporaque'],2023,1,2023-S1
Grupo_2238,Activo,2023-01-31,Las Bambas,Las Bambas,['CC Urinsaya'],CUSCO,['CC Urinsaya'],2023,1,2023-S1
Grupo_1927,Activo,2023-01-31,Las Bambas,Las Bambas,"['CC Huininquiri', 'CC Cancahuani', 'CC Lacca-lacca Yanque Parcobamba', 'CC Cruzpampa', 'CC Idiopa-Ñaupa-Japo Urinsaya']",CUSCO,"['Chumbivilcas', 'Cancahuani', 'Colquemarca', 'CC Cruzpampa', 'Colquemarca']",2023,1,2023-S1
Grupo_1889,Activo,2023-01-31,Antapaccay,Antapaccay,"['Distrito de Pallpata', 'Huacroyuta Marquiri', 'Huarcapata', 'Chorrillo', 'Antacama', 'Pallpata', 'Canlletera', 'Cruz Pampa', 'Pirhuayani', 'Mamanocca', 'Jaruma Alccasana', 'Distrito de Alto Pichigua', 'Distrito de Pichigua Pichigua', 'Distrito de Condorama', 'Distrito de Ocoruro']",CUSCO,"['Pallpata', 'Pallpata', 'Huarcapata', 'Chorrillo', 'Atacama', 'Pallpata', 'Pallpata', 'Cruz Pampa', 'Pirhuayani', 'Mamanocca', 'Pallpata', 'Alto Pichigua', 'Pichigua Pichigua', 'Condorama', 'Ocoruro']",2023,1,2023-S1
Grupo_1885,Activo,2023-01-31,Antapaccay,Glencore,"['CC Huano Huano', 'CC Cala Cala', 'CC Huisa', 'CC Paco Pata', 'CC Tintaya Marquiri', 'CC Alto Huancané', 'CC Huancané Bajo', 'CC Alto Huarca', 'CC Huarca', 'CC Anta Ccollana', 'CC Huisa Ccollana', 'CC Huini Coroccohuayco']",CUSCO,"['CC Huano Huano', 'CC Cala Cala', 'CC Huisa', 'Pacopata', 'Tintaya Marquiri', 'Alto Huancane', 'Huancane Bajo', 'CC Alto Huarca', 'CC Huarca', 'Anta Ccollana', 'Espinar', 'Espinar']",2023,1,2023-S1
Grupo_1852,Activo,2023-01-31,Las Bambas,Las Bambas,"['Provincia de Chumbivilcas', 'Distrito de Velille', 'Distrito de Capacmarca', 'Distrito de Quiñota', 'Distrito de Chamaca', 'Distrito de Livitaca', 'Distrito de Llusco', 'CP Huaylla Huaylla']",CUSCO,"['Chumbivilcas', 'Velille', 'Capacmarca', 'Quiñota', 'Chamaca', 'Livitaca', 'Llusco', 'CP Huaylla Huaylla']",2023,1,2023-S1
Grupo_1853,Activo,2023-01-31,Las Bambas,Las Bambas,"['Provincia de Paruro', 'Distrito Paccarectambo', 'Distrito Yaurisque', 'Distrito Ccapi', 'Distrito Huanoquite']",CUSCO,"['Paruro', 'Paccarectambo', 'Yaurisque', 'Ccapi', 'Huanoquite']",2023,1,2023-S1
Grupo_1421,Activo,2023-01-31,Antapaccay,Antapaccay,['Provincia de Espinar'],CUSCO,['Espinar'],2023,1,2023-S1
Grupo_2246,Activo,2023-01-31,Toromocho,Chinalco,['CP San Francisco de Asís de Pucará'],JUNÍN,['San Francisco de Asis de Pucara'],2023,1,2023-S1
Grupo_606,Activo,2023-01-31,Toromocho,Chinalco,"['CP Morococha', 'CP Nueva Ciudad Morococha']",JUNÍN,"['CP Morococha', 'CP Morococha']",2023,1,2023-S1
Grupo_2057,Activo,2023-01-31,Chungar,Volcan,['CP Cullhuay'],LIMA PROVINCIAS,['CP Cullhuay'],2023,1,2023-S1
Grupo_1867,Activo,2023-01-31,Quellaveco,Angloamerican,['CP Tumilaca'],MOQUEGUA,['CP Tumilaca'],2023,1,2023-S1
Grupo_2257,Activo,2023-01-31,Atacocha,Nexa Resources,['CC Chinchán'],PASCO,['CC Chinchán'],2023,1,2023-S1
Grupo_2258,Activo,2023-01-31,Atacocha,Nexa Resources,['CP Machcan'],PASCO,['CP Machcan'],2023,1,2023-S1
Grupo_1814,Activo,2023-01-31,Atacocha,Nexa Resources,['CP San Juan de Milpo'],PASCO,['CP San Juan de Milpo'],2023,1,2023-S1
Grupo_1897,Activo,2023-02-28,Antamina,Antamina,['CC Aquia'],ÁNCASH,['CC Aquia'],2023,1,2023-S1
Grupo_2227,Activo,2023-02-28,Antamina,Antamina,"['CP Carhuayoc', 'CP Pichiu Quinuaragra']",ÁNCASH,"['CP Carhuayoc', 'CP Pichiu Quinhuaragra']",2023,1,2023-S1
Grupo_1749,Activo,2023-02-28,Antamina,Antamina,"['CP Ango Raju', 'CP Carhuayoc']",ÁNCASH,"['Huaraz', 'CP Carhuayoc']",2023,1,2023-S1
Grupo_481,Activo,2023-02-28,Antamina,Antamina,"['CP Ayash Pichiú', 'CP Santa Cruz Pichiú']",ÁNCASH,"['CP Ayash Pichiu', 'Santa Cruz Pichiu']",2023,1,2023-S1
Grupo_1901,Activo,2023-02-28,Las Bambas,Las Bambas,['CC Carmen Alto de Chalhuahuacho'],APURÍMAC,['Chalhuahuacho'],2023,1,2023-S1
Grupo_1902,Activo,2023-02-28,Las Bambas,Las Bambas,['CC Chuicuni'],APURÍMAC,['CC Chuicuni'],2023,1,2023-S1
Grupo_1903,Activo,2023-02-28,Las Bambas,Las Bambas,['CC Chila'],APURÍMAC,['CC Chila'],2023,1,2023-S1
Grupo_2228,Activo,2023-02-28,Las Bambas,Las Bambas,['CC Choaquere'],APURÍMAC,['CC Choaquere'],2023,1,2023-S1
Grupo_1904,Activo,2023-02-28,Las Bambas,Las Bambas,['CC Huancuire'],APURÍMAC,['CC Huancuire'],2023,1,2023-S1
Grupo_2229,Activo,2023-02-28,Las Bambas,Las Bambas,['CC Pumamarca'],APURÍMAC,['CC Pumamarca'],2023,1,2023-S1
Grupo_1854,Activo,2023-02-28,Las Bambas,Las Bambas,['CP Fuerabamba'],CUSCO,['CP Fuerabamba'],2023,1,2023-S1
Grupo_1237,Activo,2023-02-28,Las Bambas,Las Bambas,"['CP Tambulla', 'Distrito Chalhuahuacho']",APURÍMAC,"['CP Tambulla', 'Chalhuahuacho']",2023,1,2023-S1
Grupo_2231,Activo,2023-02-28,Quellaveco,Angloamerican,"['Valle de Tambo', 'Punta de Bombón', 'La Ensenada-Mejía']",AREQUIPA,"['Valle de Tambo', 'Punta de Bombón', 'Mejia']",2023,1,2023-S1
Grupo_1251,Activo,2023-02-28,Cerro Corona,Gold Fields,['Distrito de Hualgayoc'],CAJAMARCA,['Hualgayoc'],2023,1,2023-S1
Grupo_2237,Activo,2023-02-28,Las Bambas,Las Bambas,['CC Tuntuma'],CUSCO,['CC Tuntuma'],2023,1,2023-S1
Grupo_1924,Activo,2023-02-28,Las Bambas,Las Bambas,['Distrito de Coporaque'],CUSCO,['Coporaque'],2023,1,2023-S1
Grupo_2238,Activo,2023-02-28,Las Bambas,Las Bambas,['CC Urinsaya'],CUSCO,['CC Urinsaya'],2023,1,2023-S1
Grupo_1927,Activo,2023-02-28,Las Bambas,Las Bambas,"['CC Huininquiri', 'CC Cancahuani', 'CC Lacca-lacca Yanque Parcobamba', 'CC Cruzpampa', 'CC Idiopa-Ñaupa-Japo Urinsaya']",CUSCO,"['Chumbivilcas', 'Cancahuani', 'Colquemarca', 'CC Cruzpampa', 'Colquemarca']",2023,1,2023-S1
Grupo_1889,Activo,2023-02-28,Antapaccay,Antapaccay,"['Distrito de Pallpata', 'Huacroyuta Marquiri', 'Huarcapata', 'Chorrillo', 'Antacama', 'Pallpata', 'Canlletera', 'Cruz Pampa', 'Pirhuayani', 'Mamanocca', 'Jaruma Alccasana', 'Distrito de Alto Pichigua', 'Distrito de Pichigua Pichigua', 'Distrito de Condorama', 'Distrito de Ocoruro']",CUSCO,"['Pallpata', 'Pallpata', 'Huarcapata', 'Chorrillo', 'Atacama', 'Pallpata', 'Pallpata', 'Cruz Pampa', 'Pirhuayani', 'Mamanocca', 'Pallpata', 'Alto Pichigua', 'Pichigua Pichigua', 'Condorama', 'Ocoruro']",2023,1,2023-S1
Grupo_1885,Activo,2023-02-28,Antapaccay,Glencore,"['CC Huano Huano', 'CC Cala Cala', 'CC Huisa', 'CC Paco Pata', 'CC Tintaya Marquiri', 'CC Alto Huancané', 'CC Huancané Bajo', 'CC Alto Huarca', 'CC Huarca', 'CC Anta Ccollana', 'CC Huisa Ccollana', 'CC Huini Coroccohuayco']",CUSCO,"['CC Huano Huano', 'CC Cala Cala', 'CC Huisa', 'Pacopata', 'Tintaya Marquiri', 'Alto Huancane', 'Huancane Bajo', 'CC Alto Huarca', 'CC Huarca', 'Anta Ccollana', 'Espinar', 'Espinar']",2023,1,2023-S1
Grupo_1852,Activo,2023-02-28,Las Bambas,Las Bambas,"['Provincia de Chumbivilcas', 'Distrito de Velille', 'Distrito de Capacmarca', 'Distrito de Quiñota', 'Distrito de Chamaca', 'Distrito de Livitaca', 'Distrito de Llusco', 'CP Huaylla Huaylla']",CUSCO,"['Chumbivilcas', 'Velille', 'Capacmarca', 'Quiñota', 'Chamaca', 'Livitaca', 'Llusco', 'CP Huaylla Huaylla']",2023,1,2023-S1
Grupo_1853,Activo,2023-02-28,Las Bambas,Las Bambas,"['Provincia de Paruro', 'Distrito Paccarectambo', 'Distrito Yaurisque', 'Distrito Ccapi', 'Distrito Huanoquite']",CUSCO,"['Paruro', 'Paccarectambo', 'Yaurisque', 'Ccapi', 'Huanoquite']",2023,1,2023-S1
Grupo_1421,Activo,2023-02-28,Antapaccay,Antapaccay,['Provincia de Espinar'],CUSCO,['Espinar'],2023,1,2023-S1
Grupo_2246,Activo,2023-02-28,Toromocho,Chinalco,['CP San Francisco de Asís de Pucará'],JUNÍN,['San Francisco de Asis de Pucara'],2023,1,2023-S1
Grupo_606,Activo,2023-02-28,Toromocho,Chinalco,"['CP Morococha', 'CP Nueva Ciudad Morococha']",JUNÍN,"['CP Morococha', 'CP Morococha']",2023,1,2023-S1
Grupo_2057,Activo,2023-02-28,Chungar,Volcan,['CP Cullhuay'],LIMA PROVINCIAS,['CP Cullhuay'],2023,1,2023-S1
Grupo_1867,Activo,2023-02-28,Quellaveco,Angloamerican,['CP Tumilaca'],MOQUEGUA,['CP Tumilaca'],2023,1,2023-S1
Grupo_2257,Activo,2023-02-28,Atacocha,Nexa Resources,['CC Chinchán'],PASCO,['CC Chinchán'],2023,1,2023-S1
Grupo_2258,Activo,2023-02-28,Atacocha,Nexa Resources,['CP Machcan'],PASCO,['CP Machcan'],2023,1,2023-S1
Grupo_1814,Activo,2023-02-28,Atacocha,Nexa Resources,['CP San Juan de Milpo'],PASCO,['CP San Juan de Milpo'],2023,1,2023-S1
Grupo_1897,Activo,2023-05-31,Antamina,Antamina,['CC Aquia'],ÁNCASH,['CC Aquia'],2023,1,2023-S1
Grupo_2227,Activo,2023-05-31,Antamina,Antamina,"['CP Carhuayoc', 'CP Pichiu Quinuaragra']",ÁNCASH,"['CP Carhuayoc', 'CP Pichiu Quinhuaragra']",2023,1,2023-S1
Grupo_481,Activo,2023-05-31,Antamina,Antamina,"['CP Ayash Pichiú', 'CP Santa Cruz Pichiú']",ÁNCASH,"['CP Ayash Pichiu', 'Santa Cruz Pichiu']",2023,1,2023-S1
Grupo_1901,Activo,2023-05-31,Las Bambas,Las Bambas,['CC Carmen Alto de Chalhuahuacho'],APURÍMAC,['Chalhuahuacho'],2023,1,2023-S1
Grupo_1902,Activo,2023-05-31,Las Bambas,Las Bambas,['CC Chuicuni'],APURÍMAC,['CC Chuicuni'],2023,1,2023-S1
Grupo_1903,Activo,2023-05-31,Las Bambas,Las Bambas,['CC Chila'],APURÍMAC,['CC Chila'],2023,1,2023-S1
Grupo_2228,Activo,2023-05-31,Las Bambas,Las Bambas,['CC Choaquere'],APURÍMAC,['CC Choaquere'],2023,1,2023-S1
Grupo_1904,Activo,2023-05-31,Las Bambas,Las Bambas,['CC Huancuire'],APURÍMAC,['CC Huancuire'],2023,1,2023-S1
Grupo_2229,Activo,2023-05-31,Las Bambas,Las Bambas,['CC Pumamarca'],APURÍMAC,['CC Pumamarca'],2023,1,2023-S1
Grupo_1854,Activo,2023-05-31,Las Bambas,Las Bambas,['CP Fuerabamba'],CUSCO,['CP Fuerabamba'],2023,1,2023-S1
Grupo_1237,Activo,2023-05-31,Las Bambas,Las Bambas,"['CP Tambulla', 'Distrito Chalhuahuacho']",APURÍMAC,"['CP Tambulla', 'Chalhuahuacho']",2023,1,2023-S1
Grupo_1251,Activo,2023-05-31,Cerro Corona,Gold Fields,['Distrito de Hualgayoc'],CAJAMARCA,['Hualgayoc'],2023,1,2023-S1
Grupo_1924,Activo,2023-05-31,Las Bambas,Las Bambas,['Distrito de Coporaque'],CUSCO,['Coporaque'],2023,1,2023-S1
Grupo_2238,Activo,2023-05-31,Las Bambas,Las Bambas,['CC Urinsaya'],CUSCO,['CC Urinsaya'],2023,1,2023-S1
Grupo_1927,Activo,2023-05-31,Las Bambas,Las Bambas,"['CC Huininquiri', 'CC Cancahuani', 'CC Lacca-lacca Yanque Parcobamba', 'CC Cruzpampa', 'CC Idiopa-Ñaupa-Japo Urinsaya']",CUSCO,"['Chumbivilcas', 'Cancahuani', 'Colquemarca', 'CC Cruzpampa', 'Colquemarca']",2023,1,2023-S1
Grupo_1889,Activo,2023-05-31,Antapaccay,Antapaccay,"['Distrito de Pallpata', 'Huacroyuta Marquiri', 'Huarcapata', 'Chorrillo', 'Antacama', 'Pallpata', 'Canlletera', 'Cruz Pampa', 'Pirhuayani', 'Mamanocca', 'Jaruma Alccasana', 'Distrito de Alto Pichigua', 'Distrito de Pichigua Pichigua', 'Distrito de Condorama', 'Distrito de Ocoruro']",CUSCO,"['Pallpata', 'Pallpata', 'Huarcapata', 'Chorrillo', 'Atacama', 'Pallpata', 'Pallpata', 'Cruz Pampa', 'Pirhuayani', 'Mamanocca', 'Pallpata', 'Alto Pichigua', 'Pichigua Pichigua', 'Condorama', 'Ocoruro']",2023,1,2023-S1
Grupo_1885,Activo,2023-05-31,Antapaccay,Glencore,"['CC Huano Huano', 'CC Cala Cala', 'CC Huisa', 'CC Paco Pata', 'CC Tintaya Marquiri', 'CC Alto Huancané', 'CC Huancané Bajo', 'CC Alto Huarca', 'CC Huarca', 'CC Anta Ccollana', 'CC Huisa Ccollana', 'CC Huini Coroccohuayco']",CUSCO,"['CC Huano Huano', 'CC Cala Cala', 'CC Huisa', 'Pacopata', 'Tintaya Marquiri', 'Alto Huancane', 'Huancane Bajo', 'CC Alto Huarca', 'CC Huarca', 'Anta Ccollana', 'Espinar', 'Espinar']",2023,1,2023-S1
Grupo_1852,Activo,2023-05-31,Las Bambas,Las Bambas,"['Provincia de Chumbivilcas', 'Distrito de Velille', 'Distrito de Capacmarca', 'Distrito de Quiñota', 'Distrito de Chamaca', 'Distrito de Livitaca', 'Distrito de Llusco', 'CP Huaylla Huaylla']",CUSCO,"['Chumbivilcas', 'Velille', 'Capacmarca', 'Quiñota', 'Chamaca', 'Livitaca', 'Llusco', 'CP Huaylla Huaylla']",2023,1,2023-S1
Grupo_1853,Activo,2023-05-31,Las Bambas,Las Bambas,"['Provincia de Paruro', 'Distrito Paccarectambo', 'Distrito Yaurisque', 'Distrito Ccapi', 'Distrito Huanoquite']",CUSCO,"['Paruro', 'Paccarectambo', 'Yaurisque', 'Ccapi', 'Huanoquite']",2023,1,2023-S1
Grupo_1421,Activo,2023-05-31,Antapaccay,Antapaccay,['Provincia de Espinar'],CUSCO,['Espinar'],2023,1,2023-S1
Grupo_2246,Activo,2023-05-31,Toromocho,Chinalco,['CP San Francisco de Asís de Pucará'],JUNÍN,['San Francisco de Asis de Pucara'],2023,1,2023-S1
Grupo_606,Activo,2023-05-31,Toromocho,Chinalco,"['CP Morococha', 'CP Nueva Ciudad Morococha']",JUNÍN,"['CP Morococha', 'CP Morococha']",2023,1,2023-S1
Grupo_2057,Activo,2023-05-31,Chungar,Volcan,['CP Cullhuay'],LIMA PROVINCIAS,['CP Cullhuay'],2023,1,2023-S1
Grupo_1867,Activo,2023-05-31,Quellaveco,Angloamerican,['CP Tumilaca'],MOQUEGUA,['CP Tumilaca'],2023,1,2023-S1
Grupo_2256,Activo,2023-05-31,Atacocha,Nexa Resources,['CP Joraoniyoc'],PASCO,['Joraoniyoc'],2023,1,2023-S1
Grupo_2257,Activo,2023-05-31,Atacocha,Nexa Resources,['CC Chinchán'],PASCO,['CC Chinchán'],2023,1,2023-S1
Grupo_2258,Activo,2023-05-31,Atacocha,Nexa Resources,['CP Machcan'],PASCO,['CP Machcan'],2023,1,2023-S1
Grupo_1814,Activo,2023-05-31,Atacocha,Nexa Resources,['CP San Juan de Milpo'],PASCO,['CP San Juan de Milpo'],2023,1,2023-S1
Grupo_1897,Activo,2023-06-30,Antamina,Antamina,['CC Aquia'],ÁNCASH,['CC Aquia'],2023,1,2023-S1
Grupo_2227,Activo,2023-06-30,Antamina,Antamina,"['CP Carhuayoc', 'CP Pichiu Quinuaragra']",ÁNCASH,"['CP Carhuayoc', 'CP Pichiu Quinhuaragra']",2023,1,2023-S1
Grupo_481,Activo,2023-06-30,Antamina,Antamina,"['CP Ayash Pichiú', 'CP Santa Cruz Pichiú']",ÁNCASH,"['CP Ayash Pichiu', 'Santa Cruz Pichiu']",2023,1,2023-S1
Grupo_1901,Activo,2023-06-30,Las Bambas,Las Bambas,['CC Carmen Alto de Chalhuahuacho'],APURÍMAC,['Chalhuahuacho'],2023,1,2023-S1
Grupo_1902,Activo,2023-06-30,Las Bambas,Las Bambas,['CC Chuicuni'],APURÍMAC,['CC Chuicuni'],2023,1,2023-S1
Grupo_1903,Activo,2023-06-30,Las Bambas,Las Bambas,['CC Chila'],APURÍMAC,['CC Chila'],2023,1,2023-S1
Grupo_2228,Activo,2023-06-30,Las Bambas,Las Bambas,['CC Choaquere'],APURÍMAC,['CC Choaquere'],2023,1,2023-S1
Grupo_1904,Activo,2023-06-30,Las Bambas,Las Bambas,['CC Huancuire'],APURÍMAC,['CC Huancuire'],2023,1,2023-S1
Grupo_2229,Activo,2023-06-30,Las Bambas,Las Bambas,['CC Pumamarca'],APURÍMAC,['CC Pumamarca'],2023,1,2023-S1
Grupo_1854,Activo,2023-06-30,Las Bambas,Las Bambas,['CP Fuerabamba'],CUSCO,['CP Fuerabamba'],2023,1,2023-S1
Grupo_1237,Activo,2023-06-30,Las Bambas,Las Bambas,"['CP Tambulla', 'Distrito Chalhuahuacho']",APURÍMAC,"['CP Tambulla', 'Chalhuahuacho']",2023,1,2023-S1
Grupo_1251,Activo,2023-06-30,Cerro Corona,Gold Fields,['Distrito de Hualgayoc'],CAJAMARCA,['Hualgayoc'],2023,1,2023-S1
Grupo_1924,Activo,2023-06-30,Las Bambas,Las Bambas,['Distrito de Coporaque'],CUSCO,['Coporaque'],2023,1,2023-S1
Grupo_2238,Activo,2023-06-30,Las Bambas,Las Bambas,['CC Urinsaya'],CUSCO,['CC Urinsaya'],2023,1,2023-S1
Grupo_1927,Activo,2023-06-30,Las Bambas,Las Bambas,"['CC Huininquiri', 'CC Cancahuani', 'CC Lacca-lacca Yanque Parcobamba', 'CC Cruzpampa', 'CC Idiopa-Ñaupa-Japo Urinsaya']",CUSCO,"['Chumbivilcas', 'Cancahuani', 'Colquemarca', 'CC Cruzpampa', 'Colquemarca']",2023,1,2023-S1
Grupo_1889,Activo,2023-06-30,Antapaccay,Antapaccay,"['Distrito de Pallpata', 'Huacroyuta Marquiri', 'Huarcapata', 'Chorrillo', 'Antacama', 'Pallpata', 'Canlletera', 'Cruz Pampa', 'Pirhuayani', 'Mamanocca', 'Jaruma Alccasana', 'Distrito de Alto Pichigua', 'Distrito de Pichigua Pichigua', 'Distrito de Condorama', 'Distrito de Ocoruro']",CUSCO,"['Pallpata', 'Pallpata', 'Huarcapata', 'Chorrillo', 'Atacama', 'Pallpata', 'Pallpata', 'Cruz Pampa', 'Pirhuayani', 'Mamanocca', 'Pallpata', 'Alto Pichigua', 'Pichigua Pichigua', 'Condorama', 'Ocoruro']",2023,1,2023-S1
Grupo_1885,Activo,2023-06-30,Antapaccay,Glencore,"['CC Huano Huano', 'CC Cala Cala', 'CC Huisa', 'CC Paco Pata', 'CC Tintaya Marquiri', 'CC Alto Huancané', 'CC Huancané Bajo', 'CC Alto Huarca', 'CC Huarca', 'CC Anta Ccollana', 'CC Huisa Ccollana', 'CC Huini Coroccohuayco']",CUSCO,"['CC Huano Huano', 'CC Cala Cala', 'CC Huisa', 'Pacopata', 'Tintaya Marquiri', 'Alto Huancane', 'Huancane Bajo', 'CC Alto Huarca', 'CC Huarca', 'Anta Ccollana', 'Espinar', 'Espinar']",2023,1,2023-S1
Grupo_1852,Activo,2023-06-30,Las Bambas,Las Bambas,"['Provincia de Chumbivilcas', 'Distrito de Velille', 'Distrito de Capacmarca', 'Distrito de Quiñota', 'Distrito de Chamaca', 'Distrito de Livitaca', 'Distrito de Llusco', 'CP Huaylla Huaylla']",CUSCO,"['Chumbivilcas', 'Velille', 'Capacmarca', 'Quiñota', 'Chamaca', 'Livitaca', 'Llusco', 'CP Huaylla Huaylla']",2023,1,2023-S1
Grupo_1853,Activo,2023-06-30,Las Bambas,Las Bambas,"['Provincia de Paruro', 'Distrito Paccarectambo', 'Distrito Yaurisque', 'Distrito Ccapi', 'Distrito Huanoquite']",CUSCO,"['Paruro', 'Paccarectambo', 'Yaurisque', 'Ccapi', 'Huanoquite']",2023,1,2023-S1
Grupo_1421,Activo,2023-06-30,Antapaccay,Antapaccay,['Provincia de Espinar'],CUSCO,['Espinar'],2023,1,2023-S1
Grupo_2246,Activo,2023-06-30,Toromocho,Chinalco,['CP San Francisco de Asís de Pucará'],JUNÍN,['San Francisco de Asis de Pucara'],2023,1,2023-S1
Grupo_606,Activo,2023-06-30,Toromocho,Chinalco,"['CP Morococha', 'CP Nueva Ciudad Morococha']",JUNÍN,"['CP Morococha', 'CP Morococha']",2023,1,2023-S1
Grupo_2057,Activo,2023-06-30,Chungar,Volcan,['CP Cullhuay'],LIMA PROVINCIAS,['CP Cullhuay'],2023,1,2023-S1
Grupo_1867,Activo,2023-06-30,Quellaveco,Angloamerican,['CP Tumilaca'],MOQUEGUA,['CP Tumilaca'],2023,1,2023-S1
Grupo_2256,Activo,2023-06-30,Atacocha,Nexa Resources,['CP Joraoniyoc'],PASCO,['Joraoniyoc'],2023,1,2023-S1
Grupo_2257,Activo,2023-06-30,Atacocha,Nexa Resources,['CC Chinchán'],PASCO,['CC Chinchán'],2023,1,2023-S1
Grupo_2258,Activo,2023-06-30,Atacocha,Nexa Resources,['CP Machcan'],PASCO,['CP Machcan'],2023,1,2023-S1
Grupo_1814,Activo,2023-06-30,Atacocha,Nexa Resources,['CP San Juan de Milpo'],PASCO,['CP San Juan de Milpo'],2023,1,2023-S1
Grupo_1897,Activo,2023-07-31,Antamina,Antamina,['CC Aquia'],ÁNCASH,['CC Aquia'],2023,2,2023-S2
Grupo_2227,Activo,2023-07-31,Antamina,Antamina,"['CP Carhuayoc', 'CP Pichiu Quinuaragra']",ÁNCASH,"['CP Carhuayoc', 'CP Pichiu Quinhuaragra']",2023,2,2023-S2
Grupo_481,Activo,2023-07-31,Antamina,Antamina,"['CP Ayash Pichiú', 'CP Santa Cruz Pichiú']",ÁNCASH,"['CP Ayash Pichiu', 'Santa Cruz Pichiu']",2023,2,2023-S2
Grupo_1901,Activo,2023-07-31,Las Bambas,Las Bambas,['CC Carmen Alto de Chalhuahuacho'],APURÍMAC,['Chalhuahuacho'],2023,2,2023-S2
Grupo_1902,Activo,2023-07-31,Las Bambas,Las Bambas,['CC Chuicuni'],APURÍMAC,['CC Chuicuni'],2023,2,2023-S2
Grupo_1903,Activo,2023-07-31,Las Bambas,Las Bambas,['CC Chila'],APURÍMAC,['CC Chila'],2023,2,2023-S2
Grupo_2228,Activo,2023-07-31,Las Bambas,Las Bambas,['CC Choaquere'],APURÍMAC,['CC Choaquere'],2023,2,2023-S2
Grupo_1904,Activo,2023-07-31,Las Bambas,Las Bambas,['CC Huancuire'],APURÍMAC,['CC Huancuire'],2023,2,2023-S2
Grupo_2229,Activo,2023-07-31,Las Bambas,Las Bambas,['CC Pumamarca'],APURÍMAC,['CC Pumamarca'],2023,2,2023-S2
Grupo_1854,Activo,2023-07-31,Las Bambas,Las Bambas,['CP Fuerabamba'],CUSCO,['CP Fuerabamba'],2023,2,2023-S2
Grupo_1237,Activo,2023-07-31,Las Bambas,Las Bambas,"['CP Tambulla', 'Distrito Chalhuahuacho']",APURÍMAC,"['CP Tambulla', 'Chalhuahuacho']",2023,2,2023-S2
Grupo_1921,Activo,2023-07-31,Yanacocha,Newmont,"['CP CARHUAQUERO', 'CP Otuzco']",CAJAMARCA,"['CP CARHUAQUERO', 'CP Otuzco']",2023,2,2023-S2
Grupo_1251,Activo,2023-07-31,Cerro Corona,Gold Fields,['Distrito de Hualgayoc'],CAJAMARCA,['Hualgayoc'],2023,2,2023-S2
Grupo_1924,Activo,2023-07-31,Las Bambas,Las Bambas,['Distrito de Coporaque'],CUSCO,['Coporaque'],2023,2,2023-S2
Grupo_2238,Activo,2023-07-31,Las Bambas,Las Bambas,['CC Urinsaya'],CUSCO,['CC Urinsaya'],2023,2,2023-S2
Grupo_1927,Activo,2023-07-31,Las Bambas,Las Bambas,"['CC Huininquiri', 'CC Cancahuani', 'CC Lacca-lacca Yanque Parcobamba', 'CC Cruzpampa', 'CC Idiopa-Ñaupa-Japo Urinsaya']",CUSCO,"['Chumbivilcas', 'Cancahuani', 'Colquemarca', 'CC Cruzpampa', 'Colquemarca']",2023,2,2023-S2
Grupo_1889,Activo,2023-07-31,Antapaccay,Antapaccay,"['Distrito de Pallpata', 'Huacroyuta Marquiri', 'Huarcapata', 'Chorrillo', 'Antacama', 'Pallpata', 'Canlletera', 'Cruz Pampa', 'Pirhuayani', 'Mamanocca', 'Jaruma Alccasana', 'Distrito de Alto Pichigua', 'Distrito de Pichigua Pichigua', 'Distrito de Condorama', 'Distrito de Ocoruro']",CUSCO,"['Pallpata', 'Pallpata', 'Huarcapata', 'Chorrillo', 'Atacama', 'Pallpata', 'Pallpata', 'Cruz Pampa', 'Pirhuayani', 'Mamanocca', 'Pallpata', 'Alto Pichigua', 'Pichigua Pichigua', 'Condorama', 'Ocoruro']",2023,2,2023-S2
Grupo_1885,Activo,2023-07-31,Antapaccay,Glencore,"['CC Huano Huano', 'CC Cala Cala', 'CC Huisa', 'CC Paco Pata', 'CC Tintaya Marquiri', 'CC Alto Huancané', 'CC Huancané Bajo', 'CC Alto Huarca', 'CC Huarca', 'CC Anta Ccollana', 'CC Huisa Ccollana', 'CC Huini Coroccohuayco']",CUSCO,"['CC Huano Huano', 'CC Cala Cala', 'CC Huisa', 'Pacopata', 'Tintaya Marquiri', 'Alto Huancane', 'Huancane Bajo', 'CC Alto Huarca', 'CC Huarca', 'Anta Ccollana', 'Espinar', 'Espinar']",2023,2,2023-S2
Grupo_1852,Activo,2023-07-31,Las Bambas,Las Bambas,"['Provincia de Chumbivilcas', 'Distrito de Velille', 'Distrito de Capacmarca', 'Distrito de Quiñota', 'Distrito de Chamaca', 'Distrito de Livitaca', 'Distrito de Llusco', 'CP Huaylla Huaylla']",CUSCO,"['Chumbivilcas', 'Velille', 'Capacmarca', 'Quiñota', 'Chamaca', 'Livitaca', 'Llusco', 'CP Huaylla Huaylla']",2023,2,2023-S2
Grupo_1853,Activo,2023-07-31,Las Bambas,Las Bambas,"['Provincia de Paruro', 'Distrito Paccarectambo', 'Distrito Yaurisque', 'Distrito Ccapi', 'Distrito Huanoquite']",CUSCO,"['Paruro', 'Paccarectambo', 'Yaurisque', 'Ccapi', 'Huanoquite']",2023,2,2023-S2
Grupo_1421,Activo,2023-07-31,Antapaccay,Antapaccay,['Provincia de Espinar'],CUSCO,['Espinar'],2023,2,2023-S2
Grupo_2246,Activo,2023-07-31,Toromocho,Chinalco,['CP San Francisco de Asís de Pucará'],JUNÍN,['San Francisco de Asis de Pucara'],2023,2,2023-S2
Grupo_606,Activo,2023-07-31,Toromocho,Chinalco,"['CP Morococha', 'CP Nueva Ciudad Morococha']",JUNÍN,"['CP Morococha', 'CP Morococha']",2023,2,2023-S2
Grupo_2057,Activo,2023-07-31,Chungar,Volcan,['CP Cullhuay'],LIMA PROVINCIAS,['CP Cullhuay'],2023,2,2023-S2
Grupo_1867,Activo,2023-07-31,Quellaveco,Angloamerican,['CP Tumilaca'],MOQUEGUA,['CP Tumilaca'],2023,2,2023-S2
Grupo_2256,Activo,2023-07-31,Atacocha,Nexa Resources,['CP Joraoniyoc'],PASCO,['Joraoniyoc'],2023,2,2023-S2
Grupo_2257,Activo,2023-07-31,Atacocha,Nexa Resources,['CC Chinchán'],PASCO,['CC Chinchán'],2023,2,2023-S2
Grupo_2258,Activo,2023-07-31,Atacocha,Nexa Resources,['CP Machcan'],PASCO,['CP Machcan'],2023,2,2023-S2
Grupo_1814,Activo,2023-07-31,Atacocha,Nexa Resources,['CP San Juan de Milpo'],PASCO,['CP San Juan de Milpo'],2023,2,2023-S2
Grupo_1897,Activo,2023-08-31,Antamina,Antamina,['CC Aquia'],ÁNCASH,['CC Aquia'],2023,2,2023-S2
Grupo_2227,Activo,2023-08-31,Antamina,Antamina,"['CP Carhuayoc', 'CP Pichiu Quinuaragra']",ÁNCASH,"['CP Carhuayoc', 'CP Pichiu Quinhuaragra']",2023,2,2023-S2
Grupo_481,Activo,2023-08-31,Antamina,Antamina,"['CP Ayash Pichiú', 'CP Santa Cruz Pichiú']",ÁNCASH,"['CP Ayash Pichiu', 'Santa Cruz Pichiu']",2023,2,2023-S2
Grupo_1901,Activo,2023-08-31,Las Bambas,Las Bambas,['CC Carmen Alto de Chalhuahuacho'],APURÍMAC,['Chalhuahuacho'],2023,2,2023-S2
Grupo_1902,Activo,2023-08-31,Las Bambas,Las Bambas,['CC Chuicuni'],APURÍMAC,['CC Chuicuni'],2023,2,2023-S2
Grupo_1903,Activo,2023-08-31,Las Bambas,Las Bambas,['CC Chila'],APURÍMAC,['CC Chila'],2023,2,2023-S2
Grupo_2228,Activo,2023-08-31,Las Bambas,Las Bambas,['CC Choaquere'],APURÍMAC,['CC Choaquere'],2023,2,2023-S2
Grupo_1904,Activo,2023-08-31,Las Bambas,Las Bambas,['CC Huancuire'],APURÍMAC,['CC Huancuire'],2023,2,2023-S2
Grupo_2229,Activo,2023-08-31,Las Bambas,Las Bambas,['CC Pumamarca'],APURÍMAC,['CC Pumamarca'],2023,2,2023-S2
Grupo_1854,Activo,2023-08-31,Las Bambas,Las Bambas,['CP Fuerabamba'],CUSCO,['CP Fuerabamba'],2023,2,2023-S2
Grupo_1237,Activo,2023-08-31,Las Bambas,Las Bambas,"['CP Tambulla', 'Distrito Chalhuahuacho']",APURÍMAC,"['CP Tambulla', 'Chalhuahuacho']",2023,2,2023-S2
Grupo_1921,Activo,2023-08-31,Yanacocha,Newmont,"['CP CARHUAQUERO', 'CP Otuzco']",CAJAMARCA,"['CP CARHUAQUERO', 'CP Otuzco']",2023,2,2023-S2
Grupo_1251,Activo,2023-08-31,Cerro Corona,Gold Fields,['Distrito de Hualgayoc'],CAJAMARCA,['Hualgayoc'],2023,2,2023-S2
Grupo_1924,Activo,2023-08-31,Las Bambas,Las Bambas,['Distrito de Coporaque'],CUSCO,['Coporaque'],2023,2,2023-S2
Grupo_2238,Activo,2023-08-31,Las Bambas,Las Bambas,['CC Urinsaya'],CUSCO,['CC Urinsaya'],2023,2,2023-S2
Grupo_1927,Activo,2023-08-31,Las Bambas,Las Bambas,"['CC Huininquiri', 'CC Cancahuani', 'CC Lacca-lacca Yanque Parcobamba', 'CC Cruzpampa', 'CC Idiopa-Ñaupa-Japo Urinsaya']",CUSCO,"['Chumbivilcas', 'Cancahuani', 'Colquemarca', 'CC Cruzpampa', 'Colquemarca']",2023,2,2023-S2
Grupo_1889,Activo,2023-08-31,Antapaccay,Antapaccay,"['Distrito de Pallpata', 'Huacroyuta Marquiri', 'Huarcapata', 'Chorrillo', 'Antacama', 'Pallpata', 'Canlletera', 'Cruz Pampa', 'Pirhuayani', 'Mamanocca', 'Jaruma Alccasana', 'Distrito de Alto Pichigua', 'Distrito de Pichigua Pichigua', 'Distrito de Condorama', 'Distrito de Ocoruro']",CUSCO,"['Pallpata', 'Pallpata', 'Huarcapata', 'Chorrillo', 'Atacama', 'Pallpata', 'Pallpata', 'Cruz Pampa', 'Pirhuayani', 'Mamanocca', 'Pallpata', 'Alto Pichigua', 'Pichigua Pichigua', 'Condorama', 'Ocoruro']",2023,2,2023-S2
Grupo_1885,Activo,2023-08-31,Antapaccay,Glencore,"['CC Huano Huano', 'CC Cala Cala', 'CC Huisa', 'CC Paco Pata', 'CC Tintaya Marquiri', 'CC Alto Huancané', 'CC Huancané Bajo', 'CC Alto Huarca', 'CC Huarca', 'CC Anta Ccollana', 'CC Huisa Ccollana', 'CC Huini Coroccohuayco']",CUSCO,"['CC Huano Huano', 'CC Cala Cala', 'CC Huisa', 'Pacopata', 'Tintaya Marquiri', 'Alto Huancane', 'Huancane Bajo', 'CC Alto Huarca', 'CC Huarca', 'Anta Ccollana', 'Espinar', 'Espinar']",2023,2,2023-S2
Grupo_1852,Activo,2023-08-31,Las Bambas,Las Bambas,"['Provincia de Chumbivilcas', 'Distrito de Velille', 'Distrito de Capacmarca', 'Distrito de Quiñota', 'Distrito de Chamaca', 'Distrito de Livitaca', 'Distrito de Llusco', 'CP Huaylla Huaylla']",CUSCO,"['Chumbivilcas', 'Velille', 'Capacmarca', 'Quiñota', 'Chamaca', 'Livitaca', 'Llusco', 'CP Huaylla Huaylla']",2023,2,2023-S2
Grupo_1853,Activo,2023-08-31,Las Bambas,Las Bambas,"['Provincia de Paruro', 'Distrito Paccarectambo', 'Distrito Yaurisque', 'Distrito Ccapi', 'Distrito Huanoquite']",CUSCO,"['Paruro', 'Paccarectambo', 'Yaurisque', 'Ccapi', 'Huanoquite']",2023,2,2023-S2
Grupo_1421,Activo,2023-08-31,Antapaccay,Antapaccay,['Provincia de Espinar'],CUSCO,['Espinar'],2023,2,2023-S2
Grupo_2246,Activo,2023-08-31,Toromocho,Chinalco,['CP San Francisco de Asís de Pucará'],JUNÍN,['San Francisco de Asis de Pucara'],2023,2,2023-S2
Grupo_606,Activo,2023-08-31,Toromocho,Chinalco,"['CP Morococha', 'CP Nueva Ciudad Morococha']",JUNÍN,"['CP Morococha', 'CP Morococha']",2023,2,2023-S2
Grupo_2057,Activo,2023-08-31,Chungar,Volcan,['CP Cullhuay'],LIMA PROVINCIAS,['CP Cullhuay'],2023,2,2023-S2
Grupo_1867,Activo,2023-08-31,Quellaveco,Angloamerican,['CP Tumilaca'],MOQUEGUA,['CP Tumilaca'],2023,2,2023-S2
Grupo_2256,Activo,2023-08-31,Atacocha,Nexa Resources,['CP Joraoniyoc'],PASCO,['Joraoniyoc'],2023,2,2023-S2
Grupo_2257,Activo,2023-08-31,Atacocha,Nexa Resources,['CC Chinchán'],PASCO,['CC Chinchán'],2023,2,2023-S2
Grupo_2258,Activo,2023-08-31,Atacocha,Nexa Resources,['CP Machcan'],PASCO,['CP Machcan'],2023,2,2023-S2
Grupo_1814,Activo,2023-08-31,Atacocha,Nexa Resources,['CP San Juan de Milpo'],PASCO,['CP San Juan de Milpo'],2023,2,2023-S2
Grupo_1897,Activo,2023-09-30,Antamina,Antamina,['CC Aquia'],ÁNCASH,['CC Aquia'],2023,2,2023-S2
Grupo_2227,Activo,2023-09-30,Antamina,Antamina,"['CP Carhuayoc', 'CP Pichiu Quinuaragra']",ÁNCASH,"['CP Carhuayoc', 'CP Pichiu Quinhuaragra']",2023,2,2023-S2
Grupo_481,Activo,2023-09-30,Antamina,Antamina,"['CP Ayash Pichiú', 'CP Santa Cruz Pichiú']",ÁNCASH,"['CP Ayash Pichiu', 'Santa Cruz Pichiu']",2023,2,2023-S2
Grupo_1901,Activo,2023-09-30,Las Bambas,Las Bambas,['CC Carmen Alto de Chalhuahuacho'],APURÍMAC,['Chalhuahuacho'],2023,2,2023-S2
Grupo_1902,Activo,2023-09-30,Las Bambas,Las Bambas,['CC Chuicuni'],APURÍMAC,['CC Chuicuni'],2023,2,2023-S2
Grupo_1903,Activo,2023-09-30,Las Bambas,Las Bambas,['CC Chila'],APURÍMAC,['CC Chila'],2023,2,2023-S2
Grupo_2228,Activo,2023-09-30,Las Bambas,Las Bambas,['CC Choaquere'],APURÍMAC,['CC Choaquere'],2023,2,2023-S2
Grupo_1904,Activo,2023-09-30,Las Bambas,Las Bambas,['CC Huancuire'],APURÍMAC,['CC Huancuire'],2023,2,2023-S2
Grupo_2229,Activo,2023-09-30,Las Bambas,Las Bambas,['CC Pumamarca'],APURÍMAC,['CC Pumamarca'],2023,2,2023-S2
Grupo_1854,Activo,2023-09-30,Las Bambas,Las Bambas,['CP Fuerabamba'],CUSCO,['CP Fuerabamba'],2023,2,2023-S2
Grupo_1237,Activo,2023-09-30,Las Bambas,Las Bambas,"['CP Tambulla', 'Distrito Chalhuahuacho']",APURÍMAC,"['CP Tambulla', 'Chalhuahuacho']",2023,2,2023-S2
Grupo_1921,Activo,2023-09-30,Yanacocha,Newmont,"['CP CARHUAQUERO', 'CP Otuzco']",CAJAMARCA,"['CP CARHUAQUERO', 'CP Otuzco']",2023,2,2023-S2
Grupo_1251,Activo,2023-09-30,Cerro Corona,Gold Fields,['Distrito de Hualgayoc'],CAJAMARCA,['Hualgayoc'],2023,2,2023-S2
Grupo_1924,Activo,2023-09-30,Las Bambas,Las Bambas,['Distrito de Coporaque'],CUSCO,['Coporaque'],2023,2,2023-S2
Grupo_2238,Activo,2023-09-30,Las Bambas,Las Bambas,['CC Urinsaya'],CUSCO,['CC Urinsaya'],2023,2,2023-S2
Grupo_1927,Activo,2023-09-30,Las Bambas,Las Bambas,"['CC Huininquiri', 'CC Cancahuani', 'CC Lacca-lacca Yanque Parcobamba', 'CC Cruzpampa', 'CC Idiopa-Ñaupa-Japo Urinsaya']",CUSCO,"['Chumbivilcas', 'Cancahuani', 'Colquemarca', 'CC Cruzpampa', 'Colquemarca']",2023,2,2023-S2
Grupo_1889,Activo,2023-09-30,Antapaccay,Antapaccay,"['Distrito de Pallpata', 'Huacroyuta Marquiri', 'Huarcapata', 'Chorrillo', 'Antacama', 'Pallpata', 'Canlletera', 'Cruz Pampa', 'Pirhuayani', 'Mamanocca', 'Jaruma Alccasana', 'Distrito de Alto Pichigua', 'Distrito de Pichigua Pichigua', 'Distrito de Condorama', 'Distrito de Ocoruro']",CUSCO,"['Pallpata', 'Pallpata', 'Huarcapata', 'Chorrillo', 'Atacama', 'Pallpata', 'Pallpata', 'Cruz Pampa', 'Pirhuayani', 'Mamanocca', 'Pallpata', 'Alto Pichigua', 'Pichigua Pichigua', 'Condorama', 'Ocoruro']",2023,2,2023-S2
Grupo_1885,Activo,2023-09-30,Antapaccay,Glencore,"['CC Huano Huano', 'CC Cala Cala', 'CC Huisa', 'CC Paco Pata', 'CC Tintaya Marquiri', 'CC Alto Huancané', 'CC Huancané Bajo', 'CC Alto Huarca', 'CC Huarca', 'CC Anta Ccollana', 'CC Huisa Ccollana', 'CC Huini Coroccohuayco']",CUSCO,"['CC Huano Huano', 'CC Cala Cala', 'CC Huisa', 'Pacopata', 'Tintaya Marquiri', 'Alto Huancane', 'Huancane Bajo', 'CC Alto Huarca', 'CC Huarca', 'Anta Ccollana', 'Espinar', 'Espinar']",2023,2,2023-S2
Grupo_1852,Activo,2023-09-30,Las Bambas,Las Bambas,"['Provincia de Chumbivilcas', 'Distrito de Velille', 'Distrito de Capacmarca', 'Distrito de Quiñota', 'Distrito de Chamaca', 'Distrito de Livitaca', 'Distrito de Llusco', 'CP Huaylla Huaylla']",CUSCO,"['Chumbivilcas', 'Velille', 'Capacmarca', 'Quiñota', 'Chamaca', 'Livitaca', 'Llusco', 'CP Huaylla Huaylla']",2023,2,2023-S2
Grupo_1853,Activo,2023-09-30,Las Bambas,Las Bambas,"['Provincia de Paruro', 'Distrito Paccarectambo', 'Distrito Yaurisque', 'Distrito Ccapi', 'Distrito Huanoquite']",CUSCO,"['Paruro', 'Paccarectambo', 'Yaurisque', 'Ccapi', 'Huanoquite']",2023,2,2023-S2
Grupo_1421,Activo,2023-09-30,Antapaccay,Antapaccay,['Provincia de Espinar'],CUSCO,['Espinar'],2023,2,2023-S2
Grupo_1939,Activo,2023-09-30,Antamina,Antamina,['Distrito de Llata'],HUÁNUCO,['Llata'],2023,2,2023-S2
Grupo_2246,Activo,2023-09-30,Toromocho,Chinalco,['CP San Francisco de Asís de Pucará'],JUNÍN,['San Francisco de Asis de Pucara'],2023,2,2023-S2
Grupo_606,Activo,2023-09-30,Toromocho,Chinalco,"['CP Morococha', 'CP Nueva Ciudad Morococha']",JUNÍN,"['CP Morococha', 'CP Morococha']",2023,2,2023-S2
Grupo_2057,Activo,2023-09-30,Chungar,Volcan,['CP Cullhuay'],LIMA PROVINCIAS,['CP Cullhuay'],2023,2,2023-S2
Grupo_1867,Activo,2023-09-30,Quellaveco,Angloamerican,['CP Tumilaca'],MOQUEGUA,['CP Tumilaca'],2023,2,2023-S2
Grupo_2257,Activo,2023-09-30,Atacocha,Nexa Resources,['CC Chinchán'],PASCO,['CC Chinchán'],2023,2,2023-S2
Grupo_1814,Activo,2023-09-30,Atacocha,Nexa Resources,['CP San Juan de Milpo'],PASCO,['CP San Juan de Milpo'],2023,2,2023-S2
Grupo_1897,Activo,2023-10-31,Antamina,Antamina,['CC Aquia'],ÁNCASH,['CC Aquia'],2023,2,2023-S2
Grupo_2227,Activo,2023-10-31,Antamina,Antamina,"['CP Carhuayoc', 'CP Pichiu Quinuaragra']",ÁNCASH,"['CP Carhuayoc', 'CP Pichiu Quinhuaragra']",2023,2,2023-S2
Grupo_481,Activo,2023-10-31,Antamina,Antamina,"['CP Ayash Pichiú', 'CP Santa Cruz Pichiú']",ÁNCASH,"['CP Ayash Pichiu', 'Santa Cruz Pichiu']",2023,2,2023-S2
Grupo_1901,Activo,2023-10-31,Las Bambas,Las Bambas,['CC Carmen Alto de Chalhuahuacho'],APURÍMAC,['Chalhuahuacho'],2023,2,2023-S2
Grupo_1902,Activo,2023-10-31,Las Bambas,Las Bambas,['CC Chuicuni'],APURÍMAC,['CC Chuicuni'],2023,2,2023-S2
Grupo_1903,Activo,2023-10-31,Las Bambas,Las Bambas,['CC Chila'],APURÍMAC,['CC Chila'],2023,2,2023-S2
Grupo_2228,Activo,2023-10-31,Las Bambas,Las Bambas,['CC Choaquere'],APURÍMAC,['CC Choaquere'],2023,2,2023-S2
Grupo_1904,Activo,2023-10-31,Las Bambas,Las Bambas,['CC Huancuire'],APURÍMAC,['CC Huancuire'],2023,2,2023-S2
Grupo_2229,Activo,2023-10-31,Las Bambas,Las Bambas,['CC Pumamarca'],APURÍMAC,['CC Pumamarca'],2023,2,2023-S2
Grupo_1854,Activo,2023-10-31,Las Bambas,Las Bambas,['CP Fuerabamba'],CUSCO,['CP Fuerabamba'],2023,2,2023-S2
Grupo_1237,Activo,2023-10-31,Las Bambas,Las Bambas,"['CP Tambulla', 'Distrito Chalhuahuacho']",APURÍMAC,"['CP Tambulla', 'Chalhuahuacho']",2023,2,2023-S2
Grupo_1921,Activo,2023-10-31,Yanacocha,Newmont,"['CP CARHUAQUERO', 'CP Otuzco']",CAJAMARCA,"['CP CARHUAQUERO', 'CP Otuzco']",2023,2,2023-S2
Grupo_1251,Activo,2023-10-31,Cerro Corona,Gold Fields,['Distrito de Hualgayoc'],CAJAMARCA,['Hualgayoc'],2023,2,2023-S2
Grupo_1924,Activo,2023-10-31,Las Bambas,Las Bambas,['Distrito de Coporaque'],CUSCO,['Coporaque'],2023,2,2023-S2
Grupo_2238,Activo,2023-10-31,Las Bambas,Las Bambas,['CC Urinsaya'],CUSCO,['CC Urinsaya'],2023,2,2023-S2
Grupo_1927,Activo,2023-10-31,Las Bambas,Las Bambas,"['CC Huininquiri', 'CC Cancahuani', 'CC Lacca-lacca Yanque Parcobamba', 'CC Cruzpampa', 'CC Idiopa-Ñaupa-Japo Urinsaya']",CUSCO,"['Chumbivilcas', 'Cancahuani', 'Colquemarca', 'CC Cruzpampa', 'Colquemarca']",2023,2,2023-S2
Grupo_1889,Activo,2023-10-31,Antapaccay,Antapaccay,"['Distrito de Pallpata', 'Huacroyuta Marquiri', 'Huarcapata', 'Chorrillo', 'Antacama', 'Pallpata', 'Canlletera', 'Cruz Pampa', 'Pirhuayani', 'Mamanocca', 'Jaruma Alccasana', 'Distrito de Alto Pichigua', 'Distrito de Pichigua Pichigua', 'Distrito de Condorama', 'Distrito de Ocoruro']",CUSCO,"['Pallpata', 'Pallpata', 'Huarcapata', 'Chorrillo', 'Atacama', 'Pallpata', 'Pallpata', 'Cruz Pampa', 'Pirhuayani', 'Mamanocca', 'Pallpata', 'Alto Pichigua', 'Pichigua Pichigua', 'Condorama', 'Ocoruro']",2023,2,2023-S2
Grupo_1885,Activo,2023-10-31,Antapaccay,Glencore,"['CC Huano Huano', 'CC Cala Cala', 'CC Huisa', 'CC Paco Pata', 'CC Tintaya Marquiri', 'CC Alto Huancané', 'CC Huancané Bajo', 'CC Alto Huarca', 'CC Huarca', 'CC Anta Ccollana', 'CC Huisa Ccollana', 'CC Huini Coroccohuayco']",CUSCO,"['CC Huano Huano', 'CC Cala Cala', 'CC Huisa', 'Pacopata', 'Tintaya Marquiri', 'Alto Huancane', 'Huancane Bajo', 'CC Alto Huarca', 'CC Huarca', 'Anta Ccollana', 'Espinar', 'Espinar']",2023,2,2023-S2
Grupo_1852,Activo,2023-10-31,Las Bambas,Las Bambas,"['Provincia de Chumbivilcas', 'Distrito de Velille', 'Distrito de Capacmarca', 'Distrito de Quiñota', 'Distrito de Chamaca', 'Distrito de Livitaca', 'Distrito de Llusco', 'CP Huaylla Huaylla']",CUSCO,"['Chumbivilcas', 'Velille', 'Capacmarca', 'Quiñota', 'Chamaca', 'Livitaca', 'Llusco', 'CP Huaylla Huaylla']",2023,2,2023-S2
Grupo_1853,Activo,2023-10-31,Las Bambas,Las Bambas,"['Provincia de Paruro', 'Distrito Paccarectambo', 'Distrito Yaurisque', 'Distrito Ccapi', 'Distrito Huanoquite']",CUSCO,"['Paruro', 'Paccarectambo', 'Yaurisque', 'Ccapi', 'Huanoquite']",2023,2,2023-S2
Grupo_1421,Activo,2023-10-31,Antapaccay,Antapaccay,['Provincia de Espinar'],CUSCO,['Espinar'],2023,2,2023-S2
Grupo_1939,Activo,2023-10-31,Antamina,Antamina,['Distrito de Llata'],HUÁNUCO,['Llata'],2023,2,2023-S2
Grupo_2246,Activo,2023-10-31,Toromocho,Chinalco,['CP San Francisco de Asís de Pucará'],JUNÍN,['San Francisco de Asis de Pucara'],2023,2,2023-S2
Grupo_606,Activo,2023-10-31,Toromocho,Chinalco,"['CP Morococha', 'CP Nueva Ciudad Morococha']",JUNÍN,"['CP Morococha', 'CP Morococha']",2023,2,2023-S2
Grupo_2057,Activo,2023-10-31,Chungar,Volcan,['CP Cullhuay'],LIMA PROVINCIAS,['CP Cullhuay'],2023,2,2023-S2
Grupo_1867,Activo,2023-10-31,Quellaveco,Angloamerican,['CP Tumilaca'],MOQUEGUA,['CP Tumilaca'],2023,2,2023-S2
Grupo_1814,Activo,2023-10-31,Atacocha,Nexa Resources,['CP San Juan de Milpo'],PASCO,['CP San Juan de Milpo'],2023,2,2023-S2
Grupo_1897,Activo,2023-11-30,Antamina,Antamina,['CC Aquia'],ÁNCASH,['CC Aquia'],2023,2,2023-S2
Grupo_481,Activo,2023-11-30,Antamina,Antamina,"['CP Ayash Pichiú', 'CP Santa Cruz Pichiú']",ÁNCASH,"['CP Ayash Pichiu', 'Santa Cruz Pichiu']",2023,2,2023-S2
Grupo_1901,Activo,2023-11-30,Las Bambas,Las Bambas,['CC Carmen Alto de Chalhuahuacho'],APURÍMAC,['Chalhuahuacho'],2023,2,2023-S2
Grupo_1902,Activo,2023-11-30,Las Bambas,Las Bambas,['CC Chuicuni'],APURÍMAC,['CC Chuicuni'],2023,2,2023-S2
Grupo_1903,Activo,2023-11-30,Las Bambas,Las Bambas,['CC Chila'],APURÍMAC,['CC Chila'],2023,2,2023-S2
Grupo_2228,Activo,2023-11-30,Las Bambas,Las Bambas,['CC Choaquere'],APURÍMAC,['CC Choaquere'],2023,2,2023-S2
Grupo_1904,Activo,2023-11-30,Las Bambas,Las Bambas,['CC Huancuire'],APURÍMAC,['CC Huancuire'],2023,2,2023-S2
Grupo_2229,Activo,2023-11-30,Las Bambas,Las Bambas,['CC Pumamarca'],APURÍMAC,['CC Pumamarca'],2023,2,2023-S2
Grupo_1854,Activo,2023-11-30,Las Bambas,Las Bambas,['CP Fuerabamba'],CUSCO,['CP Fuerabamba'],2023,2,2023-S2
Grupo_1237,Activo,2023-11-30,Las Bambas,Las Bambas,"['CP Tambulla', 'Distrito Chalhuahuacho']",APURÍMAC,"['CP Tambulla', 'Chalhuahuacho']",2023,2,2023-S2
Grupo_1921,Activo,2023-11-30,Yanacocha,Newmont,"['CP CARHUAQUERO', 'CP Otuzco']",CAJAMARCA,"['CP CARHUAQUERO', 'CP Otuzco']",2023,2,2023-S2
Grupo_1251,Activo,2023-11-30,Cerro Corona,Gold Fields,['Distrito de Hualgayoc'],CAJAMARCA,['Hualgayoc'],2023,2,2023-S2
Grupo_1924,Activo,2023-11-30,Las Bambas,Las Bambas,['Distrito de Coporaque'],CUSCO,['Coporaque'],2023,2,2023-S2
Grupo_2238,Activo,2023-11-30,Las Bambas,Las Bambas,['CC Urinsaya'],CUSCO,['CC Urinsaya'],2023,2,2023-S2
Grupo_1927,Activo,2023-11-30,Las Bambas,Las Bambas,"['CC Huininquiri', 'CC Cancahuani', 'CC Lacca-lacca Yanque Parcobamba', 'CC Cruzpampa', 'CC Idiopa-Ñaupa-Japo Urinsaya']",CUSCO,"['Chumbivilcas', 'Cancahuani', 'Colquemarca', 'CC Cruzpampa', 'Colquemarca']",2023,2,2023-S2
Grupo_1889,Activo,2023-11-30,Antapaccay,Antapaccay,"['Distrito de Pallpata', 'Huacroyuta Marquiri', 'Huarcapata', 'Chorrillo', 'Antacama', 'Pallpata', 'Canlletera', 'Cruz Pampa', 'Pirhuayani', 'Mamanocca', 'Jaruma Alccasana', 'Distrito de Alto Pichigua', 'Distrito de Pichigua Pichigua', 'Distrito de Condorama', 'Distrito de Ocoruro']",CUSCO,"['Pallpata', 'Pallpata', 'Huarcapata', 'Chorrillo', 'Atacama', 'Pallpata', 'Pallpata', 'Cruz Pampa', 'Pirhuayani', 'Mamanocca', 'Pallpata', 'Alto Pichigua', 'Pichigua Pichigua', 'Condorama', 'Ocoruro']",2023,2,2023-S2
Grupo_1885,Activo,2023-11-30,Antapaccay,Glencore,"['CC Huano Huano', 'CC Cala Cala', 'CC Huisa', 'CC Paco Pata', 'CC Tintaya Marquiri', 'CC Alto Huancané', 'CC Huancané Bajo', 'CC Alto Huarca', 'CC Huarca', 'CC Anta Ccollana', 'CC Huisa Ccollana', 'CC Huini Coroccohuayco']",CUSCO,"['CC Huano Huano', 'CC Cala Cala', 'CC Huisa', 'Pacopata', 'Tintaya Marquiri', 'Alto Huancane', 'Huancane Bajo', 'CC Alto Huarca', 'CC Huarca', 'Anta Ccollana', 'Espinar', 'Espinar']",2023,2,2023-S2
Grupo_1852,Activo,2023-11-30,Las Bambas,Las Bambas,"['Provincia de Chumbivilcas', 'Distrito de Velille', 'Distrito de Capacmarca', 'Distrito de Quiñota', 'Distrito de Chamaca', 'Distrito de Livitaca', 'Distrito de Llusco', 'CP Huaylla Huaylla']",CUSCO,"['Chumbivilcas', 'Velille', 'Capacmarca', 'Quiñota', 'Chamaca', 'Livitaca', 'Llusco', 'CP Huaylla Huaylla']",2023,2,2023-S2
Grupo_1853,Activo,2023-11-30,Las Bambas,Las Bambas,"['Provincia de Paruro', 'Distrito Paccarectambo', 'Distrito Yaurisque', 'Distrito Ccapi', 'Distrito Huanoquite']",CUSCO,"['Paruro', 'Paccarectambo', 'Yaurisque', 'Ccapi', 'Huanoquite']",2023,2,2023-S2
Grupo_1421,Activo,2023-11-30,Antapaccay,Antapaccay,['Provincia de Espinar'],CUSCO,['Espinar'],2023,2,2023-S2
Grupo_1939,Activo,2023-11-30,Antamina,Antamina,['Distrito de Llata'],HUÁNUCO,['Llata'],2023,2,2023-S2
Grupo_2246,Activo,2023-11-30,Toromocho,Chinalco,['CP San Francisco de Asís de Pucará'],JUNÍN,['San Francisco de Asis de Pucara'],2023,2,2023-S2
Grupo_606,Activo,2023-11-30,Toromocho,Chinalco,"['CP Morococha', 'CP Nueva Ciudad Morococha']",JUNÍN,"['CP Morococha', 'CP Morococha']",2023,2,2023-S2
Grupo_2057,Activo,2023-11-30,Chungar,Volcan,['CP Cullhuay'],LIMA PROVINCIAS,['CP Cullhuay'],2023,2,2023-S2
Grupo_1867,Activo,2023-11-30,Quellaveco,Angloamerican,['CP Tumilaca'],MOQUEGUA,['CP Tumilaca'],2023,2,2023-S2
Grupo_1814,Activo,2023-11-30,Atacocha,Nexa Resources,['CP San Juan de Milpo'],PASCO,['CP San Juan de Milpo'],2023,2,2023-S2
Grupo_1897,Activo,2023-12-31,Antamina,Antamina,['CC Aquia'],ÁNCASH,['CC Aquia'],2023,2,2023-S2
Grupo_481,Activo,2023-12-31,Antamina,Antamina,"['CP Ayash Pichiú', 'CP Santa Cruz Pichiú']",ÁNCASH,"['CP Ayash Pichiu', 'Santa Cruz Pichiu']",2023,2,2023-S2
Grupo_1901,Activo,2023-12-31,Las Bambas,Las Bambas,['CC Carmen Alto de Chalhuahuacho'],APURÍMAC,['Chalhuahuacho'],2023,2,2023-S2
Grupo_1902,Activo,2023-12-31,Las Bambas,Las Bambas,['CC Chuicuni'],APURÍMAC,['CC Chuicuni'],2023,2,2023-S2
Grupo_1903,Activo,2023-12-31,Las Bambas,Las Bambas,['CC Chila'],APURÍMAC,['CC Chila'],2023,2,2023-S2
Grupo_2228,Activo,2023-12-31,Las Bambas,Las Bambas,['CC Choaquere'],APURÍMAC,['CC Choaquere'],2023,2,2023-S2
Grupo_1904,Activo,2023-12-31,Las Bambas,Las Bambas,['CC Huancuire'],APURÍMAC,['CC Huancuire'],2023,2,2023-S2
Grupo_2229,Activo,2023-12-31,Las Bambas,Las Bambas,['CC Pumamarca'],APURÍMAC,['CC Pumamarca'],2023,2,2023-S2
Grupo_1854,Activo,2023-12-31,Las Bambas,Las Bambas,['CP Fuerabamba'],CUSCO,['CP Fuerabamba'],2023,2,2023-S2
Grupo_1237,Activo,2023-12-31,Las Bambas,Las Bambas,"['CP Tambulla', 'Distrito Chalhuahuacho']",APURÍMAC,"['CP Tambulla', 'Chalhuahuacho']",2023,2,2023-S2
Grupo_1921,Activo,2023-12-31,Yanacocha,Newmont,"['CP CARHUAQUERO', 'CP Otuzco']",CAJAMARCA,"['CP CARHUAQUERO', 'CP Otuzco']",2023,2,2023-S2
Grupo_1251,Activo,2023-12-31,Cerro Corona,Gold Fields,['Distrito de Hualgayoc'],CAJAMARCA,['Hualgayoc'],2023,2,2023-S2
Grupo_1924,Activo,2023-12-31,Las Bambas,Las Bambas,['Distrito de Coporaque'],CUSCO,['Coporaque'],2023,2,2023-S2
Grupo_2238,Activo,2023-12-31,Las Bambas,Las Bambas,['CC Urinsaya'],CUSCO,['CC Urinsaya'],2023,2,2023-S2
Grupo_1927,Activo,2023-12-31,Las Bambas,Las Bambas,"['CC Huininquiri', 'CC Cancahuani', 'CC Lacca-lacca Yanque Parcobamba', 'CC Cruzpampa', 'CC Idiopa-Ñaupa-Japo Urinsaya']",CUSCO,"['Chumbivilcas', 'Cancahuani', 'Colquemarca', 'CC Cruzpampa', 'Colquemarca']",2023,2,2023-S2
Grupo_1889,Activo,2023-12-31,Antapaccay,Antapaccay,"['Distrito de Pallpata', 'Huacroyuta Marquiri', 'Huarcapata', 'Chorrillo', 'Antacama', 'Pallpata', 'Canlletera', 'Cruz Pampa', 'Pirhuayani', 'Mamanocca', 'Jaruma Alccasana', 'Distrito de Alto Pichigua', 'Distrito de Pichigua Pichigua', 'Distrito de Condorama', 'Distrito de Ocoruro']",CUSCO,"['Pallpata', 'Pallpata', 'Huarcapata', 'Chorrillo', 'Atacama', 'Pallpata', 'Pallpata', 'Cruz Pampa', 'Pirhuayani', 'Mamanocca', 'Pallpata', 'Alto Pichigua', 'Pichigua Pichigua', 'Condorama', 'Ocoruro']",2023,2,2023-S2
Grupo_1885,Activo,2023-12-31,Antapaccay,Glencore,"['CC Huano Huano', 'CC Cala Cala', 'CC Huisa', 'CC Paco Pata', 'CC Tintaya Marquiri', 'CC Alto Huancané', 'CC Huancané Bajo', 'CC Alto Huarca', 'CC Huarca', 'CC Anta Ccollana', 'CC Huisa Ccollana', 'CC Huini Coroccohuayco']",CUSCO,"['CC Huano Huano', 'CC Cala Cala', 'CC Huisa', 'Pacopata', 'Tintaya Marquiri', 'Alto Huancane', 'Huancane Bajo', 'CC Alto Huarca', 'CC Huarca', 'Anta Ccollana', 'Espinar', 'Espinar']",2023,2,2023-S2
Grupo_1852,Activo,2023-12-31,Las Bambas,Las Bambas,"['Provincia de Chumbivilcas', 'Distrito de Velille', 'Distrito de Capacmarca', 'Distrito de Quiñota', 'Distrito de Chamaca', 'Distrito de Livitaca', 'Distrito de Llusco', 'CP Huaylla Huaylla']",CUSCO,"['Chumbivilcas', 'Velille', 'Capacmarca', 'Quiñota', 'Chamaca', 'Livitaca', 'Llusco', 'CP Huaylla Huaylla']",2023,2,2023-S2
Grupo_1853,Activo,2023-12-31,Las Bambas,Las Bambas,"['Provincia de Paruro', 'Distrito Paccarectambo', 'Distrito Yaurisque', 'Distrito Ccapi', 'Distrito Huanoquite']",CUSCO,"['Paruro', 'Paccarectambo', 'Yaurisque', 'Ccapi', 'Huanoquite']",2023,2,2023-S2
Grupo_1421,Activo,2023-12-31,Antapaccay,Antapaccay,['Provincia de Espinar'],CUSCO,['Espinar'],2023,2,2023-S2
Grupo_1939,Activo,2023-12-31,Antamina,Antamina,['Distrito de Llata'],HUÁNUCO,['Llata'],2023,2,2023-S2
Grupo_606,Activo,2023-12-31,Toromocho,Chinalco,"['CP Morococha', 'CP Nueva Ciudad Morococha']",JUNÍN,"['CP Morococha', 'CP Morococha']",2023,2,2023-S2
Grupo_2057,Activo,2023-12-31,Chungar,Volcan,['CP Cullhuay'],LIMA PROVINCIAS,['CP Cullhuay'],2023,2,2023-S2
Grupo_1867,Activo,2023-12-31,Quellaveco,Angloamerican,['CP Tumilaca'],MOQUEGUA,['CP Tumilaca'],2023,2,2023-S2
Grupo_1814,Activo,2023-12-31,Atacocha,Nexa Resources,['CP San Juan de Milpo'],PASCO,['CP San Juan de Milpo'],2023,2,2023-S2
Grupo_1897,Activo,2024-01-31,Antamina,Antamina,['CC Aquia'],ÁNCASH,['CC Aquia'],2024,1,2024-S1
Grupo_1901,Activo,2024-01-31,Las Bambas,Las Bambas,['CC Carmen Alto de Chalhuahuacho'],APURÍMAC,['Chalhuahuacho'],2024,1,2024-S1
Grupo_1902,Activo,2024-01-31,Las Bambas,Las Bambas,['CC Chuicuni'],APURÍMAC,['CC Chuicuni'],2024,1,2024-S1
Grupo_1903,Activo,2024-01-31,Las Bambas,Las Bambas,['CC Chila'],APURÍMAC,['CC Chila'],2024,1,2024-S1
Grupo_1904,Activo,2024-01-31,Las Bambas,Las Bambas,['CC Huancuire'],APURÍMAC,['CC Huancuire'],2024,1,2024-S1
Grupo_1854,Activo,2024-01-31,Las Bambas,Las Bambas,['CP Fuerabamba'],CUSCO,['CP Fuerabamba'],2024,1,2024-S1
Grupo_1237,Activo,2024-01-31,Las Bambas,Las Bambas,"['CP Tambulla', 'Distrito Chalhuahuacho']",APURÍMAC,"['CP Tambulla', 'Chalhuahuacho']",2024,1,2024-S1
Grupo_1921,Activo,2024-01-31,Yanacocha,Newmont,"['CP CARHUAQUERO', 'CP Otuzco']",CAJAMARCA,"['CP CARHUAQUERO', 'CP Otuzco']",2024,1,2024-S1
Grupo_1251,Activo,2024-01-31,Cerro Corona,Gold Fields,['Distrito de Hualgayoc'],CAJAMARCA,['Hualgayoc'],2024,1,2024-S1
Grupo_1924,Activo,2024-01-31,Las Bambas,Las Bambas,['Distrito de Coporaque'],CUSCO,['Coporaque'],2024,1,2024-S1
Grupo_2238,Activo,2024-01-31,Las Bambas,Las Bambas,['CC Urinsaya'],CUSCO,['CC Urinsaya'],2024,1,2024-S1
Grupo_1927,Activo,2024-01-31,Las Bambas,Las Bambas,"['CC Huininquiri', 'CC Cancahuani', 'CC Lacca-lacca Yanque Parcobamba', 'CC Cruzpampa', 'CC Idiopa-Ñaupa-Japo Urinsaya']",CUSCO,"['Chumbivilcas', 'Cancahuani', 'Colquemarca', 'CC Cruzpampa', 'Colquemarca']",2024,1,2024-S1
Grupo_1889,Activo,2024-01-31,Antapaccay,Antapaccay,"['Distrito de Pallpata', 'Huacroyuta Marquiri', 'Huarcapata', 'Chorrillo', 'Antacama', 'Pallpata', 'Canlletera', 'Cruz Pampa', 'Pirhuayani', 'Mamanocca', 'Jaruma Alccasana', 'Distrito de Alto Pichigua', 'Distrito de Pichigua Pichigua', 'Distrito de Condorama', 'Distrito de Ocoruro']",CUSCO,"['Pallpata', 'Pallpata', 'Huarcapata', 'Chorrillo', 'Atacama', 'Pallpata', 'Pallpata', 'Cruz Pampa', 'Pirhuayani', 'Mamanocca', 'Pallpata', 'Alto Pichigua', 'Pichigua Pichigua', 'Condorama', 'Ocoruro']",2024,1,2024-S1
Grupo_1885,Activo,2024-01-31,Antapaccay,Glencore,"['CC Huano Huano', 'CC Cala Cala', 'CC Huisa', 'CC Paco Pata', 'CC Tintaya Marquiri', 'CC Alto Huancané', 'CC Huancané Bajo', 'CC Alto Huarca', 'CC Huarca', 'CC Anta Ccollana', 'CC Huisa Ccollana', 'CC Huini Coroccohuayco']",CUSCO,"['CC Huano Huano', 'CC Cala Cala', 'CC Huisa', 'Pacopata', 'Tintaya Marquiri', 'Alto Huancane', 'Huancane Bajo', 'CC Alto Huarca', 'CC Huarca', 'Anta Ccollana', 'Espinar', 'Espinar']",2024,1,2024-S1
Grupo_1852,Activo,2024-01-31,Las Bambas,Las Bambas,"['Provincia de Chumbivilcas', 'Distrito de Velille', 'Distrito de Capacmarca', 'Distrito de Quiñota', 'Distrito de Chamaca', 'Distrito de Livitaca', 'Distrito de Llusco', 'CP Huaylla Huaylla']",CUSCO,"['Chumbivilcas', 'Velille', 'Capacmarca', 'Quiñota', 'Chamaca', 'Livitaca', 'Llusco', 'CP Huaylla Huaylla']",2024,1,2024-S1
Grupo_1853,Activo,2024-01-31,Las Bambas,Las Bambas,"['Provincia de Paruro', 'Distrito Paccarectambo', 'Distrito Yaurisque', 'Distrito Ccapi', 'Distrito Huanoquite']",CUSCO,"['Paruro', 'Paccarectambo', 'Yaurisque', 'Ccapi', 'Huanoquite']",2024,1,2024-S1
Grupo_1421,Activo,2024-01-31,Antapaccay,Antapaccay,['Provincia de Espinar'],CUSCO,['Espinar'],2024,1,2024-S1
Grupo_1939,Activo,2024-01-31,Antamina,Antamina,['Distrito de Llata'],HUÁNUCO,['Llata'],2024,1,2024-S1
Grupo_606,Activo,2024-01-31,Toromocho,Chinalco,"['CP Morococha', 'CP Nueva Ciudad Morococha']",JUNÍN,"['CP Morococha', 'CP Morococha']",2024,1,2024-S1
Grupo_2057,Activo,2024-01-31,Chungar,Volcan,['CP Cullhuay'],LIMA PROVINCIAS,['CP Cullhuay'],2024,1,2024-S1
Grupo_1867,Activo,2024-01-31,Quellaveco,Angloamerican,['CP Tumilaca'],MOQUEGUA,['CP Tumilaca'],2024,1,2024-S1
Grupo_1814,Activo,2024-01-31,Atacocha,Nexa Resources,['CP San Juan de Milpo'],PASCO,['CP San Juan de Milpo'],2024,1,2024-S1
Grupo_1897,Activo,2024-08-31,Antamina,Antamina,['CC Aquia'],ÁNCASH,['CC Aquia'],2024,2,2024-S2
Grupo_1900,Activo,2024-08-31,Las Bambas,Las Bambas,['CC Pumamarca'],APURÍMAC,['CC Pumamarca'],2024,2,2024-S2
Grupo_1901,Activo,2024-08-31,Las Bambas,Las Bambas,['CC Carmen Alto de Chalhuahuacho'],APURÍMAC,['Chalhuahuacho'],2024,2,2024-S2
Grupo_1902,Activo,2024-08-31,Las Bambas,Las Bambas,['CC Chuicuni'],APURÍMAC,['CC Chuicuni'],2024,2,2024-S2
Grupo_1903,Activo,2024-08-31,Las Bambas,Las Bambas,['CC Chila'],APURÍMAC,['CC Chila'],2024,2,2024-S2
Grupo_1904,Activo,2024-08-31,Las Bambas,Las Bambas,['CC Huancuire'],APURÍMAC,['CC Huancuire'],2024,2,2024-S2
Grupo_1854,Activo,2024-08-31,Las Bambas,Las Bambas,['CP Fuerabamba'],CUSCO,['CP Fuerabamba'],2024,2,2024-S2
Grupo_1237,Activo,2024-08-31,Las Bambas,Las Bambas,"['CP Tambulla', 'Distrito Chalhuahuacho']",APURÍMAC,"['CP Tambulla', 'Chalhuahuacho']",2024,2,2024-S2
Grupo_1921,Activo,2024-08-31,Yanacocha,Newmont,"['CP CARHUAQUERO', 'CP Otuzco']",CAJAMARCA,"['CP CARHUAQUERO', 'CP Otuzco']",2024,2,2024-S2
Grupo_1923,Activo,2024-08-31,Las Bambas,Las Bambas,['Distrito de Velille'],CUSCO,['Velille'],2024,2,2024-S2
Grupo_1924,Activo,2024-08-31,Las Bambas,Las Bambas,['Distrito de Coporaque'],CUSCO,['Coporaque'],2024,2,2024-S2
Grupo_1927,Activo,2024-08-31,Las Bambas,Las Bambas,"['CC Huininquiri', 'CC Cancahuani', 'CC Lacca-lacca Yanque Parcobamba', 'CC Cruzpampa', 'CC Idiopa-Ñaupa-Japo Urinsaya']",CUSCO,"['Chumbivilcas', 'Cancahuani', 'Colquemarca', 'CC Cruzpampa', 'Colquemarca']",2024,2,2024-S2
Grupo_1889,Activo,2024-08-31,Antapaccay,Antapaccay,"['Distrito de Pallpata', 'Huacroyuta Marquiri', 'Huarcapata', 'Chorrillo', 'Antacama', 'Pallpata', 'Canlletera', 'Cruz Pampa', 'Pirhuayani', 'Mamanocca', 'Jaruma Alccasana', 'Distrito de Alto Pichigua', 'Distrito de Pichigua Pichigua', 'Distrito de Condorama', 'Distrito de Ocoruro']",CUSCO,"['Pallpata', 'Pallpata', 'Huarcapata', 'Chorrillo', 'Atacama', 'Pallpata', 'Pallpata', 'Cruz Pampa', 'Pirhuayani', 'Mamanocca', 'Pallpata', 'Alto Pichigua', 'Pichigua Pichigua', 'Condorama', 'Ocoruro']",2024,2,2024-S2
Grupo_1885,Activo,2024-08-31,Antapaccay,Glencore,"['CC Huano Huano', 'CC Cala Cala', 'CC Huisa', 'CC Paco Pata', 'CC Tintaya Marquiri', 'CC Alto Huancané', 'CC Huancané Bajo', 'CC Alto Huarca', 'CC Huarca', 'CC Anta Ccollana', 'CC Huisa Ccollana', 'CC Huini Coroccohuayco']",CUSCO,"['CC Huano Huano', 'CC Cala Cala', 'CC Huisa', 'Pacopata', 'Tintaya Marquiri', 'Alto Huancane', 'Huancane Bajo', 'CC Alto Huarca', 'CC Huarca', 'Anta Ccollana', 'Espinar', 'Espinar']",2024,2,2024-S2
Grupo_1852,Activo,2024-08-31,Las Bambas,Las Bambas,"['Provincia de Chumbivilcas', 'Distrito de Velille', 'Distrito de Capacmarca', 'Distrito de Quiñota', 'Distrito de Chamaca', 'Distrito de Livitaca', 'Distrito de Llusco', 'CP Huaylla Huaylla']",CUSCO,"['Chumbivilcas', 'Velille', 'Capacmarca', 'Quiñota', 'Chamaca', 'Livitaca', 'Llusco', 'CP Huaylla Huaylla']",2024,2,2024-S2
Grupo_1421,Activo,2024-08-31,Antapaccay,Antapaccay,['Provincia de Espinar'],CUSCO,['Espinar'],2024,2,2024-S2
Grupo_1939,Activo,2024-08-31,Antamina,Antamina,['Distrito de Llata'],HUÁNUCO,['Llata'],2024,2,2024-S2
Grupo_606,Activo,2024-08-31,Toromocho,Chinalco,"['CP Morococha', 'CP Nueva Ciudad Morococha']",JUNÍN,"['CP Morococha', 'CP Morococha']",2024,2,2024-S2
Grupo_2057,Activo,2024-08-31,Chungar,Volcan,['CP Cullhuay'],LIMA PROVINCIAS,['CP Cullhuay'],2024,2,2024-S2
Grupo_1867,Activo,2024-08-31,Quellaveco,Angloamerican,['CP Tumilaca'],MOQUEGUA,['CP Tumilaca'],2024,2,2024-S2
Grupo_1814,Activo,2024-08-31,Atacocha,Nexa Resources,['CP San Juan de Milpo'],PASCO,['CP San Juan de Milpo'],2024,2,2024-S2
Grupo_1897,Activo,2024-03-31,Antamina,Antamina,['CC Aquia'],ÁNCASH,['CC Aquia'],2024,1,2024-S1
Grupo_1901,Activo,2024-03-31,Las Bambas,Las Bambas,['CC Carmen Alto de Chalhuahuacho'],APURÍMAC,['Chalhuahuacho'],2024,1,2024-S1
Grupo_1902,Activo,2024-03-31,Las Bambas,Las Bambas,['CC Chuicuni'],APURÍMAC,['CC Chuicuni'],2024,1,2024-S1
Grupo_1903,Activo,2024-03-31,Las Bambas,Las Bambas,['CC Chila'],APURÍMAC,['CC Chila'],2024,1,2024-S1
Grupo_1904,Activo,2024-03-31,Las Bambas,Las Bambas,['CC Huancuire'],APURÍMAC,['CC Huancuire'],2024,1,2024-S1
Grupo_1854,Activo,2024-03-31,Las Bambas,Las Bambas,['CP Fuerabamba'],CUSCO,['CP Fuerabamba'],2024,1,2024-S1
Grupo_1237,Activo,2024-03-31,Las Bambas,Las Bambas,"['CP Tambulla', 'Distrito Chalhuahuacho']",APURÍMAC,"['CP Tambulla', 'Chalhuahuacho']",2024,1,2024-S1
Grupo_1921,Activo,2024-03-31,Yanacocha,Newmont,"['CP CARHUAQUERO', 'CP Otuzco']",CAJAMARCA,"['CP CARHUAQUERO', 'CP Otuzco']",2024,1,2024-S1
Grupo_1251,Activo,2024-03-31,Cerro Corona,Gold Fields,['Distrito de Hualgayoc'],CAJAMARCA,['Hualgayoc'],2024,1,2024-S1
Grupo_1923,Activo,2024-03-31,Las Bambas,Las Bambas,['Distrito de Velille'],CUSCO,['Velille'],2024,1,2024-S1
Grupo_1924,Activo,2024-03-31,Las Bambas,Las Bambas,['Distrito de Coporaque'],CUSCO,['Coporaque'],2024,1,2024-S1
Grupo_2238,Activo,2024-03-31,Las Bambas,Las Bambas,['CC Urinsaya'],CUSCO,['CC Urinsaya'],2024,1,2024-S1
Grupo_1927,Activo,2024-03-31,Las Bambas,Las Bambas,"['CC Huininquiri', 'CC Cancahuani', 'CC Lacca-lacca Yanque Parcobamba', 'CC Cruzpampa', 'CC Idiopa-Ñaupa-Japo Urinsaya']",CUSCO,"['Chumbivilcas', 'Cancahuani', 'Colquemarca', 'CC Cruzpampa', 'Colquemarca']",2024,1,2024-S1
Grupo_1889,Activo,2024-03-31,Antapaccay,Antapaccay,"['Distrito de Pallpata', 'Huacroyuta Marquiri', 'Huarcapata', 'Chorrillo', 'Antacama', 'Pallpata', 'Canlletera', 'Cruz Pampa', 'Pirhuayani', 'Mamanocca', 'Jaruma Alccasana', 'Distrito de Alto Pichigua', 'Distrito de Pichigua Pichigua', 'Distrito de Condorama', 'Distrito de Ocoruro']",CUSCO,"['Pallpata', 'Pallpata', 'Huarcapata', 'Chorrillo', 'Atacama', 'Pallpata', 'Pallpata', 'Cruz Pampa', 'Pirhuayani', 'Mamanocca', 'Pallpata', 'Alto Pichigua', 'Pichigua Pichigua', 'Condorama', 'Ocoruro']",2024,1,2024-S1
Grupo_1885,Activo,2024-03-31,Antapaccay,Glencore,"['CC Huano Huano', 'CC Cala Cala', 'CC Huisa', 'CC Paco Pata', 'CC Tintaya Marquiri', 'CC Alto Huancané', 'CC Huancané Bajo', 'CC Alto Huarca', 'CC Huarca', 'CC Anta Ccollana', 'CC Huisa Ccollana', 'CC Huini Coroccohuayco']",CUSCO,"['CC Huano Huano', 'CC Cala Cala', 'CC Huisa', 'Pacopata', 'Tintaya Marquiri', 'Alto Huancane', 'Huancane Bajo', 'CC Alto Huarca', 'CC Huarca', 'Anta Ccollana', 'Espinar', 'Espinar']",2024,1,2024-S1
Grupo_1852,Activo,2024-03-31,Las Bambas,Las Bambas,"['Provincia de Chumbivilcas', 'Distrito de Velille', 'Distrito de Capacmarca', 'Distrito de Quiñota', 'Distrito de Chamaca', 'Distrito de Livitaca', 'Distrito de Llusco', 'CP Huaylla Huaylla']",CUSCO,"['Chumbivilcas', 'Velille', 'Capacmarca', 'Quiñota', 'Chamaca', 'Livitaca', 'Llusco', 'CP Huaylla Huaylla']",2024,1,2024-S1
Grupo_1853,Activo,2024-03-31,Las Bambas,Las Bambas,"['Provincia de Paruro', 'Distrito Paccarectambo', 'Distrito Yaurisque', 'Distrito Ccapi', 'Distrito Huanoquite']",CUSCO,"['Paruro', 'Paccarectambo', 'Yaurisque', 'Ccapi', 'Huanoquite']",2024,1,2024-S1
Grupo_1421,Activo,2024-03-31,Antapaccay,Antapaccay,['Provincia de Espinar'],CUSCO,['Espinar'],2024,1,2024-S1
Grupo_1939,Activo,2024-03-31,Antamina,Antamina,['Distrito de Llata'],HUÁNUCO,['Llata'],2024,1,2024-S1
Grupo_606,Activo,2024-03-31,Toromocho,Chinalco,"['CP Morococha', 'CP Nueva Ciudad Morococha']",JUNÍN,"['CP Morococha', 'CP Morococha']",2024,1,2024-S1
Grupo_2057,Activo,2024-03-31,Chungar,Volcan,['CP Cullhuay'],LIMA PROVINCIAS,['CP Cullhuay'],2024,1,2024-S1
Grupo_1867,Activo,2024-03-31,Quellaveco,Angloamerican,['CP Tumilaca'],MOQUEGUA,['CP Tumilaca'],2024,1,2024-S1
Grupo_1814,Activo,2024-03-31,Atacocha,Nexa Resources,['CP San Juan de Milpo'],PASCO,['CP San Juan de Milpo'],2024,1,2024-S1
Grupo_1897,Activo,2024-04-30,Antamina,Antamina,['CC Aquia'],ÁNCASH,['CC Aquia'],2024,1,2024-S1
Grupo_1901,Activo,2024-04-30,Las Bambas,Las Bambas,['CC Carmen Alto de Chalhuahuacho'],APURÍMAC,['Chalhuahuacho'],2024,1,2024-S1
Grupo_1902,Activo,2024-04-30,Las Bambas,Las Bambas,['CC Chuicuni'],APURÍMAC,['CC Chuicuni'],2024,1,2024-S1
Grupo_1903,Activo,2024-04-30,Las Bambas,Las Bambas,['CC Chila'],APURÍMAC,['CC Chila'],2024,1,2024-S1
Grupo_1904,Activo,2024-04-30,Las Bambas,Las Bambas,['CC Huancuire'],APURÍMAC,['CC Huancuire'],2024,1,2024-S1
Grupo_1854,Activo,2024-04-30,Las Bambas,Las Bambas,['CP Fuerabamba'],CUSCO,['CP Fuerabamba'],2024,1,2024-S1
Grupo_1237,Activo,2024-04-30,Las Bambas,Las Bambas,"['CP Tambulla', 'Distrito Chalhuahuacho']",APURÍMAC,"['CP Tambulla', 'Chalhuahuacho']",2024,1,2024-S1
Grupo_1921,Activo,2024-04-30,Yanacocha,Newmont,"['CP CARHUAQUERO', 'CP Otuzco']",CAJAMARCA,"['CP CARHUAQUERO', 'CP Otuzco']",2024,1,2024-S1
Grupo_1251,Activo,2024-04-30,Cerro Corona,Gold Fields,['Distrito de Hualgayoc'],CAJAMARCA,['Hualgayoc'],2024,1,2024-S1
Grupo_1923,Activo,2024-04-30,Las Bambas,Las Bambas,['Distrito de Velille'],CUSCO,['Velille'],2024,1,2024-S1
Grupo_1924,Activo,2024-04-30,Las Bambas,Las Bambas,['Distrito de Coporaque'],CUSCO,['Coporaque'],2024,1,2024-S1
Grupo_2238,Activo,2024-04-30,Las Bambas,Las Bambas,['CC Urinsaya'],CUSCO,['CC Urinsaya'],2024,1,2024-S1
Grupo_1927,Activo,2024-04-30,Las Bambas,Las Bambas,"['CC Huininquiri', 'CC Cancahuani', 'CC Lacca-lacca Yanque Parcobamba', 'CC Cruzpampa', 'CC Idiopa-Ñaupa-Japo Urinsaya']",CUSCO,"['Chumbivilcas', 'Cancahuani', 'Colquemarca', 'CC Cruzpampa', 'Colquemarca']",2024,1,2024-S1
Grupo_1889,Activo,2024-04-30,Antapaccay,Antapaccay,"['Distrito de Pallpata', 'Huacroyuta Marquiri', 'Huarcapata', 'Chorrillo', 'Antacama', 'Pallpata', 'Canlletera', 'Cruz Pampa', 'Pirhuayani', 'Mamanocca', 'Jaruma Alccasana', 'Distrito de Alto Pichigua', 'Distrito de Pichigua Pichigua', 'Distrito de Condorama', 'Distrito de Ocoruro']",CUSCO,"['Pallpata', 'Pallpata', 'Huarcapata', 'Chorrillo', 'Atacama', 'Pallpata', 'Pallpata', 'Cruz Pampa', 'Pirhuayani', 'Mamanocca', 'Pallpata', 'Alto Pichigua', 'Pichigua Pichigua', 'Condorama', 'Ocoruro']",2024,1,2024-S1
Grupo_1885,Activo,2024-04-30,Antapaccay,Glencore,"['CC Huano Huano', 'CC Cala Cala', 'CC Huisa', 'CC Paco Pata', 'CC Tintaya Marquiri', 'CC Alto Huancané', 'CC Huancané Bajo', 'CC Alto Huarca', 'CC Huarca', 'CC Anta Ccollana', 'CC Huisa Ccollana', 'CC Huini Coroccohuayco']",CUSCO,"['CC Huano Huano', 'CC Cala Cala', 'CC Huisa', 'Pacopata', 'Tintaya Marquiri', 'Alto Huancane', 'Huancane Bajo', 'CC Alto Huarca', 'CC Huarca', 'Anta Ccollana', 'Espinar', 'Espinar']",2024,1,2024-S1
Grupo_1852,Activo,2024-04-30,Las Bambas,Las Bambas,"['Provincia de Chumbivilcas', 'Distrito de Velille', 'Distrito de Capacmarca', 'Distrito de Quiñota', 'Distrito de Chamaca', 'Distrito de Livitaca', 'Distrito de Llusco', 'CP Huaylla Huaylla']",CUSCO,"['Chumbivilcas', 'Velille', 'Capacmarca', 'Quiñota', 'Chamaca', 'Livitaca', 'Llusco', 'CP Huaylla Huaylla']",2024,1,2024-S1
Grupo_1853,Activo,2024-04-30,Las Bambas,Las Bambas,"['Provincia de Paruro', 'Distrito Paccarectambo', 'Distrito Yaurisque', 'Distrito Ccapi', 'Distrito Huanoquite']",CUSCO,"['Paruro', 'Paccarectambo', 'Yaurisque', 'Ccapi', 'Huanoquite']",2024,1,2024-S1
Grupo_1421,Activo,2024-04-30,Antapaccay,Antapaccay,['Provincia de Espinar'],CUSCO,['Espinar'],2024,1,2024-S1
Grupo_1939,Activo,2024-04-30,Antamina,Antamina,['Distrito de Llata'],HUÁNUCO,['Llata'],2024,1,2024-S1
Grupo_606,Activo,2024-04-30,Toromocho,Chinalco,"['CP Morococha', 'CP Nueva Ciudad Morococha']",JUNÍN,"['CP Morococha', 'CP Morococha']",2024,1,2024-S1
Grupo_2057,Activo,2024-04-30,Chungar,Volcan,['CP Cullhuay'],LIMA PROVINCIAS,['CP Cullhuay'],2024,1,2024-S1
Grupo_1867,Activo,2024-04-30,Quellaveco,Angloamerican,['CP Tumilaca'],MOQUEGUA,['CP Tumilaca'],2024,1,2024-S1
Grupo_1814,Activo,2024-04-30,Atacocha,Nexa Resources,['CP San Juan de Milpo'],PASCO,['CP San Juan de Milpo'],2024,1,2024-S1
Grupo_1897,Activo,2024-11-30,Antamina,Antamina,['CC Aquia'],ÁNCASH,['CC Aquia'],2024,2,2024-S2
Grupo_1237,Activo,2024-11-30,Las Bambas,Las Bambas,"['CP Tambulla', 'Distrito Chalhuahuacho']",APURÍMAC,"['CP Tambulla', 'Chalhuahuacho']",2024,2,2024-S2
Grupo_1885,Activo,2024-11-30,Antapaccay,Glencore,"['CC Huano Huano', 'CC Cala Cala', 'CC Huisa', 'CC Paco Pata', 'CC Tintaya Marquiri', 'CC Alto Huancané', 'CC Huancané Bajo', 'CC Alto Huarca', 'CC Huarca', 'CC Anta Ccollana', 'CC Huisa Ccollana', 'CC Huini Coroccohuayco']",CUSCO,"['CC Huano Huano', 'CC Cala Cala', 'CC Huisa', 'Pacopata', 'Tintaya Marquiri', 'Alto Huancane', 'Huancane Bajo', 'CC Alto Huarca', 'CC Huarca', 'Anta Ccollana', 'Espinar', 'Espinar']",2024,2,2024-S2
Grupo_1421,Activo,2024-11-30,Antapaccay,Antapaccay,['Provincia de Espinar'],CUSCO,['Espinar'],2024,2,2024-S2
Grupo_606,Activo,2024-11-30,Toromocho,Chinalco,"['CP Morococha', 'CP Nueva Ciudad Morococha']",JUNÍN,"['CP Morococha', 'CP Morococha']",2024,2,2024-S2
Grupo_1867,Activo,2024-11-30,Quellaveco,Angloamerican,['CP Tumilaca'],MOQUEGUA,['CP Tumilaca'],2024,2,2024-S2
Grupo_1901,Activo,2024-11-30,Las Bambas,Las Bambas,['CC Carmen Alto de Chalhuahuacho'],APURÍMAC,['Chalhuahuacho'],2024,2,2024-S2
Grupo_1902,Activo,2024-11-30,Las Bambas,Las Bambas,['CC Chuicuni'],APURÍMAC,['CC Chuicuni'],2024,2,2024-S2
Grupo_1903,Activo,2024-11-30,Las Bambas,Las Bambas,['CC Chila'],APURÍMAC,['CC Chila'],2024,2,2024-S2
Grupo_1904,Activo,2024-11-30,Las Bambas,Las Bambas,['CC Huancuire'],APURÍMAC,['CC Huancuire'],2024,2,2024-S2
Grupo_1854,Activo,2024-11-30,Las Bambas,Las Bambas,['CP Fuerabamba'],CUSCO,['CP Fuerabamba'],2024,2,2024-S2
Grupo_1921,Activo,2024-11-30,Yanacocha,Newmont,"['CP CARHUAQUERO', 'CP Otuzco']",CAJAMARCA,"['CP CARHUAQUERO', 'CP Otuzco']",2024,2,2024-S2
Grupo_1923,Activo,2024-11-30,Las Bambas,Las Bambas,['Distrito de Velille'],CUSCO,['Velille'],2024,2,2024-S2
Grupo_1927,Activo,2024-11-30,Las Bambas,Las Bambas,"['CC Huininquiri', 'CC Cancahuani', 'CC Lacca-lacca Yanque Parcobamba', 'CC Cruzpampa', 'CC Idiopa-Ñaupa-Japo Urinsaya']",CUSCO,"['Chumbivilcas', 'Cancahuani', 'Colquemarca', 'CC Cruzpampa', 'Colquemarca']",2024,2,2024-S2
Grupo_1889,Activo,2024-11-30,Antapaccay,Antapaccay,"['Distrito de Pallpata', 'Huacroyuta Marquiri', 'Huarcapata', 'Chorrillo', 'Antacama', 'Pallpata', 'Canlletera', 'Cruz Pampa', 'Pirhuayani', 'Mamanocca', 'Jaruma Alccasana', 'Distrito de Alto Pichigua', 'Distrito de Pichigua Pichigua', 'Distrito de Condorama', 'Distrito de Ocoruro']",CUSCO,"['Pallpata', 'Pallpata', 'Huarcapata', 'Chorrillo', 'Atacama', 'Pallpata', 'Pallpata', 'Cruz Pampa', 'Pirhuayani', 'Mamanocca', 'Pallpata', 'Alto Pichigua', 'Pichigua Pichigua', 'Condorama', 'Ocoruro']",2024,2,2024-S2
Grupo_1852,Activo,2024-11-30,Las Bambas,Las Bambas,"['Provincia de Chumbivilcas', 'Distrito de Velille', 'Distrito de Capacmarca', 'Distrito de Quiñota', 'Distrito de Chamaca', 'Distrito de Livitaca', 'Distrito de Llusco', 'CP Huaylla Huaylla']",CUSCO,"['Chumbivilcas', 'Velille', 'Capacmarca', 'Quiñota', 'Chamaca', 'Livitaca', 'Llusco', 'CP Huaylla Huaylla']",2024,2,2024-S2
Grupo_1939,Activo,2024-11-30,Antamina,Antamina,['Distrito de Llata'],HUÁNUCO,['Llata'],2024,2,2024-S2
Grupo_1237,Activo,2024-12-31,Las Bambas,Las Bambas,"['CP Tambulla', 'Distrito Chalhuahuacho']",APURÍMAC,"['CP Tambulla', 'Chalhuahuacho']",2024,2,2024-S2
Grupo_1421,Activo,2024-12-31,Antapaccay,Antapaccay,['Provincia de Espinar'],CUSCO,['Espinar'],2024,2,2024-S2
Grupo_606,Activo,2024-12-31,Toromocho,Chinalco,"['CP Morococha', 'CP Nueva Ciudad Morococha']",JUNÍN,"['CP Morococha', 'CP Morococha']",2024,2,2024-S2
Grupo_1867,Activo,2024-12-31,Quellaveco,Angloamerican,['CP Tumilaca'],MOQUEGUA,['CP Tumilaca'],2024,2,2024-S2
Grupo_1897,Activo,2024-12-31,Antamina,Antamina,['CC Aquia'],ÁNCASH,['CC Aquia'],2024,2,2024-S2
Grupo_1854,Activo,2024-12-31,Las Bambas,Las Bambas,['CP Fuerabamba'],CUSCO,['CP Fuerabamba'],2024,2,2024-S2
Grupo_1904,Activo,2024-12-31,Las Bambas,Las Bambas,['CC Huancuire'],APURÍMAC,['CC Huancuire'],2024,2,2024-S2
Grupo_1902,Activo,2024-12-31,Las Bambas,Las Bambas,['CC Chuicuni'],APURÍMAC,['CC Chuicuni'],2024,2,2024-S2
Grupo_1903,Activo,2024-12-31,Las Bambas,Las Bambas,['CC Chila'],APURÍMAC,['CC Chila'],2024,2,2024-S2
Grupo_1901,Activo,2024-12-31,Las Bambas,Las Bambas,['CC Carmen Alto de Chalhuahuacho'],APURÍMAC,['Chalhuahuacho'],2024,2,2024-S2
Grupo_1921,Activo,2024-12-31,Yanacocha,Newmont,"['CP CARHUAQUERO', 'CP Otuzco']",CAJAMARCA,"['CP CARHUAQUERO', 'CP Otuzco']",2024,2,2024-S2
Grupo_1852,Activo,2024-12-31,Las Bambas,Las Bambas,"['Provincia de Chumbivilcas', 'Distrito de Velille', 'Distrito de Capacmarca', 'Distrito de Quiñota', 'Distrito de Chamaca', 'Distrito de Livitaca', 'Distrito de Llusco', 'CP Huaylla Huaylla']",CUSCO,"['Chumbivilcas', 'Velille', 'Capacmarca', 'Quiñota', 'Chamaca', 'Livitaca', 'Llusco', 'CP Huaylla Huaylla']",2024,2,2024-S2
Grupo_1885,Activo,2024-12-31,Antapaccay,Glencore,"['CC Huano Huano', 'CC Cala Cala', 'CC Huisa', 'CC Paco Pata', 'CC Tintaya Marquiri', 'CC Alto Huancané', 'CC Huancané Bajo', 'CC Alto Huarca', 'CC Huarca', 'CC Anta Ccollana', 'CC Huisa Ccollana', 'CC Huini Coroccohuayco']",CUSCO,"['CC Huano Huano', 'CC Cala Cala', 'CC Huisa', 'Pacopata', 'Tintaya Marquiri', 'Alto Huancane', 'Huancane Bajo', 'CC Alto Huarca', 'CC Huarca', 'Anta Ccollana', 'Espinar', 'Espinar']",2024,2,2024-S2
Grupo_1889,Activo,2024-12-31,Antapaccay,Antapaccay,"['Distrito de Pallpata', 'Huacroyuta Marquiri', 'Huarcapata', 'Chorrillo', 'Antacama', 'Pallpata', 'Canlletera', 'Cruz Pampa', 'Pirhuayani', 'Mamanocca', 'Jaruma Alccasana', 'Distrito de Alto Pichigua', 'Distrito de Pichigua Pichigua', 'Distrito de Condorama', 'Distrito de Ocoruro']",CUSCO,"['Pallpata', 'Pallpata', 'Huarcapata', 'Chorrillo', 'Atacama', 'Pallpata', 'Pallpata', 'Cruz Pampa', 'Pirhuayani', 'Mamanocca', 'Pallpata', 'Alto Pichigua', 'Pichigua Pichigua', 'Condorama', 'Ocoruro']",2024,2,2024-S2
Grupo_1927,Activo,2024-12-31,Las Bambas,Las Bambas,"['CC Huininquiri', 'CC Cancahuani', 'CC Lacca-lacca Yanque Parcobamba', 'CC Cruzpampa', 'CC Idiopa-Ñaupa-Japo Urinsaya']",CUSCO,"['Chumbivilcas', 'Cancahuani', 'Colquemarca', 'CC Cruzpampa', 'Colquemarca']",2024,2,2024-S2
Grupo_1923,Activo,2024-12-31,Las Bambas,Las Bambas,['Distrito de Velille'],CUSCO,['Velille'],2024,2,2024-S2
Grupo_1939,Activo,2024-12-31,Antamina,Antamina,['Distrito de Llata'],HUÁNUCO,['Llata'],2024,2,2024-S2
Grupo_1897,Activo,2025-01-31,Antamina,Antamina,['CC Aquia'],ÁNCASH,['CC Aquia'],2025,1,2025-S1
Grupo_1421,Activo,2025-01-31,Antapaccay,Antapaccay,['Provincia de Espinar'],CUSCO,['Espinar'],2025,1,2025-S1
Grupo_606,Activo,2025-01-31,Toromocho,Chinalco,"['CP Morococha', 'CP Nueva Ciudad Morococha']",JUNÍN,"['CP Morococha', 'CP Morococha']",2025,1,2025-S1
Grupo_1237,Activo,2025-01-31,Las Bambas,Las Bambas,"['CP Tambulla', 'Distrito Chalhuahuacho']",APURÍMAC,"['CP Tambulla', 'Chalhuahuacho']",2025,1,2025-S1
Grupo_1854,Activo,2025-01-31,Las Bambas,Las Bambas,['CP Fuerabamba'],CUSCO,['CP Fuerabamba'],2025,1,2025-S1
Grupo_1904,Activo,2025-01-31,Las Bambas,Las Bambas,['CC Huancuire'],APURÍMAC,['CC Huancuire'],2025,1,2025-S1
Grupo_1902,Activo,2025-01-31,Las Bambas,Las Bambas,['CC Chuicuni'],APURÍMAC,['CC Chuicuni'],2025,1,2025-S1
Grupo_1903,Activo,2025-01-31,Las Bambas,Las Bambas,['CC Chila'],APURÍMAC,['CC Chila'],2025,1,2025-S1
Grupo_1901,Activo,2025-01-31,Las Bambas,Las Bambas,['CC Carmen Alto de Chalhuahuacho'],APURÍMAC,['Chalhuahuacho'],2025,1,2025-S1
Grupo_1921,Activo,2025-01-31,Yanacocha,Newmont,"['CP CARHUAQUERO', 'CP Otuzco']",CAJAMARCA,"['CP CARHUAQUERO', 'CP Otuzco']",2025,1,2025-S1
Grupo_1852,Activo,2025-01-31,Las Bambas,Las Bambas,"['Provincia de Chumbivilcas', 'Distrito de Velille', 'Distrito de Capacmarca', 'Distrito de Quiñota', 'Distrito de Chamaca', 'Distrito de Livitaca', 'Distrito de Llusco', 'CP Huaylla Huaylla']",CUSCO,"['Chumbivilcas', 'Velille', 'Capacmarca', 'Quiñota', 'Chamaca', 'Livitaca', 'Llusco', 'CP Huaylla Huaylla']",2025,1,2025-S1
Grupo_1885,Activo,2025-01-31,Antapaccay,Glencore,"['CC Huano Huano', 'CC Cala Cala', 'CC Huisa', 'CC Paco Pata', 'CC Tintaya Marquiri', 'CC Alto Huancané', 'CC Huancané Bajo', 'CC Alto Huarca', 'CC Huarca', 'CC Anta Ccollana', 'CC Huisa Ccollana', 'CC Huini Coroccohuayco']",CUSCO,"['CC Huano Huano', 'CC Cala Cala', 'CC Huisa', 'Pacopata', 'Tintaya Marquiri', 'Alto Huancane', 'Huancane Bajo', 'CC Alto Huarca', 'CC Huarca', 'Anta Ccollana', 'Espinar', 'Espinar']",2025,1,2025-S1
Grupo_1889,Activo,2025-01-31,Antapaccay,Antapaccay,"['Distrito de Pallpata', 'Huacroyuta Marquiri', 'Huarcapata', 'Chorrillo', 'Antacama', 'Pallpata', 'Canlletera', 'Cruz Pampa', 'Pirhuayani', 'Mamanocca', 'Jaruma Alccasana', 'Distrito de Alto Pichigua', 'Distrito de Pichigua Pichigua', 'Distrito de Condorama', 'Distrito de Ocoruro']",CUSCO,"['Pallpata', 'Pallpata', 'Huarcapata', 'Chorrillo', 'Atacama', 'Pallpata', 'Pallpata', 'Cruz Pampa', 'Pirhuayani', 'Mamanocca', 'Pallpata', 'Alto Pichigua', 'Pichigua Pichigua', 'Condorama', 'Ocoruro']",2025,1,2025-S1
Grupo_1927,Activo,2025-01-31,Las Bambas,Las Bambas,"['CC Huininquiri', 'CC Cancahuani', 'CC Lacca-lacca Yanque Parcobamba', 'CC Cruzpampa', 'CC Idiopa-Ñaupa-Japo Urinsaya']",CUSCO,"['Chumbivilcas', 'Cancahuani', 'Colquemarca', 'CC Cruzpampa', 'Colquemarca']",2025,1,2025-S1
Grupo_1923,Activo,2025-01-31,Las Bambas,Las Bambas,['Distrito de Velille'],CUSCO,['Velille'],2025,1,2025-S1
Grupo_1939,Activo,2025-01-31,Antamina,Antamina,['Distrito de Llata'],HUÁNUCO,['Llata'],2025,1,2025-S1
Grupo_1897,Activo,2024-10-31,Antamina,Antamina,['CC Aquia'],ÁNCASH,['CC Aquia'],2024,2,2024-S2
Grupo_1854,Activo,2024-10-31,Las Bambas,Las Bambas,['CP Fuerabamba'],CUSCO,['CP Fuerabamba'],2024,2,2024-S2
Grupo_1237,Activo,2024-10-31,Las Bambas,Las Bambas,"['CP Tambulla', 'Distrito Chalhuahuacho']",APURÍMAC,"['CP Tambulla', 'Chalhuahuacho']",2024,2,2024-S2
Grupo_1923,Activo,2024-10-31,Las Bambas,Las Bambas,['Distrito de Velille'],CUSCO,['Velille'],2024,2,2024-S2
Grupo_1885,Activo,2024-10-31,Antapaccay,Glencore,"['CC Huano Huano', 'CC Cala Cala', 'CC Huisa', 'CC Paco Pata', 'CC Tintaya Marquiri', 'CC Alto Huancané', 'CC Huancané Bajo', 'CC Alto Huarca', 'CC Huarca', 'CC Anta Ccollana', 'CC Huisa Ccollana', 'CC Huini Coroccohuayco']",CUSCO,"['CC Huano Huano', 'CC Cala Cala', 'CC Huisa', 'Pacopata', 'Tintaya Marquiri', 'Alto Huancane', 'Huancane Bajo', 'CC Alto Huarca', 'CC Huarca', 'Anta Ccollana', 'Espinar', 'Espinar']",2024,2,2024-S2
Grupo_1421,Activo,2024-10-31,Antapaccay,Antapaccay,['Provincia de Espinar'],CUSCO,['Espinar'],2024,2,2024-S2
Grupo_1939,Activo,2024-10-31,Antamina,Antamina,['Distrito de Llata'],HUÁNUCO,['Llata'],2024,2,2024-S2
Grupo_606,Activo,2024-10-31,Toromocho,Chinalco,"['CP Morococha', 'CP Nueva Ciudad Morococha']",JUNÍN,"['CP Morococha', 'CP Morococha']",2024,2,2024-S2
Grupo_1867,Activo,2024-10-31,Quellaveco,Angloamerican,['CP Tumilaca'],MOQUEGUA,['CP Tumilaca'],2024,2,2024-S2
Grupo_1904,Activo,2024-10-31,Las Bambas,Las Bambas,['CC Huancuire'],APURÍMAC,['CC Huancuire'],2024,2,2024-S2
Grupo_1902,Activo,2024-10-31,Las Bambas,Las Bambas,['CC Chuicuni'],APURÍMAC,['CC Chuicuni'],2024,2,2024-S2
Grupo_1903,Activo,2024-10-31,Las Bambas,Las Bambas,['CC Chila'],APURÍMAC,['CC Chila'],2024,2,2024-S2
Grupo_1901,Activo,2024-10-31,Las Bambas,Las Bambas,['CC Carmen Alto de Chalhuahuacho'],APURÍMAC,['Chalhuahuacho'],2024,2,2024-S2
Grupo_1921,Activo,2024-10-31,Yanacocha,Newmont,"['CP CARHUAQUERO', 'CP Otuzco']",CAJAMARCA,"['CP CARHUAQUERO', 'CP Otuzco']",2024,2,2024-S2
Grupo_1852,Activo,2024-10-31,Las Bambas,Las Bambas,"['Provincia de Chumbivilcas', 'Distrito de Velille', 'Distrito de Capacmarca', 'Distrito de Quiñota', 'Distrito de Chamaca', 'Distrito de Livitaca', 'Distrito de Llusco', 'CP Huaylla Huaylla']",CUSCO,"['Chumbivilcas', 'Velille', 'Capacmarca', 'Quiñota', 'Chamaca', 'Livitaca', 'Llusco', 'CP Huaylla Huaylla']",2024,2,2024-S2
Grupo_1889,Activo,2024-10-31,Antapaccay,Antapaccay,"['Distrito de Pallpata', 'Huacroyuta Marquiri', 'Huarcapata', 'Chorrillo', 'Antacama', 'Pallpata', 'Canlletera', 'Cruz Pampa', 'Pirhuayani', 'Mamanocca', 'Jaruma Alccasana', 'Distrito de Alto Pichigua', 'Distrito de Pichigua Pichigua', 'Distrito de Condorama', 'Distrito de Ocoruro']",CUSCO,"['Pallpata', 'Pallpata', 'Huarcapata', 'Chorrillo', 'Atacama', 'Pallpata', 'Pallpata', 'Cruz Pampa', 'Pirhuayani', 'Mamanocca', 'Pallpata', 'Alto Pichigua', 'Pichigua Pichigua', 'Condorama', 'Ocoruro']",2024,2,2024-S2
Grupo_1927,Activo,2024-10-31,Las Bambas,Las Bambas,"['CC Huininquiri', 'CC Cancahuani', 'CC Lacca-lacca Yanque Parcobamba', 'CC Cruzpampa', 'CC Idiopa-Ñaupa-Japo Urinsaya']",CUSCO,"['Chumbivilcas', 'Cancahuani', 'Colquemarca', 'CC Cruzpampa', 'Colquemarca']",2024,2,2024-S2
Grupo_1814,Activo,2024-10-31,Atacocha,Nexa Resources,['CP San Juan de Milpo'],PASCO,['CP San Juan de Milpo'],2024,2,2024-S2
Grupo_829,Fusionado,2015-12-31,Antamina,Antamina,"['CP Carhuayoc', 'CP Cátac']",ÁNCASH,"['CP Carhuayoc', 'CP Catac']",2015,2,2015-S2
Grupo_336,Latente,2005-04-30,"San Nicolas, Cerro Corona","San Nicolas, Gold Fields","['Distrito de Bambamarca', 'CP Tingo']",CAJAMARCA,"['Bambamarca', 'CP Tingo']",2005,1,2005-S1
Grupo_336,Latente,2005-08-31,"San Nicolas, Cerro Corona","San Nicolas, Gold Fields","['Distrito de Bambamarca', 'CP Tingo']",CAJAMARCA,"['Bambamarca', 'CP Tingo']",2005,2,2005-S2
Grupo_256,Latente,2005-08-31,Yanacocha,Newmont,"['CP Ingatambo', 'CP Negritos', 'CP Lagunas', 'CP San Cirilo', 'CP Yanacanchilla Alta', 'CP Yanacanchilla Bajo']",CAJAMARCA,"['CP Ingatambo', 'CP Negritos', 'CP Lagunas', 'CP San Cirilo', 'CP Yanacanchilla Alta', 'Encañada Cajamarca']",2005,2,2005-S2
Grupo_350,Latente,2005-08-31,Yanacocha,Newmont,"['CP Quishuar corral', 'CP Aliso Colorado', 'CP San José']",CAJAMARCA,"['CP Quishuar corral', 'CP Aliso Colorado', 'CP San Jose']",2005,2,2005-S2
Grupo_250,Latente,2005-12-31,"Pierina, Antamina","Barrick,Antamina","['Ciudad de Huaraz', 'Caseríos y anexos cercanos al cerro Condorhuain']",ÁNCASH,"['Ciudad de Huaraz', 'Rondos Lauricocha']",2005,2,2005-S2
Grupo_278,Latente,2005-12-31,Las Bambas,Las Bambas,"['Cotabambas (Provincia)', 'Tambobamba', 'Chuquilambila']",APURÍMAC,"['Cotabambas', 'Tambobamba', 'Chuquibambilla']",2005,2,2005-S2
Grupo_336,Latente,2005-12-31,"San Nicolas, Cerro Corona","San Nicolas, Gold Fields","['Distrito de Bambamarca', 'CP Tingo']",CAJAMARCA,"['Bambamarca', 'CP Tingo']",2005,2,2005-S2
Grupo_256,Latente,2005-12-31,Yanacocha,Newmont,"['CP Ingatambo', 'CP Negritos', 'CP Lagunas', 'CP San Cirilo', 'CP Yanacanchilla Alta', 'CP Yanacanchilla Bajo']",CAJAMARCA,"['CP Ingatambo', 'CP Negritos', 'CP Lagunas', 'CP San Cirilo', 'CP Yanacanchilla Alta', 'Encañada Cajamarca']",2005,2,2005-S2
Grupo_350,Latente,2005-12-31,Yanacocha,Newmont,"['CP Quishuar corral', 'CP Aliso Colorado', 'CP San José']",CAJAMARCA,"['CP Quishuar corral', 'CP Aliso Colorado', 'CP San Jose']",2005,2,2005-S2
Grupo_336,Latente,2005-07-31,"San Nicolas, Cerro Corona","San Nicolas, Gold Fields","['Distrito de Bambamarca', 'CP Tingo']",CAJAMARCA,"['Bambamarca', 'CP Tingo']",2005,2,2005-S2
Grupo_336,Latente,2005-03-31,"San Nicolas, Cerro Corona","San Nicolas, Gold Fields","['Distrito de Bambamarca', 'CP Tingo']",CAJAMARCA,"['Bambamarca', 'CP Tingo']",2005,1,2005-S1
Grupo_336,Latente,2005-05-31,"San Nicolas, Cerro Corona","San Nicolas, Gold Fields","['Distrito de Bambamarca', 'CP Tingo']",CAJAMARCA,"['Bambamarca', 'CP Tingo']",2005,1,2005-S1
Grupo_336,Latente,2005-06-30,"San Nicolas, Cerro Corona","San Nicolas, Gold Fields","['Distrito de Bambamarca', 'CP Tingo']",CAJAMARCA,"['Bambamarca', 'CP Tingo']",2005,1,2005-S1
Grupo_250,Latente,2005-11-30,"Pierina, Antamina","Barrick,Antamina","['Ciudad de Huaraz', 'Caseríos y anexos cercanos al cerro Condorhuain']",ÁNCASH,"['Ciudad de Huaraz', 'Rondos Lauricocha']",2005,2,2005-S2
Grupo_278,Latente,2005-11-30,Las Bambas,Las Bambas,"['Cotabambas (Provincia)', 'Tambobamba', 'Chuquilambila']",APURÍMAC,"['Cotabambas', 'Tambobamba', 'Chuquibambilla']",2005,2,2005-S2
Grupo_336,Latente,2005-11-30,"San Nicolas, Cerro Corona","San Nicolas, Gold Fields","['Distrito de Bambamarca', 'CP Tingo']",CAJAMARCA,"['Bambamarca', 'CP Tingo']",2005,2,2005-S2
Grupo_256,Latente,2005-11-30,Yanacocha,Newmont,"['CP Ingatambo', 'CP Negritos', 'CP Lagunas', 'CP San Cirilo', 'CP Yanacanchilla Alta', 'CP Yanacanchilla Bajo']",CAJAMARCA,"['CP Ingatambo', 'CP Negritos', 'CP Lagunas', 'CP San Cirilo', 'CP Yanacanchilla Alta', 'Encañada Cajamarca']",2005,2,2005-S2
Grupo_350,Latente,2005-11-30,Yanacocha,Newmont,"['CP Quishuar corral', 'CP Aliso Colorado', 'CP San José']",CAJAMARCA,"['CP Quishuar corral', 'CP Aliso Colorado', 'CP San Jose']",2005,2,2005-S2
Grupo_250,Latente,2005-10-31,"Pierina, Antamina","Barrick,Antamina","['Ciudad de Huaraz', 'Caseríos y anexos cercanos al cerro Condorhuain']",ÁNCASH,"['Ciudad de Huaraz', 'Rondos Lauricocha']",2005,2,2005-S2
Grupo_278,Latente,2005-10-31,Las Bambas,Las Bambas,"['Cotabambas (Provincia)', 'Tambobamba', 'Chuquilambila']",APURÍMAC,"['Cotabambas', 'Tambobamba', 'Chuquibambilla']",2005,2,2005-S2
Grupo_336,Latente,2005-10-31,"San Nicolas, Cerro Corona","San Nicolas, Gold Fields","['Distrito de Bambamarca', 'CP Tingo']",CAJAMARCA,"['Bambamarca', 'CP Tingo']",2005,2,2005-S2
Grupo_256,Latente,2005-10-31,Yanacocha,Newmont,"['CP Ingatambo', 'CP Negritos', 'CP Lagunas', 'CP San Cirilo', 'CP Yanacanchilla Alta', 'CP Yanacanchilla Bajo']",CAJAMARCA,"['CP Ingatambo', 'CP Negritos', 'CP Lagunas', 'CP San Cirilo', 'CP Yanacanchilla Alta', 'Encañada Cajamarca']",2005,2,2005-S2
Grupo_350,Latente,2005-10-31,Yanacocha,Newmont,"['CP Quishuar corral', 'CP Aliso Colorado', 'CP San José']",CAJAMARCA,"['CP Quishuar corral', 'CP Aliso Colorado', 'CP San Jose']",2005,2,2005-S2
Grupo_250,Latente,2005-09-30,"Pierina, Antamina","Barrick,Antamina","['Ciudad de Huaraz', 'Caseríos y anexos cercanos al cerro Condorhuain']",ÁNCASH,"['Ciudad de Huaraz', 'Rondos Lauricocha']",2005,2,2005-S2
Grupo_336,Latente,2005-09-30,"San Nicolas, Cerro Corona","San Nicolas, Gold Fields","['Distrito de Bambamarca', 'CP Tingo']",CAJAMARCA,"['Bambamarca', 'CP Tingo']",2005,2,2005-S2
Grupo_350,Latente,2005-09-30,Yanacocha,Newmont,"['CP Quishuar corral', 'CP Aliso Colorado', 'CP San José']",CAJAMARCA,"['CP Quishuar corral', 'CP Aliso Colorado', 'CP San Jose']",2005,2,2005-S2
Grupo_250,Latente,2006-01-31,"Pierina, Antamina","Barrick,Antamina","['Ciudad de Huaraz', 'Caseríos y anexos cercanos al cerro Condorhuain']",ÁNCASH,"['Ciudad de Huaraz', 'Rondos Lauricocha']",2006,1,2006-S1
Grupo_278,Latente,2006-01-31,Las Bambas,Las Bambas,"['Cotabambas (Provincia)', 'Tambobamba', 'Chuquilambila']",APURÍMAC,"['Cotabambas', 'Tambobamba', 'Chuquibambilla']",2006,1,2006-S1
Grupo_336,Latente,2006-01-31,"San Nicolas, Cerro Corona","San Nicolas, Gold Fields","['Distrito de Bambamarca', 'CP Tingo']",CAJAMARCA,"['Bambamarca', 'CP Tingo']",2006,1,2006-S1
Grupo_350,Latente,2006-01-31,Yanacocha,Newmont,"['CP Quishuar corral', 'CP Aliso Colorado', 'CP San José']",CAJAMARCA,"['CP Quishuar corral', 'CP Aliso Colorado', 'CP San Jose']",2006,1,2006-S1
Grupo_250,Latente,2006-02-28,"Pierina, Antamina","Barrick,Antamina","['Ciudad de Huaraz', 'Caseríos y anexos cercanos al cerro Condorhuain']",ÁNCASH,"['Ciudad de Huaraz', 'Rondos Lauricocha']",2006,1,2006-S1
Grupo_278,Latente,2006-02-28,Las Bambas,Las Bambas,"['Cotabambas (Provincia)', 'Tambobamba', 'Chuquilambila']",APURÍMAC,"['Cotabambas', 'Tambobamba', 'Chuquibambilla']",2006,1,2006-S1
Grupo_336,Latente,2006-02-28,"San Nicolas, Cerro Corona","San Nicolas, Gold Fields","['Distrito de Bambamarca', 'CP Tingo']",CAJAMARCA,"['Bambamarca', 'CP Tingo']",2006,1,2006-S1
Grupo_350,Latente,2006-02-28,Yanacocha,Newmont,"['CP Quishuar corral', 'CP Aliso Colorado', 'CP San José']",CAJAMARCA,"['CP Quishuar corral', 'CP Aliso Colorado', 'CP San Jose']",2006,1,2006-S1
Grupo_250,Latente,2006-03-31,"Pierina, Antamina","Barrick,Antamina","['Ciudad de Huaraz', 'Caseríos y anexos cercanos al cerro Condorhuain']",ÁNCASH,"['Ciudad de Huaraz', 'Rondos Lauricocha']",2006,1,2006-S1
Grupo_278,Latente,2006-03-31,Las Bambas,Las Bambas,"['Cotabambas (Provincia)', 'Tambobamba', 'Chuquilambila']",APURÍMAC,"['Cotabambas', 'Tambobamba', 'Chuquibambilla']",2006,1,2006-S1
Grupo_336,Latente,2006-03-31,"San Nicolas, Cerro Corona","San Nicolas, Gold Fields","['Distrito de Bambamarca', 'CP Tingo']",CAJAMARCA,"['Bambamarca', 'CP Tingo']",2006,1,2006-S1
Grupo_350,Latente,2006-03-31,Yanacocha,Newmont,"['CP Quishuar corral', 'CP Aliso Colorado', 'CP San José']",CAJAMARCA,"['CP Quishuar corral', 'CP Aliso Colorado', 'CP San Jose']",2006,1,2006-S1
Grupo_278,Latente,2006-04-30,Las Bambas,Las Bambas,"['Cotabambas (Provincia)', 'Tambobamba', 'Chuquilambila']",APURÍMAC,"['Cotabambas', 'Tambobamba', 'Chuquibambilla']",2006,1,2006-S1
Grupo_336,Latente,2006-04-30,"San Nicolas, Cerro Corona","San Nicolas, Gold Fields","['Distrito de Bambamarca', 'CP Tingo']",CAJAMARCA,"['Bambamarca', 'CP Tingo']",2006,1,2006-S1
Grupo_350,Latente,2006-04-30,Yanacocha,Newmont,"['CP Quishuar corral', 'CP Aliso Colorado', 'CP San José']",CAJAMARCA,"['CP Quishuar corral', 'CP Aliso Colorado', 'CP San Jose']",2006,1,2006-S1
Grupo_278,Latente,2006-05-31,Las Bambas,Las Bambas,"['Cotabambas (Provincia)', 'Tambobamba', 'Chuquilambila']",APURÍMAC,"['Cotabambas', 'Tambobamba', 'Chuquibambilla']",2006,1,2006-S1
Grupo_336,Latente,2006-05-31,"San Nicolas, Cerro Corona","San Nicolas, Gold Fields","['Distrito de Bambamarca', 'CP Tingo']",CAJAMARCA,"['Bambamarca', 'CP Tingo']",2006,1,2006-S1
Grupo_350,Latente,2006-05-31,Yanacocha,Newmont,"['CP Quishuar corral', 'CP Aliso Colorado', 'CP San José']",CAJAMARCA,"['CP Quishuar corral', 'CP Aliso Colorado', 'CP San Jose']",2006,1,2006-S1
Grupo_278,Latente,2006-06-30,Las Bambas,Las Bambas,"['Cotabambas (Provincia)', 'Tambobamba', 'Chuquilambila']",APURÍMAC,"['Cotabambas', 'Tambobamba', 'Chuquibambilla']",2006,1,2006-S1
Grupo_336,Latente,2006-06-30,"San Nicolas, Cerro Corona","San Nicolas, Gold Fields","['Distrito de Bambamarca', 'CP Tingo']",CAJAMARCA,"['Bambamarca', 'CP Tingo']",2006,1,2006-S1
Grupo_350,Latente,2006-06-30,Yanacocha,Newmont,"['CP Quishuar corral', 'CP Aliso Colorado', 'CP San José']",CAJAMARCA,"['CP Quishuar corral', 'CP Aliso Colorado', 'CP San Jose']",2006,1,2006-S1
Grupo_278,Latente,2006-07-31,Las Bambas,Las Bambas,"['Cotabambas (Provincia)', 'Tambobamba', 'Chuquilambila']",APURÍMAC,"['Cotabambas', 'Tambobamba', 'Chuquibambilla']",2006,2,2006-S2
Grupo_336,Latente,2006-07-31,"San Nicolas, Cerro Corona","San Nicolas, Gold Fields","['Distrito de Bambamarca', 'CP Tingo']",CAJAMARCA,"['Bambamarca', 'CP Tingo']",2006,2,2006-S2
Grupo_256,Latente,2006-07-31,Yanacocha,Newmont,"['CP Ingatambo', 'CP Negritos', 'CP Lagunas', 'CP San Cirilo', 'CP Yanacanchilla Alta', 'CP Yanacanchilla Bajo']",CAJAMARCA,"['CP Ingatambo', 'CP Negritos', 'CP Lagunas', 'CP San Cirilo', 'CP Yanacanchilla Alta', 'Encañada Cajamarca']",2006,2,2006-S2
Grupo_350,Latente,2006-07-31,Yanacocha,Newmont,"['CP Quishuar corral', 'CP Aliso Colorado', 'CP San José']",CAJAMARCA,"['CP Quishuar corral', 'CP Aliso Colorado', 'CP San Jose']",2006,2,2006-S2
Grupo_278,Latente,2006-08-31,Las Bambas,Las Bambas,"['Cotabambas (Provincia)', 'Tambobamba', 'Chuquilambila']",APURÍMAC,"['Cotabambas', 'Tambobamba', 'Chuquibambilla']",2006,2,2006-S2
Grupo_336,Latente,2006-08-31,"San Nicolas, Cerro Corona","San Nicolas, Gold Fields","['Distrito de Bambamarca', 'CP Tingo']",CAJAMARCA,"['Bambamarca', 'CP Tingo']",2006,2,2006-S2
Grupo_256,Latente,2006-08-31,Yanacocha,Newmont,"['CP Ingatambo', 'CP Negritos', 'CP Lagunas', 'CP San Cirilo', 'CP Yanacanchilla Alta', 'CP Yanacanchilla Bajo']",CAJAMARCA,"['CP Ingatambo', 'CP Negritos', 'CP Lagunas', 'CP San Cirilo', 'CP Yanacanchilla Alta', 'Encañada Cajamarca']",2006,2,2006-S2
Grupo_350,Latente,2006-08-31,Yanacocha,Newmont,"['CP Quishuar corral', 'CP Aliso Colorado', 'CP San José']",CAJAMARCA,"['CP Quishuar corral', 'CP Aliso Colorado', 'CP San Jose']",2006,2,2006-S2
Grupo_278,Latente,2006-09-30,Las Bambas,Las Bambas,"['Cotabambas (Provincia)', 'Tambobamba', 'Chuquilambila']",APURÍMAC,"['Cotabambas', 'Tambobamba', 'Chuquibambilla']",2006,2,2006-S2
Grupo_336,Latente,2006-09-30,"San Nicolas, Cerro Corona","San Nicolas, Gold Fields","['Distrito de Bambamarca', 'CP Tingo']",CAJAMARCA,"['Bambamarca', 'CP Tingo']",2006,2,2006-S2
Grupo_350,Latente,2006-09-30,Yanacocha,Newmont,"['CP Quishuar corral', 'CP Aliso Colorado', 'CP San José']",CAJAMARCA,"['CP Quishuar corral', 'CP Aliso Colorado', 'CP San Jose']",2006,2,2006-S2
Grupo_455,Latente,2006-09-30,Pucamarca,Minsur,['CP Vilavilani'],TACNA,['CP Vilavilani'],2006,2,2006-S2
Grupo_278,Latente,2006-10-31,Las Bambas,Las Bambas,"['Cotabambas (Provincia)', 'Tambobamba', 'Chuquilambila']",APURÍMAC,"['Cotabambas', 'Tambobamba', 'Chuquibambilla']",2006,2,2006-S2
Grupo_417,Latente,2006-10-31,Yanacocha,Newmont,"['CP Combayo', 'CP Bellavista Alta']",CAJAMARCA,"['CP Combayo', 'CP Bellavista Alta']",2006,2,2006-S2
Grupo_336,Latente,2006-10-31,"San Nicolas, Cerro Corona","San Nicolas, Gold Fields","['Distrito de Bambamarca', 'CP Tingo']",CAJAMARCA,"['Bambamarca', 'CP Tingo']",2006,2,2006-S2
Grupo_350,Latente,2006-10-31,Yanacocha,Newmont,"['CP Quishuar corral', 'CP Aliso Colorado', 'CP San José']",CAJAMARCA,"['CP Quishuar corral', 'CP Aliso Colorado', 'CP San Jose']",2006,2,2006-S2
Grupo_455,Latente,2006-10-31,Pucamarca,Minsur,['CP Vilavilani'],TACNA,['CP Vilavilani'],2006,2,2006-S2
Grupo_250,Latente,2006-11-30,"Pierina, Antamina","Barrick,Antamina","['Ciudad de Huaraz', 'Caseríos y anexos cercanos al cerro Condorhuain']",ÁNCASH,"['Ciudad de Huaraz', 'Rondos Lauricocha']",2006,2,2006-S2
Grupo_278,Latente,2006-11-30,Las Bambas,Las Bambas,"['Cotabambas (Provincia)', 'Tambobamba', 'Chuquilambila']",APURÍMAC,"['Cotabambas', 'Tambobamba', 'Chuquibambilla']",2006,2,2006-S2
Grupo_417,Latente,2006-11-30,Yanacocha,Newmont,"['CP Combayo', 'CP Bellavista Alta']",CAJAMARCA,"['CP Combayo', 'CP Bellavista Alta']",2006,2,2006-S2
Grupo_336,Latente,2006-11-30,"San Nicolas, Cerro Corona","San Nicolas, Gold Fields","['Distrito de Bambamarca', 'CP Tingo']",CAJAMARCA,"['Bambamarca', 'CP Tingo']",2006,2,2006-S2
Grupo_350,Latente,2006-11-30,Yanacocha,Newmont,"['CP Quishuar corral', 'CP Aliso Colorado', 'CP San José']",CAJAMARCA,"['CP Quishuar corral', 'CP Aliso Colorado', 'CP San Jose']",2006,2,2006-S2
Grupo_455,Latente,2006-11-30,Pucamarca,Minsur,['CP Vilavilani'],TACNA,['CP Vilavilani'],2006,2,2006-S2
Grupo_250,Latente,2006-12-31,"Pierina, Antamina","Barrick,Antamina","['Ciudad de Huaraz', 'Caseríos y anexos cercanos al cerro Condorhuain']",ÁNCASH,"['Ciudad de Huaraz', 'Rondos Lauricocha']",2006,2,2006-S2
Grupo_278,Latente,2006-12-31,Las Bambas,Las Bambas,"['Cotabambas (Provincia)', 'Tambobamba', 'Chuquilambila']",APURÍMAC,"['Cotabambas', 'Tambobamba', 'Chuquibambilla']",2006,2,2006-S2
Grupo_336,Latente,2006-12-31,"San Nicolas, Cerro Corona","San Nicolas, Gold Fields","['Distrito de Bambamarca', 'CP Tingo']",CAJAMARCA,"['Bambamarca', 'CP Tingo']",2006,2,2006-S2
Grupo_350,Latente,2006-12-31,Yanacocha,Newmont,"['CP Quishuar corral', 'CP Aliso Colorado', 'CP San José']",CAJAMARCA,"['CP Quishuar corral', 'CP Aliso Colorado', 'CP San Jose']",2006,2,2006-S2
Grupo_455,Latente,2006-12-31,Pucamarca,Minsur,['CP Vilavilani'],TACNA,['CP Vilavilani'],2006,2,2006-S2
Grupo_250,Latente,2007-01-31,"Pierina, Antamina","Barrick,Antamina","['Ciudad de Huaraz', 'Caseríos y anexos cercanos al cerro Condorhuain']",ÁNCASH,"['Ciudad de Huaraz', 'Rondos Lauricocha']",2007,1,2007-S1
Grupo_278,Latente,2007-01-31,Las Bambas,Las Bambas,"['Cotabambas (Provincia)', 'Tambobamba', 'Chuquilambila']",APURÍMAC,"['Cotabambas', 'Tambobamba', 'Chuquibambilla']",2007,1,2007-S1
Grupo_336,Latente,2007-01-31,"San Nicolas, Cerro Corona","San Nicolas, Gold Fields","['Distrito de Bambamarca', 'CP Tingo']",CAJAMARCA,"['Bambamarca', 'CP Tingo']",2007,1,2007-S1
Grupo_256,Latente,2007-01-31,Yanacocha,Newmont,"['CP Ingatambo', 'CP Negritos', 'CP Lagunas', 'CP San Cirilo', 'CP Yanacanchilla Alta', 'CP Yanacanchilla Bajo']",CAJAMARCA,"['CP Ingatambo', 'CP Negritos', 'CP Lagunas', 'CP San Cirilo', 'CP Yanacanchilla Alta', 'Encañada Cajamarca']",2007,1,2007-S1
Grupo_350,Latente,2007-01-31,Yanacocha,Newmont,"['CP Quishuar corral', 'CP Aliso Colorado', 'CP San José']",CAJAMARCA,"['CP Quishuar corral', 'CP Aliso Colorado', 'CP San Jose']",2007,1,2007-S1
Grupo_638,Latente,2007-02-28,Antamina,Antamina,['CP San Antonio de Juprog'],ÁNCASH,['CP San Antonio de Juprog'],2007,1,2007-S1
Grupo_278,Latente,2007-02-28,Las Bambas,Las Bambas,"['Cotabambas (Provincia)', 'Tambobamba', 'Chuquilambila']",APURÍMAC,"['Cotabambas', 'Tambobamba', 'Chuquibambilla']",2007,1,2007-S1
Grupo_256,Latente,2007-02-28,Yanacocha,Newmont,"['CP Ingatambo', 'CP Negritos', 'CP Lagunas', 'CP San Cirilo', 'CP Yanacanchilla Alta', 'CP Yanacanchilla Bajo']",CAJAMARCA,"['CP Ingatambo', 'CP Negritos', 'CP Lagunas', 'CP San Cirilo', 'CP Yanacanchilla Alta', 'Encañada Cajamarca']",2007,1,2007-S1
Grupo_350,Latente,2007-02-28,Yanacocha,Newmont,"['CP Quishuar corral', 'CP Aliso Colorado', 'CP San José']",CAJAMARCA,"['CP Quishuar corral', 'CP Aliso Colorado', 'CP San Jose']",2007,1,2007-S1
Grupo_638,Latente,2007-03-31,Antamina,Antamina,['CP San Antonio de Juprog'],ÁNCASH,['CP San Antonio de Juprog'],2007,1,2007-S1
Grupo_278,Latente,2007-03-31,Las Bambas,Las Bambas,"['Cotabambas (Provincia)', 'Tambobamba', 'Chuquilambila']",APURÍMAC,"['Cotabambas', 'Tambobamba', 'Chuquibambilla']",2007,1,2007-S1
Grupo_336,Latente,2007-03-31,"San Nicolas, Cerro Corona","San Nicolas, Gold Fields","['Distrito de Bambamarca', 'CP Tingo']",CAJAMARCA,"['Bambamarca', 'CP Tingo']",2007,1,2007-S1
Grupo_256,Latente,2007-03-31,Yanacocha,Newmont,"['CP Ingatambo', 'CP Negritos', 'CP Lagunas', 'CP San Cirilo', 'CP Yanacanchilla Alta', 'CP Yanacanchilla Bajo']",CAJAMARCA,"['CP Ingatambo', 'CP Negritos', 'CP Lagunas', 'CP San Cirilo', 'CP Yanacanchilla Alta', 'Encañada Cajamarca']",2007,1,2007-S1
Grupo_350,Latente,2007-03-31,Yanacocha,Newmont,"['CP Quishuar corral', 'CP Aliso Colorado', 'CP San José']",CAJAMARCA,"['CP Quishuar corral', 'CP Aliso Colorado', 'CP San Jose']",2007,1,2007-S1
Grupo_250,Latente,2007-04-30,"Pierina, Antamina","Barrick,Antamina","['Ciudad de Huaraz', 'Caseríos y anexos cercanos al cerro Condorhuain']",ÁNCASH,"['Ciudad de Huaraz', 'Rondos Lauricocha']",2007,1,2007-S1
Grupo_638,Latente,2007-04-30,Antamina,Antamina,['CP San Antonio de Juprog'],ÁNCASH,['CP San Antonio de Juprog'],2007,1,2007-S1
Grupo_2613,Latente,2007-04-30,Antamina,Antamina,['CP Chasquitambo'],ÁNCASH,['CP Chasquitambo'],2007,1,2007-S1
Grupo_336,Latente,2007-04-30,"San Nicolas, Cerro Corona","San Nicolas, Gold Fields","['Distrito de Bambamarca', 'CP Tingo']",CAJAMARCA,"['Bambamarca', 'CP Tingo']",2007,1,2007-S1
Grupo_350,Latente,2007-04-30,Yanacocha,Newmont,"['CP Quishuar corral', 'CP Aliso Colorado', 'CP San José']",CAJAMARCA,"['CP Quishuar corral', 'CP Aliso Colorado', 'CP San Jose']",2007,1,2007-S1
Grupo_2626,Latente,2007-04-30,"Yanacocha, Toquepala,Cuajone,Ilo, Shougang, Orcopampa,Uchuchacua, Quiruvilca, Shory, , Tintaya, ,","Newmont, Southern, Shougang, Buenaventura, Pan American Silver, , Minsur, Glencore, Volcan, Barrick Misquichilca",['Nacional'],NACIONAL,['Nacional'],2007,1,2007-S1
Grupo_481,Latente,2007-05-31,Antamina,Antamina,"['CP Ayash Pichiú', 'CP Santa Cruz Pichiú']",ÁNCASH,"['CP Ayash Pichiu', 'Santa Cruz Pichiu']",2007,1,2007-S1
Grupo_638,Latente,2007-05-31,Antamina,Antamina,['CP San Antonio de Juprog'],ÁNCASH,['CP San Antonio de Juprog'],2007,1,2007-S1
Grupo_2613,Latente,2007-05-31,Antamina,Antamina,['CP Chasquitambo'],ÁNCASH,['CP Chasquitambo'],2007,1,2007-S1
Grupo_278,Activo,2010-02-28,Las Bambas,Las Bambas,"['Cotabambas (Provincia)', 'Tambobamba', 'Chuquilambila']",APURÍMAC,"['Cotabambas', 'Tambobamba', 'Chuquibambilla']",2010,1,2010-S1
Grupo_336,Latente,2007-05-31,"San Nicolas, Cerro Corona","San Nicolas, Gold Fields","['Distrito de Bambamarca', 'CP Tingo']",CAJAMARCA,"['Bambamarca', 'CP Tingo']",2007,1,2007-S1
Grupo_350,Latente,2007-05-31,Yanacocha,Newmont,"['CP Quishuar corral', 'CP Aliso Colorado', 'CP San José']",CAJAMARCA,"['CP Quishuar corral', 'CP Aliso Colorado', 'CP San Jose']",2007,1,2007-S1
Grupo_2626,Latente,2007-05-31,"Yanacocha, Toquepala,Cuajone,Ilo, Shougang, Orcopampa,Uchuchacua, Quiruvilca, Shory, , Tintaya, ,","Newmont, Southern, Shougang, Buenaventura, Pan American Silver, , Minsur, Glencore, Volcan, Barrick Misquichilca",['Nacional'],NACIONAL,['Nacional'],2007,1,2007-S1
Grupo_481,Latente,2007-06-30,Antamina,Antamina,"['CP Ayash Pichiú', 'CP Santa Cruz Pichiú']",ÁNCASH,"['CP Ayash Pichiu', 'Santa Cruz Pichiu']",2007,1,2007-S1
Grupo_638,Latente,2007-06-30,Antamina,Antamina,['CP San Antonio de Juprog'],ÁNCASH,['CP San Antonio de Juprog'],2007,1,2007-S1
Grupo_2613,Latente,2007-06-30,Antamina,Antamina,['CP Chasquitambo'],ÁNCASH,['CP Chasquitambo'],2007,1,2007-S1
Grupo_278,Activo,2009-02-28,Las Bambas,Las Bambas,"['Cotabambas (Provincia)', 'Tambobamba', 'Chuquilambila']",APURÍMAC,"['Cotabambas', 'Tambobamba', 'Chuquibambilla']",2009,1,2009-S1
Grupo_336,Latente,2007-06-30,"San Nicolas, Cerro Corona","San Nicolas, Gold Fields","['Distrito de Bambamarca', 'CP Tingo']",CAJAMARCA,"['Bambamarca', 'CP Tingo']",2007,1,2007-S1
Grupo_350,Latente,2007-06-30,Yanacocha,Newmont,"['CP Quishuar corral', 'CP Aliso Colorado', 'CP San José']",CAJAMARCA,"['CP Quishuar corral', 'CP Aliso Colorado', 'CP San Jose']",2007,1,2007-S1
Grupo_2626,Latente,2007-06-30,"Yanacocha, Toquepala,Cuajone,Ilo, Shougang, Orcopampa,Uchuchacua, Quiruvilca, Shory, , Tintaya, ,","Newmont, Southern, Shougang, Buenaventura, Pan American Silver, , Minsur, Glencore, Volcan, Barrick Misquichilca",['Nacional'],NACIONAL,['Nacional'],2007,1,2007-S1
Grupo_481,Latente,2007-07-31,Antamina,Antamina,"['CP Ayash Pichiú', 'CP Santa Cruz Pichiú']",ÁNCASH,"['CP Ayash Pichiu', 'Santa Cruz Pichiu']",2007,2,2007-S2
Grupo_250,Latente,2007-07-31,"Pierina, Antamina","Barrick,Antamina","['Ciudad de Huaraz', 'Caseríos y anexos cercanos al cerro Condorhuain']",ÁNCASH,"['Ciudad de Huaraz', 'Rondos Lauricocha']",2007,2,2007-S2
Grupo_638,Latente,2007-07-31,Antamina,Antamina,['CP San Antonio de Juprog'],ÁNCASH,['CP San Antonio de Juprog'],2007,2,2007-S2
Grupo_2613,Latente,2007-07-31,Antamina,Antamina,['CP Chasquitambo'],ÁNCASH,['CP Chasquitambo'],2007,2,2007-S2
Grupo_336,Latente,2007-07-31,"San Nicolas, Cerro Corona","San Nicolas, Gold Fields","['Distrito de Bambamarca', 'CP Tingo']",CAJAMARCA,"['Bambamarca', 'CP Tingo']",2007,2,2007-S2
Grupo_350,Latente,2007-07-31,Yanacocha,Newmont,"['CP Quishuar corral', 'CP Aliso Colorado', 'CP San José']",CAJAMARCA,"['CP Quishuar corral', 'CP Aliso Colorado', 'CP San Jose']",2007,2,2007-S2
Grupo_505,Latente,2007-07-31,Quellaveco,Angloamerican,['Distrito de Torata'],MOQUEGUA,['Distrito de Torata'],2007,2,2007-S2
Grupo_2626,Latente,2007-07-31,"Yanacocha, Toquepala,Cuajone,Ilo, Shougang, Orcopampa,Uchuchacua, Quiruvilca, Shory, , Tintaya, ,","Newmont, Southern, Shougang, Buenaventura, Pan American Silver, , Minsur, Glencore, Volcan, Barrick Misquichilca",['Nacional'],NACIONAL,['Nacional'],2007,2,2007-S2
Grupo_525,Latente,2007-07-31,Atacocha,Nexa Resources,['Distrito de San Francisco de Asís de Yarusyacan'],PASCO,['San Francisco de Asis de Yarusyacan'],2007,2,2007-S2
Grupo_481,Latente,2007-08-31,Antamina,Antamina,"['CP Ayash Pichiú', 'CP Santa Cruz Pichiú']",ÁNCASH,"['CP Ayash Pichiu', 'Santa Cruz Pichiu']",2007,2,2007-S2
Grupo_638,Latente,2007-08-31,Antamina,Antamina,['CP San Antonio de Juprog'],ÁNCASH,['CP San Antonio de Juprog'],2007,2,2007-S2
Grupo_2613,Latente,2007-08-31,Antamina,Antamina,['CP Chasquitambo'],ÁNCASH,['CP Chasquitambo'],2007,2,2007-S2
Grupo_336,Latente,2007-08-31,"San Nicolas, Cerro Corona","San Nicolas, Gold Fields","['Distrito de Bambamarca', 'CP Tingo']",CAJAMARCA,"['Bambamarca', 'CP Tingo']",2007,2,2007-S2
Grupo_350,Latente,2007-08-31,Yanacocha,Newmont,"['CP Quishuar corral', 'CP Aliso Colorado', 'CP San José']",CAJAMARCA,"['CP Quishuar corral', 'CP Aliso Colorado', 'CP San Jose']",2007,2,2007-S2
Grupo_505,Latente,2007-08-31,Quellaveco,Angloamerican,['Distrito de Torata'],MOQUEGUA,['Distrito de Torata'],2007,2,2007-S2
Grupo_2626,Latente,2007-08-31,"Yanacocha, Toquepala,Cuajone,Ilo, Shougang, Orcopampa,Uchuchacua, Quiruvilca, Shory, , Tintaya, ,","Newmont, Southern, Shougang, Buenaventura, Pan American Silver, , Minsur, Glencore, Volcan, Barrick Misquichilca",['Nacional'],NACIONAL,['Nacional'],2007,2,2007-S2
Grupo_525,Latente,2007-08-31,Atacocha,Nexa Resources,['Distrito de San Francisco de Asís de Yarusyacan'],PASCO,['San Francisco de Asis de Yarusyacan'],2007,2,2007-S2
Grupo_481,Latente,2007-09-30,Antamina,Antamina,"['CP Ayash Pichiú', 'CP Santa Cruz Pichiú']",ÁNCASH,"['CP Ayash Pichiu', 'Santa Cruz Pichiu']",2007,2,2007-S2
Grupo_638,Latente,2007-09-30,Antamina,Antamina,['CP San Antonio de Juprog'],ÁNCASH,['CP San Antonio de Juprog'],2007,2,2007-S2
Grupo_2613,Latente,2007-09-30,Antamina,Antamina,['CP Chasquitambo'],ÁNCASH,['CP Chasquitambo'],2007,2,2007-S2
Grupo_336,Latente,2007-09-30,"San Nicolas, Cerro Corona","San Nicolas, Gold Fields","['Distrito de Bambamarca', 'CP Tingo']",CAJAMARCA,"['Bambamarca', 'CP Tingo']",2007,2,2007-S2
Grupo_350,Latente,2007-09-30,Yanacocha,Newmont,"['CP Quishuar corral', 'CP Aliso Colorado', 'CP San José']",CAJAMARCA,"['CP Quishuar corral', 'CP Aliso Colorado', 'CP San Jose']",2007,2,2007-S2
Grupo_505,Latente,2007-09-30,Quellaveco,Angloamerican,['Distrito de Torata'],MOQUEGUA,['Distrito de Torata'],2007,2,2007-S2
Grupo_2626,Latente,2007-09-30,"Yanacocha, Toquepala,Cuajone,Ilo, Shougang, Orcopampa,Uchuchacua, Quiruvilca, Shory, , Tintaya, ,","Newmont, Southern, Shougang, Buenaventura, Pan American Silver, , Minsur, Glencore, Volcan, Barrick Misquichilca",['Nacional'],NACIONAL,['Nacional'],2007,2,2007-S2
Grupo_525,Latente,2007-09-30,Atacocha,Nexa Resources,['Distrito de San Francisco de Asís de Yarusyacan'],PASCO,['San Francisco de Asis de Yarusyacan'],2007,2,2007-S2
Grupo_250,Latente,2007-10-31,"Pierina, Antamina","Barrick,Antamina","['Ciudad de Huaraz', 'Caseríos y anexos cercanos al cerro Condorhuain']",ÁNCASH,"['Ciudad de Huaraz', 'Rondos Lauricocha']",2007,2,2007-S2
Grupo_638,Latente,2007-10-31,Antamina,Antamina,['CP San Antonio de Juprog'],ÁNCASH,['CP San Antonio de Juprog'],2007,2,2007-S2
Grupo_2613,Latente,2007-10-31,Antamina,Antamina,['CP Chasquitambo'],ÁNCASH,['CP Chasquitambo'],2007,2,2007-S2
Grupo_336,Latente,2007-10-31,"San Nicolas, Cerro Corona","San Nicolas, Gold Fields","['Distrito de Bambamarca', 'CP Tingo']",CAJAMARCA,"['Bambamarca', 'CP Tingo']",2007,2,2007-S2
Grupo_350,Latente,2007-10-31,Yanacocha,Newmont,"['CP Quishuar corral', 'CP Aliso Colorado', 'CP San José']",CAJAMARCA,"['CP Quishuar corral', 'CP Aliso Colorado', 'CP San Jose']",2007,2,2007-S2
Grupo_505,Latente,2007-10-31,Quellaveco,Angloamerican,['Distrito de Torata'],MOQUEGUA,['Distrito de Torata'],2007,2,2007-S2
Grupo_525,Latente,2007-10-31,Atacocha,Nexa Resources,['Distrito de San Francisco de Asís de Yarusyacan'],PASCO,['San Francisco de Asis de Yarusyacan'],2007,2,2007-S2
Grupo_250,Latente,2007-11-30,"Pierina, Antamina","Barrick,Antamina","['Ciudad de Huaraz', 'Caseríos y anexos cercanos al cerro Condorhuain']",ÁNCASH,"['Ciudad de Huaraz', 'Rondos Lauricocha']",2007,2,2007-S2
Grupo_638,Latente,2007-11-30,Antamina,Antamina,['CP San Antonio de Juprog'],ÁNCASH,['CP San Antonio de Juprog'],2007,2,2007-S2
Grupo_2613,Latente,2007-11-30,Antamina,Antamina,['CP Chasquitambo'],ÁNCASH,['CP Chasquitambo'],2007,2,2007-S2
Grupo_350,Latente,2007-11-30,Yanacocha,Newmont,"['CP Quishuar corral', 'CP Aliso Colorado', 'CP San José']",CAJAMARCA,"['CP Quishuar corral', 'CP Aliso Colorado', 'CP San Jose']",2007,2,2007-S2
Grupo_505,Latente,2007-11-30,Quellaveco,Angloamerican,['Distrito de Torata'],MOQUEGUA,['Distrito de Torata'],2007,2,2007-S2
Grupo_525,Latente,2007-11-30,Atacocha,Nexa Resources,['Distrito de San Francisco de Asís de Yarusyacan'],PASCO,['San Francisco de Asis de Yarusyacan'],2007,2,2007-S2
Grupo_638,Latente,2008-01-31,Antamina,Antamina,['CP San Antonio de Juprog'],ÁNCASH,['CP San Antonio de Juprog'],2008,1,2008-S1
Grupo_2613,Latente,2008-01-31,Antamina,Antamina,['CP Chasquitambo'],ÁNCASH,['CP Chasquitambo'],2008,1,2008-S1
Grupo_350,Latente,2008-01-31,Yanacocha,Newmont,"['CP Quishuar corral', 'CP Aliso Colorado', 'CP San José']",CAJAMARCA,"['CP Quishuar corral', 'CP Aliso Colorado', 'CP San Jose']",2008,1,2008-S1
Grupo_505,Latente,2008-01-31,Quellaveco,Angloamerican,['Distrito de Torata'],MOQUEGUA,['Distrito de Torata'],2008,1,2008-S1
Grupo_525,Latente,2008-01-31,Atacocha,Nexa Resources,['Distrito de San Francisco de Asís de Yarusyacan'],PASCO,['San Francisco de Asis de Yarusyacan'],2008,1,2008-S1
Grupo_250,Latente,2008-02-29,"Pierina, Antamina","Barrick,Antamina","['Ciudad de Huaraz', 'Caseríos y anexos cercanos al cerro Condorhuain']",ÁNCASH,"['Ciudad de Huaraz', 'Rondos Lauricocha']",2008,1,2008-S1
Grupo_638,Latente,2008-02-29,Antamina,Antamina,['CP San Antonio de Juprog'],ÁNCASH,['CP San Antonio de Juprog'],2008,1,2008-S1
Grupo_2613,Latente,2008-02-29,Antamina,Antamina,['CP Chasquitambo'],ÁNCASH,['CP Chasquitambo'],2008,1,2008-S1
Grupo_350,Latente,2008-02-29,Yanacocha,Newmont,"['CP Quishuar corral', 'CP Aliso Colorado', 'CP San José']",CAJAMARCA,"['CP Quishuar corral', 'CP Aliso Colorado', 'CP San Jose']",2008,1,2008-S1
Grupo_505,Latente,2008-02-29,Quellaveco,Angloamerican,['Distrito de Torata'],MOQUEGUA,['Distrito de Torata'],2008,1,2008-S1
Grupo_525,Latente,2008-02-29,Atacocha,Nexa Resources,['Distrito de San Francisco de Asís de Yarusyacan'],PASCO,['San Francisco de Asis de Yarusyacan'],2008,1,2008-S1
Grupo_481,Latente,2008-03-31,Antamina,Antamina,"['CP Ayash Pichiú', 'CP Santa Cruz Pichiú']",ÁNCASH,"['CP Ayash Pichiu', 'Santa Cruz Pichiu']",2008,1,2008-S1
Grupo_638,Latente,2008-03-31,Antamina,Antamina,['CP San Antonio de Juprog'],ÁNCASH,['CP San Antonio de Juprog'],2008,1,2008-S1
Grupo_2613,Latente,2008-03-31,Antamina,Antamina,['CP Chasquitambo'],ÁNCASH,['CP Chasquitambo'],2008,1,2008-S1
Grupo_350,Latente,2008-03-31,Yanacocha,Newmont,"['CP Quishuar corral', 'CP Aliso Colorado', 'CP San José']",CAJAMARCA,"['CP Quishuar corral', 'CP Aliso Colorado', 'CP San Jose']",2008,1,2008-S1
Grupo_525,Latente,2008-03-31,Atacocha,Nexa Resources,['Distrito de San Francisco de Asís de Yarusyacan'],PASCO,['San Francisco de Asis de Yarusyacan'],2008,1,2008-S1
Grupo_250,Latente,2007-12-31,"Pierina, Antamina","Barrick,Antamina","['Ciudad de Huaraz', 'Caseríos y anexos cercanos al cerro Condorhuain']",ÁNCASH,"['Ciudad de Huaraz', 'Rondos Lauricocha']",2007,2,2007-S2
Grupo_638,Latente,2007-12-31,Antamina,Antamina,['CP San Antonio de Juprog'],ÁNCASH,['CP San Antonio de Juprog'],2007,2,2007-S2
Grupo_2613,Latente,2007-12-31,Antamina,Antamina,['CP Chasquitambo'],ÁNCASH,['CP Chasquitambo'],2007,2,2007-S2
Grupo_350,Latente,2007-12-31,Yanacocha,Newmont,"['CP Quishuar corral', 'CP Aliso Colorado', 'CP San José']",CAJAMARCA,"['CP Quishuar corral', 'CP Aliso Colorado', 'CP San Jose']",2007,2,2007-S2
Grupo_505,Latente,2007-12-31,Quellaveco,Angloamerican,['Distrito de Torata'],MOQUEGUA,['Distrito de Torata'],2007,2,2007-S2
Grupo_525,Latente,2007-12-31,Atacocha,Nexa Resources,['Distrito de San Francisco de Asís de Yarusyacan'],PASCO,['San Francisco de Asis de Yarusyacan'],2007,2,2007-S2
Grupo_940,Latente,2009-09-30,Atacocha,Nexa Resources,['Distrito de Ticlacayán'],PASCO,['Ticlacayán'],2009,2,2009-S2
Grupo_505,Latente,2008-07-31,Quellaveco,Angloamerican,['Distrito de Torata'],MOQUEGUA,['Distrito de Torata'],2008,2,2008-S2
Grupo_682,Latente,2010-08-31,Yanacocha,Newmont,"['CP Huambocancha Alta', 'CP El Batán']",CAJAMARCA,"['Cumbancha Alta', 'CP El Batán']",2010,2,2010-S2
Grupo_682,Latente,2009-07-31,Yanacocha,Newmont,"['CP Huambocancha Alta', 'CP El Batán']",CAJAMARCA,"['Cumbancha Alta', 'CP El Batán']",2009,2,2009-S2
Grupo_847,Latente,2010-01-31,Yanacocha,Newmont,"['CP Pachachaca', 'CP Chanta Alta', 'CP El Alumbre', 'CP Totoracocha']",CAJAMARCA,"['Pachachaca', 'CP Chanta Alta', 'CP El Alumbre', 'CP Totoracocha']",2010,1,2010-S1
Grupo_505,Latente,2010-01-31,Quellaveco,Angloamerican,['Distrito de Torata'],MOQUEGUA,['Distrito de Torata'],2010,1,2010-S1
Grupo_848,Latente,2010-03-31,Yanacocha,Newmont,"['CP Magdalena', 'CP Choropampa', 'CP San Juan']",CAJAMARCA,"['CP Magdalena', 'CP Choropampa', 'San Juan']",2010,1,2010-S1
Grupo_674,Latente,2010-05-31,Yanacocha,Newmont,['CP La Ramada'],CAJAMARCA,['CP La Ramada'],2010,1,2010-S1
Grupo_848,Latente,2010-10-31,Yanacocha,Newmont,"['CP Magdalena', 'CP Choropampa', 'CP San Juan']",CAJAMARCA,"['CP Magdalena', 'CP Choropampa', 'San Juan']",2010,2,2010-S2
Grupo_1045,Latente,2010-10-31,Yanacocha,Newmont,['CP Quishuar corral'],CAJAMARCA,['CP Quishuar corral'],2010,2,2010-S2
Grupo_350,Latente,2008-09-30,Yanacocha,Newmont,"['CP Quishuar corral', 'CP Aliso Colorado', 'CP San José']",CAJAMARCA,"['CP Quishuar corral', 'CP Aliso Colorado', 'CP San Jose']",2008,2,2008-S2
Grupo_940,Latente,2008-10-31,Atacocha,Nexa Resources,['Distrito de Ticlacayán'],PASCO,['Ticlacayán'],2008,2,2008-S2
Grupo_1251,Latente,2011-09-30,Cerro Corona,Gold Fields,['Distrito de Hualgayoc'],CAJAMARCA,['Hualgayoc'],2011,2,2011-S2
Grupo_638,Latente,2014-07-31,Antamina,Antamina,['CP San Antonio de Juprog'],ÁNCASH,['CP San Antonio de Juprog'],2014,2,2014-S2
Grupo_1444,Latente,2014-06-30,Las Bambas,Las Bambas,"['CP Fuerabamba', 'CP Nueva Fuerabamba', 'CP Chila', 'CP Choaquere', 'CP Minascucho']",APURÍMAC,"['CP Fuerabamba', 'CP Nueva Fuerabamba', 'CP Chila', 'CP Choaquere', 'CP Minascucho']",2014,1,2014-S1
Grupo_1444,Latente,2014-05-31,Las Bambas,Las Bambas,"['CP Fuerabamba', 'CP Nueva Fuerabamba', 'CP Chila', 'CP Choaquere', 'CP Minascucho']",APURÍMAC,"['CP Fuerabamba', 'CP Nueva Fuerabamba', 'CP Chila', 'CP Choaquere', 'CP Minascucho']",2014,1,2014-S1
Grupo_1444,Latente,2014-04-30,Las Bambas,Las Bambas,"['CP Fuerabamba', 'CP Nueva Fuerabamba', 'CP Chila', 'CP Choaquere', 'CP Minascucho']",APURÍMAC,"['CP Fuerabamba', 'CP Nueva Fuerabamba', 'CP Chila', 'CP Choaquere', 'CP Minascucho']",2014,1,2014-S1
Grupo_1444,Latente,2014-03-31,Las Bambas,Las Bambas,"['CP Fuerabamba', 'CP Nueva Fuerabamba', 'CP Chila', 'CP Choaquere', 'CP Minascucho']",APURÍMAC,"['CP Fuerabamba', 'CP Nueva Fuerabamba', 'CP Chila', 'CP Choaquere', 'CP Minascucho']",2014,1,2014-S1
Grupo_1440,Latente,2013-11-30,Antamina,Antamina,['CP Túpac Amaru'],ÁNCASH,['CP Tupac Amaru'],2013,2,2013-S2
Grupo_1440,Latente,2013-10-31,Antamina,Antamina,['CP Túpac Amaru'],ÁNCASH,['CP Tupac Amaru'],2013,2,2013-S2
Grupo_1440,Latente,2013-09-30,Antamina,Antamina,['CP Túpac Amaru'],ÁNCASH,['CP Tupac Amaru'],2013,2,2013-S2
Grupo_1440,Latente,2013-08-31,Antamina,Antamina,['CP Túpac Amaru'],ÁNCASH,['CP Tupac Amaru'],2013,2,2013-S2
Grupo_1440,Latente,2013-07-31,Antamina,Antamina,['CP Túpac Amaru'],ÁNCASH,['CP Tupac Amaru'],2013,2,2013-S2
Grupo_1440,Latente,2013-06-30,Antamina,Antamina,['CP Túpac Amaru'],ÁNCASH,['CP Tupac Amaru'],2013,1,2013-S1
Grupo_638,Latente,2014-08-31,Antamina,Antamina,['CP San Antonio de Juprog'],ÁNCASH,['CP San Antonio de Juprog'],2014,2,2014-S2
Grupo_638,Latente,2014-09-30,Antamina,Antamina,['CP San Antonio de Juprog'],ÁNCASH,['CP San Antonio de Juprog'],2014,2,2014-S2
Grupo_1391,Latente,2018-11-30,Antamina,Antamina,['CP Chipta'],ÁNCASH,['Huanchay'],2018,2,2018-S2
Grupo_2187,Latente,2018-11-30,Chungar,Volcan,['CC Baños'],LIMA PROVINCIAS,['Baños'],2018,2,2018-S2
Grupo_1760,Latente,2019-07-31,Quellaveco,Angloamerican,"['Valle de Tambo (Punta de Bombón)', 'Irrigación Ensenada - Mejía - Mollendo de la provincia Islay']",AREQUIPA,"['Valle de Tambo', 'Mejía Islay']",2019,2,2019-S2
Grupo_2187,Latente,2019-07-31,Chungar,Volcan,['CC Baños'],LIMA PROVINCIAS,['Baños'],2019,2,2019-S2
Grupo_1760,Latente,2019-08-31,Quellaveco,Angloamerican,"['Valle de Tambo (Punta de Bombón)', 'Irrigación Ensenada - Mejía - Mollendo de la provincia Islay']",AREQUIPA,"['Valle de Tambo', 'Mejía Islay']",2019,2,2019-S2
Grupo_2187,Latente,2019-08-31,Chungar,Volcan,['CC Baños'],LIMA PROVINCIAS,['Baños'],2019,2,2019-S2
Grupo_1760,Latente,2019-09-30,Quellaveco,Angloamerican,"['Valle de Tambo (Punta de Bombón)', 'Irrigación Ensenada - Mejía - Mollendo de la provincia Islay']",AREQUIPA,"['Valle de Tambo', 'Mejía Islay']",2019,2,2019-S2
Grupo_1768,Latente,2019-09-30,Cerro Corona,Gold Fields,['CP Tingo'],CAJAMARCA,['CP Tingo'],2019,2,2019-S2
Grupo_2187,Latente,2019-09-30,Chungar,Volcan,['CC Baños'],LIMA PROVINCIAS,['Baños'],2019,2,2019-S2
Grupo_1760,Latente,2019-11-30,Quellaveco,Angloamerican,"['Valle de Tambo (Punta de Bombón)', 'Irrigación Ensenada - Mejía - Mollendo de la provincia Islay']",AREQUIPA,"['Valle de Tambo', 'Mejía Islay']",2019,2,2019-S2
Grupo_1768,Latente,2019-11-30,Cerro Corona,Gold Fields,['CP Tingo'],CAJAMARCA,['CP Tingo'],2019,2,2019-S2
Grupo_2187,Latente,2019-11-30,Chungar,Volcan,['CC Baños'],LIMA PROVINCIAS,['Baños'],2019,2,2019-S2
Grupo_1760,Latente,2019-12-31,Quellaveco,Angloamerican,"['Valle de Tambo (Punta de Bombón)', 'Irrigación Ensenada - Mejía - Mollendo de la provincia Islay']",AREQUIPA,"['Valle de Tambo', 'Mejía Islay']",2019,2,2019-S2
Grupo_1768,Latente,2019-12-31,Cerro Corona,Gold Fields,['CP Tingo'],CAJAMARCA,['CP Tingo'],2019,2,2019-S2
Grupo_2187,Latente,2019-12-31,Chungar,Volcan,['CC Baños'],LIMA PROVINCIAS,['Baños'],2019,2,2019-S2
Grupo_829,Latente,2024-09-30,Antamina,Antamina,"['CP Carhuayoc', 'CP Cátac']",ÁNCASH,"['CP Carhuayoc', 'CP Catac']",2024,2,2024-S2
Grupo_2238,Latente,2024-09-30,Las Bambas,Las Bambas,['CC Urinsaya'],CUSCO,['CC Urinsaya'],2024,2,2024-S2
Grupo_1853,Latente,2024-09-30,Las Bambas,Las Bambas,"['Provincia de Paruro', 'Distrito Paccarectambo', 'Distrito Yaurisque', 'Distrito Ccapi', 'Distrito Huanoquite']",CUSCO,"['Paruro', 'Paccarectambo', 'Yaurisque', 'Ccapi', 'Huanoquite']",2024,2,2024-S2
Grupo_1391,Latente,2018-08-31,Antamina,Antamina,['CP Chipta'],ÁNCASH,['Huanchay'],2018,2,2018-S2
Grupo_1313,Latente,2018-08-31,Antamina,Antamina,['Distrito de Huarmey'],ÁNCASH,['Huarmey'],2018,2,2018-S2
Grupo_1468,Latente,2018-08-31,Antamina,Antamina,"['CP Cajacay', 'CP Santa Rosa']",ÁNCASH,"['CP Cajacay', 'CP Santa Rosa']",2018,2,2018-S2
Grupo_1484,Latente,2018-08-31,Yanacocha,Yanacocha,['Distrito Los Baños del Inca'],CAJAMARCA,['Los Baños del Inca'],2018,2,2018-S2
Grupo_2187,Latente,2018-08-31,Chungar,Volcan,['CC Baños'],LIMA PROVINCIAS,['Baños'],2018,2,2018-S2
Grupo_1391,Latente,2018-09-30,Antamina,Antamina,['CP Chipta'],ÁNCASH,['Huanchay'],2018,2,2018-S2
Grupo_1313,Latente,2018-09-30,Antamina,Antamina,['Distrito de Huarmey'],ÁNCASH,['Huarmey'],2018,2,2018-S2
Grupo_1468,Latente,2018-09-30,Antamina,Antamina,"['CP Cajacay', 'CP Santa Rosa']",ÁNCASH,"['CP Cajacay', 'CP Santa Rosa']",2018,2,2018-S2
Grupo_1484,Latente,2018-09-30,Yanacocha,Yanacocha,['Distrito Los Baños del Inca'],CAJAMARCA,['Los Baños del Inca'],2018,2,2018-S2
Grupo_2187,Latente,2018-09-30,Chungar,Volcan,['CC Baños'],LIMA PROVINCIAS,['Baños'],2018,2,2018-S2
Grupo_1391,Latente,2018-10-31,Antamina,Antamina,['CP Chipta'],ÁNCASH,['Huanchay'],2018,2,2018-S2
Grupo_1484,Latente,2018-10-31,Yanacocha,Yanacocha,['Distrito Los Baños del Inca'],CAJAMARCA,['Los Baños del Inca'],2018,2,2018-S2
Grupo_2187,Latente,2018-10-31,Chungar,Volcan,['CC Baños'],LIMA PROVINCIAS,['Baños'],2018,2,2018-S2
Grupo_2187,Latente,2018-12-31,Chungar,Volcan,['CC Baños'],LIMA PROVINCIAS,['Baños'],2018,2,2018-S2
Grupo_2187,Latente,2019-01-31,Chungar,Volcan,['CC Baños'],LIMA PROVINCIAS,['Baños'],2019,1,2019-S1
Grupo_2187,Latente,2019-02-28,Chungar,Volcan,['CC Baños'],LIMA PROVINCIAS,['Baños'],2019,1,2019-S1
Grupo_2187,Latente,2019-03-31,Chungar,Volcan,['CC Baños'],LIMA PROVINCIAS,['Baños'],2019,1,2019-S1
Grupo_2187,Latente,2019-04-30,Chungar,Volcan,['CC Baños'],LIMA PROVINCIAS,['Baños'],2019,1,2019-S1
Grupo_1760,Latente,2019-05-31,Quellaveco,Angloamerican,"['Valle de Tambo (Punta de Bombón)', 'Irrigación Ensenada - Mejía - Mollendo de la provincia Islay']",AREQUIPA,"['Valle de Tambo', 'Mejía Islay']",2019,1,2019-S1
Grupo_2187,Latente,2019-05-31,Chungar,Volcan,['CC Baños'],LIMA PROVINCIAS,['Baños'],2019,1,2019-S1
Grupo_1760,Latente,2019-06-30,Quellaveco,Angloamerican,"['Valle de Tambo (Punta de Bombón)', 'Irrigación Ensenada - Mejía - Mollendo de la provincia Islay']",AREQUIPA,"['Valle de Tambo', 'Mejía Islay']",2019,1,2019-S1
Grupo_2187,Latente,2019-06-30,Chungar,Volcan,['CC Baños'],LIMA PROVINCIAS,['Baños'],2019,1,2019-S1
Grupo_1760,Latente,2019-10-31,Quellaveco,Angloamerican,"['Valle de Tambo (Punta de Bombón)', 'Irrigación Ensenada - Mejía - Mollendo de la provincia Islay']",AREQUIPA,"['Valle de Tambo', 'Mejía Islay']",2019,2,2019-S2
Grupo_1768,Latente,2019-10-31,Cerro Corona,Gold Fields,['CP Tingo'],CAJAMARCA,['CP Tingo'],2019,2,2019-S2
Grupo_2187,Latente,2019-10-31,Chungar,Volcan,['CC Baños'],LIMA PROVINCIAS,['Baños'],2019,2,2019-S2
Grupo_1760,Latente,2020-01-31,Quellaveco,Angloamerican,"['Valle de Tambo (Punta de Bombón)', 'Irrigación Ensenada - Mejía - Mollendo de la provincia Islay']",AREQUIPA,"['Valle de Tambo', 'Mejía Islay']",2020,1,2020-S1
Grupo_1768,Latente,2020-01-31,Cerro Corona,Gold Fields,['CP Tingo'],CAJAMARCA,['CP Tingo'],2020,1,2020-S1
Grupo_2187,Latente,2020-01-31,Chungar,Volcan,['CC Baños'],LIMA PROVINCIAS,['Baños'],2020,1,2020-S1
Grupo_1391,Latente,2018-07-31,Antamina,Antamina,['CP Chipta'],ÁNCASH,['Huanchay'],2018,2,2018-S2
Grupo_1313,Latente,2018-07-31,Antamina,Antamina,['Distrito de Huarmey'],ÁNCASH,['Huarmey'],2018,2,2018-S2
Grupo_1468,Latente,2018-07-31,Antamina,Antamina,"['CP Cajacay', 'CP Santa Rosa']",ÁNCASH,"['CP Cajacay', 'CP Santa Rosa']",2018,2,2018-S2
Grupo_1484,Latente,2018-07-31,Yanacocha,Yanacocha,['Distrito Los Baños del Inca'],CAJAMARCA,['Los Baños del Inca'],2018,2,2018-S2
Grupo_2187,Latente,2018-07-31,Chungar,Volcan,['CC Baños'],LIMA PROVINCIAS,['Baños'],2018,2,2018-S2
Grupo_1760,Latente,2020-02-29,Quellaveco,Angloamerican,"['Valle de Tambo (Punta de Bombón)', 'Irrigación Ensenada - Mejía - Mollendo de la provincia Islay']",AREQUIPA,"['Valle de Tambo', 'Mejía Islay']",2020,1,2020-S1
Grupo_1768,Latente,2020-02-29,Cerro Corona,Gold Fields,['CP Tingo'],CAJAMARCA,['CP Tingo'],2020,1,2020-S1
Grupo_2187,Latente,2020-02-29,Chungar,Volcan,['CC Baños'],LIMA PROVINCIAS,['Baños'],2020,1,2020-S1
Grupo_1760,Latente,2020-03-31,Quellaveco,Angloamerican,"['Valle de Tambo (Punta de Bombón)', 'Irrigación Ensenada - Mejía - Mollendo de la provincia Islay']",AREQUIPA,"['Valle de Tambo', 'Mejía Islay']",2020,1,2020-S1
Grupo_1768,Latente,2020-03-31,Cerro Corona,Gold Fields,['CP Tingo'],CAJAMARCA,['CP Tingo'],2020,1,2020-S1
Grupo_2187,Latente,2020-03-31,Chungar,Volcan,['CC Baños'],LIMA PROVINCIAS,['Baños'],2020,1,2020-S1
Grupo_1768,Latente,2020-08-31,Cerro Corona,Gold Fields,['CP Tingo'],CAJAMARCA,['CP Tingo'],2020,2,2020-S2
Grupo_2187,Latente,2020-08-31,Chungar,Volcan,['CC Baños'],LIMA PROVINCIAS,['Baños'],2020,2,2020-S2
Grupo_829,Latente,2024-07-31,Antamina,Antamina,"['CP Carhuayoc', 'CP Cátac']",ÁNCASH,"['CP Carhuayoc', 'CP Catac']",2024,2,2024-S2
Grupo_2238,Latente,2024-07-31,Las Bambas,Las Bambas,['CC Urinsaya'],CUSCO,['CC Urinsaya'],2024,2,2024-S2
Grupo_1853,Latente,2024-07-31,Las Bambas,Las Bambas,"['Provincia de Paruro', 'Distrito Paccarectambo', 'Distrito Yaurisque', 'Distrito Ccapi', 'Distrito Huanoquite']",CUSCO,"['Paruro', 'Paccarectambo', 'Yaurisque', 'Ccapi', 'Huanoquite']",2024,2,2024-S2
Grupo_638,Latente,2014-10-31,Antamina,Antamina,['CP San Antonio de Juprog'],ÁNCASH,['CP San Antonio de Juprog'],2014,2,2014-S2
Grupo_829,Latente,2014-10-31,Antamina,Antamina,"['CP Carhuayoc', 'CP Cátac']",ÁNCASH,"['CP Carhuayoc', 'CP Catac']",2014,2,2014-S2
Grupo_638,Latente,2014-11-30,Antamina,Antamina,['CP San Antonio de Juprog'],ÁNCASH,['CP San Antonio de Juprog'],2014,2,2014-S2
Grupo_829,Latente,2014-11-30,Antamina,Antamina,"['CP Carhuayoc', 'CP Cátac']",ÁNCASH,"['CP Carhuayoc', 'CP Catac']",2014,2,2014-S2
Grupo_1391,Latente,2014-11-30,Antamina,Antamina,['CP Chipta'],ÁNCASH,['Huanchay'],2014,2,2014-S2
Grupo_638,Latente,2014-12-31,Antamina,Antamina,['CP San Antonio de Juprog'],ÁNCASH,['CP San Antonio de Juprog'],2014,2,2014-S2
Grupo_829,Latente,2014-12-31,Antamina,Antamina,"['CP Carhuayoc', 'CP Cátac']",ÁNCASH,"['CP Carhuayoc', 'CP Catac']",2014,2,2014-S2
Grupo_1391,Latente,2014-12-31,Antamina,Antamina,['CP Chipta'],ÁNCASH,['Huanchay'],2014,2,2014-S2
Grupo_638,Latente,2015-01-31,Antamina,Antamina,['CP San Antonio de Juprog'],ÁNCASH,['CP San Antonio de Juprog'],2015,1,2015-S1
Grupo_829,Latente,2015-01-31,Antamina,Antamina,"['CP Carhuayoc', 'CP Cátac']",ÁNCASH,"['CP Carhuayoc', 'CP Catac']",2015,1,2015-S1
Grupo_1391,Latente,2015-01-31,Antamina,Antamina,['CP Chipta'],ÁNCASH,['Huanchay'],2015,1,2015-S1
Grupo_638,Latente,2015-02-28,Antamina,Antamina,['CP San Antonio de Juprog'],ÁNCASH,['CP San Antonio de Juprog'],2015,1,2015-S1
Grupo_829,Latente,2015-02-28,Antamina,Antamina,"['CP Carhuayoc', 'CP Cátac']",ÁNCASH,"['CP Carhuayoc', 'CP Catac']",2015,1,2015-S1
Grupo_1391,Latente,2015-02-28,Antamina,Antamina,['CP Chipta'],ÁNCASH,['Huanchay'],2015,1,2015-S1
Grupo_638,Latente,2015-03-31,Antamina,Antamina,['CP San Antonio de Juprog'],ÁNCASH,['CP San Antonio de Juprog'],2015,1,2015-S1
Grupo_829,Latente,2015-03-31,Antamina,Antamina,"['CP Carhuayoc', 'CP Cátac']",ÁNCASH,"['CP Carhuayoc', 'CP Catac']",2015,1,2015-S1
Grupo_1391,Latente,2015-03-31,Antamina,Antamina,['CP Chipta'],ÁNCASH,['Huanchay'],2015,1,2015-S1
Grupo_638,Latente,2015-04-30,Antamina,Antamina,['CP San Antonio de Juprog'],ÁNCASH,['CP San Antonio de Juprog'],2015,1,2015-S1
Grupo_829,Latente,2015-04-30,Antamina,Antamina,"['CP Carhuayoc', 'CP Cátac']",ÁNCASH,"['CP Carhuayoc', 'CP Catac']",2015,1,2015-S1
Grupo_1391,Latente,2015-04-30,Antamina,Antamina,['CP Chipta'],ÁNCASH,['Huanchay'],2015,1,2015-S1
Grupo_829,Latente,2015-05-31,Antamina,Antamina,"['CP Carhuayoc', 'CP Cátac']",ÁNCASH,"['CP Carhuayoc', 'CP Catac']",2015,1,2015-S1
Grupo_1391,Latente,2015-05-31,Antamina,Antamina,['CP Chipta'],ÁNCASH,['Huanchay'],2015,1,2015-S1
Grupo_829,Latente,2015-06-30,Antamina,Antamina,"['CP Carhuayoc', 'CP Cátac']",ÁNCASH,"['CP Carhuayoc', 'CP Catac']",2015,1,2015-S1
Grupo_1391,Latente,2015-06-30,Antamina,Antamina,['CP Chipta'],ÁNCASH,['Huanchay'],2015,1,2015-S1
Grupo_829,Latente,2015-07-31,Antamina,Antamina,"['CP Carhuayoc', 'CP Cátac']",ÁNCASH,"['CP Carhuayoc', 'CP Catac']",2015,2,2015-S2
Grupo_1391,Latente,2015-07-31,Antamina,Antamina,['CP Chipta'],ÁNCASH,['Huanchay'],2015,2,2015-S2
Grupo_829,Latente,2015-08-31,Antamina,Antamina,"['CP Carhuayoc', 'CP Cátac']",ÁNCASH,"['CP Carhuayoc', 'CP Catac']",2015,2,2015-S2
Grupo_1391,Latente,2015-08-31,Antamina,Antamina,['CP Chipta'],ÁNCASH,['Huanchay'],2015,2,2015-S2
Grupo_1325,Latente,2015-08-31,Yanacocha,Newmont,['Distrito de La Encañada'],CAJAMARCA,['La Encañada'],2015,2,2015-S2
Grupo_829,Latente,2015-09-30,Antamina,Antamina,"['CP Carhuayoc', 'CP Cátac']",ÁNCASH,"['CP Carhuayoc', 'CP Catac']",2015,2,2015-S2
Grupo_1391,Latente,2015-09-30,Antamina,Antamina,['CP Chipta'],ÁNCASH,['Huanchay'],2015,2,2015-S2
Grupo_1325,Latente,2015-09-30,Yanacocha,Newmont,['Distrito de La Encañada'],CAJAMARCA,['La Encañada'],2015,2,2015-S2
Grupo_829,Latente,2015-10-31,Antamina,Antamina,"['CP Carhuayoc', 'CP Cátac']",ÁNCASH,"['CP Carhuayoc', 'CP Catac']",2015,2,2015-S2
Grupo_1391,Latente,2015-10-31,Antamina,Antamina,['CP Chipta'],ÁNCASH,['Huanchay'],2015,2,2015-S2
Grupo_1325,Latente,2015-10-31,Yanacocha,Newmont,['Distrito de La Encañada'],CAJAMARCA,['La Encañada'],2015,2,2015-S2
Grupo_829,Latente,2015-11-30,Antamina,Antamina,"['CP Carhuayoc', 'CP Cátac']",ÁNCASH,"['CP Carhuayoc', 'CP Catac']",2015,2,2015-S2
Grupo_1391,Latente,2015-11-30,Antamina,Antamina,['CP Chipta'],ÁNCASH,['Huanchay'],2015,2,2015-S2
Grupo_1325,Latente,2015-11-30,Yanacocha,Newmont,['Distrito de La Encañada'],CAJAMARCA,['La Encañada'],2015,2,2015-S2
Grupo_1391,Latente,2015-12-31,Antamina,Antamina,['CP Chipta'],ÁNCASH,['Huanchay'],2015,2,2015-S2
Grupo_1325,Latente,2015-12-31,Yanacocha,Newmont,['Distrito de La Encañada'],CAJAMARCA,['La Encañada'],2015,2,2015-S2
Grupo_829,Latente,2016-01-31,Antamina,Antamina,"['CP Carhuayoc', 'CP Cátac']",ÁNCASH,"['CP Carhuayoc', 'CP Catac']",2016,1,2016-S1
Grupo_1391,Latente,2016-01-31,Antamina,Antamina,['CP Chipta'],ÁNCASH,['Huanchay'],2016,1,2016-S1
Grupo_1325,Latente,2016-01-31,Yanacocha,Newmont,['Distrito de La Encañada'],CAJAMARCA,['La Encañada'],2016,1,2016-S1
Grupo_1723,Latente,2016-01-31,Toromocho,Chinalco,['CP PACHACHACA (Yauli)'],JUNÍN,['PACHACHACA Yauli'],2016,1,2016-S1
Grupo_1325,Latente,2016-02-29,Yanacocha,Newmont,['Distrito de La Encañada'],CAJAMARCA,['La Encañada'],2016,1,2016-S1
Grupo_1723,Latente,2016-02-29,Toromocho,Chinalco,['CP PACHACHACA (Yauli)'],JUNÍN,['PACHACHACA Yauli'],2016,1,2016-S1
Grupo_829,Latente,2016-03-31,Antamina,Antamina,"['CP Carhuayoc', 'CP Cátac']",ÁNCASH,"['CP Carhuayoc', 'CP Catac']",2016,1,2016-S1
Grupo_1325,Latente,2016-03-31,Yanacocha,Newmont,['Distrito de La Encañada'],CAJAMARCA,['La Encañada'],2016,1,2016-S1
Grupo_1723,Latente,2016-03-31,Toromocho,Chinalco,['CP PACHACHACA (Yauli)'],JUNÍN,['PACHACHACA Yauli'],2016,1,2016-S1
Grupo_829,Latente,2016-04-30,Antamina,Antamina,"['CP Carhuayoc', 'CP Cátac']",ÁNCASH,"['CP Carhuayoc', 'CP Catac']",2016,1,2016-S1
Grupo_1325,Latente,2016-04-30,Yanacocha,Newmont,['Distrito de La Encañada'],CAJAMARCA,['La Encañada'],2016,1,2016-S1
Grupo_1723,Latente,2016-04-30,Toromocho,Chinalco,['CP PACHACHACA (Yauli)'],JUNÍN,['PACHACHACA Yauli'],2016,1,2016-S1
Grupo_829,Latente,2016-05-31,Antamina,Antamina,"['CP Carhuayoc', 'CP Cátac']",ÁNCASH,"['CP Carhuayoc', 'CP Catac']",2016,1,2016-S1
Grupo_1325,Latente,2016-05-31,Yanacocha,Newmont,['Distrito de La Encañada'],CAJAMARCA,['La Encañada'],2016,1,2016-S1
Grupo_1723,Latente,2016-05-31,Toromocho,Chinalco,['CP PACHACHACA (Yauli)'],JUNÍN,['PACHACHACA Yauli'],2016,1,2016-S1
Grupo_829,Latente,2016-06-30,Antamina,Antamina,"['CP Carhuayoc', 'CP Cátac']",ÁNCASH,"['CP Carhuayoc', 'CP Catac']",2016,1,2016-S1
Grupo_1325,Latente,2016-06-30,Yanacocha,Newmont,['Distrito de La Encañada'],CAJAMARCA,['La Encañada'],2016,1,2016-S1
Grupo_1723,Latente,2016-06-30,Toromocho,Chinalco,['CP PACHACHACA (Yauli)'],JUNÍN,['PACHACHACA Yauli'],2016,1,2016-S1
Grupo_1325,Latente,2016-07-31,Yanacocha,Newmont,['Distrito de La Encañada'],CAJAMARCA,['La Encañada'],2016,2,2016-S2
Grupo_1723,Latente,2016-07-31,Toromocho,Chinalco,['CP PACHACHACA (Yauli)'],JUNÍN,['PACHACHACA Yauli'],2016,2,2016-S2
Grupo_1325,Latente,2016-08-31,Yanacocha,Newmont,['Distrito de La Encañada'],CAJAMARCA,['La Encañada'],2016,2,2016-S2
Grupo_1723,Latente,2016-08-31,Toromocho,Chinalco,['CP PACHACHACA (Yauli)'],JUNÍN,['PACHACHACA Yauli'],2016,2,2016-S2
Grupo_1325,Latente,2016-09-30,Yanacocha,Newmont,['Distrito de La Encañada'],CAJAMARCA,['La Encañada'],2016,2,2016-S2
Grupo_1325,Latente,2016-10-31,Yanacocha,Newmont,['Distrito de La Encañada'],CAJAMARCA,['La Encañada'],2016,2,2016-S2
Grupo_1325,Latente,2016-11-30,Yanacocha,Newmont,['Distrito de La Encañada'],CAJAMARCA,['La Encañada'],2016,2,2016-S2
Grupo_1325,Latente,2016-12-31,Yanacocha,Newmont,['Distrito de La Encañada'],CAJAMARCA,['La Encañada'],2016,2,2016-S2
Grupo_1325,Latente,2017-01-31,Yanacocha,Newmont,['Distrito de La Encañada'],CAJAMARCA,['La Encañada'],2017,1,2017-S1
Grupo_1325,Latente,2017-02-28,Yanacocha,Newmont,['Distrito de La Encañada'],CAJAMARCA,['La Encañada'],2017,1,2017-S1
Grupo_1604,Latente,2017-03-31,Las Bambas,Las Bambas,"['CP Ccahuapirhua', 'CP Chicñahui', 'CP Record Ccanccaja']",APURÍMAC,"['Ccahuapirhua', 'CP Chicñahui', 'Juliaca']",2017,1,2017-S1
Grupo_1325,Latente,2017-03-31,Yanacocha,Newmont,['Distrito de La Encañada'],CAJAMARCA,['La Encañada'],2017,1,2017-S1
Grupo_1391,Latente,2017-04-30,Antamina,Antamina,['CP Chipta'],ÁNCASH,['Huanchay'],2017,1,2017-S1
Grupo_1313,Latente,2017-04-30,Antamina,Antamina,['Distrito de Huarmey'],ÁNCASH,['Huarmey'],2017,1,2017-S1
Grupo_1604,Latente,2017-04-30,Las Bambas,Las Bambas,"['CP Ccahuapirhua', 'CP Chicñahui', 'CP Record Ccanccaja']",APURÍMAC,"['Ccahuapirhua', 'CP Chicñahui', 'Juliaca']",2017,1,2017-S1
Grupo_1325,Latente,2017-04-30,Yanacocha,Newmont,['Distrito de La Encañada'],CAJAMARCA,['La Encañada'],2017,1,2017-S1
Grupo_1391,Latente,2017-05-31,Antamina,Antamina,['CP Chipta'],ÁNCASH,['Huanchay'],2017,1,2017-S1
Grupo_1313,Latente,2017-05-31,Antamina,Antamina,['Distrito de Huarmey'],ÁNCASH,['Huarmey'],2017,1,2017-S1
Grupo_1604,Latente,2017-05-31,Las Bambas,Las Bambas,"['CP Ccahuapirhua', 'CP Chicñahui', 'CP Record Ccanccaja']",APURÍMAC,"['Ccahuapirhua', 'CP Chicñahui', 'Juliaca']",2017,1,2017-S1
Grupo_1391,Latente,2017-06-30,Antamina,Antamina,['CP Chipta'],ÁNCASH,['Huanchay'],2017,1,2017-S1
Grupo_1313,Latente,2017-06-30,Antamina,Antamina,['Distrito de Huarmey'],ÁNCASH,['Huarmey'],2017,1,2017-S1
Grupo_1604,Latente,2017-06-30,Las Bambas,Las Bambas,"['CP Ccahuapirhua', 'CP Chicñahui', 'CP Record Ccanccaja']",APURÍMAC,"['Ccahuapirhua', 'CP Chicñahui', 'Juliaca']",2017,1,2017-S1
Grupo_1391,Latente,2017-07-31,Antamina,Antamina,['CP Chipta'],ÁNCASH,['Huanchay'],2017,2,2017-S2
Grupo_1313,Latente,2017-07-31,Antamina,Antamina,['Distrito de Huarmey'],ÁNCASH,['Huarmey'],2017,2,2017-S2
Grupo_1468,Latente,2017-07-31,Antamina,Antamina,"['CP Cajacay', 'CP Santa Rosa']",ÁNCASH,"['CP Cajacay', 'CP Santa Rosa']",2017,2,2017-S2
Grupo_1440,Latente,2017-07-31,Antamina,Antamina,['CP Túpac Amaru'],ÁNCASH,['CP Tupac Amaru'],2017,2,2017-S2
Grupo_1604,Latente,2017-07-31,Las Bambas,Las Bambas,"['CP Ccahuapirhua', 'CP Chicñahui', 'CP Record Ccanccaja']",APURÍMAC,"['Ccahuapirhua', 'CP Chicñahui', 'Juliaca']",2017,2,2017-S2
Grupo_1391,Latente,2017-08-31,Antamina,Antamina,['CP Chipta'],ÁNCASH,['Huanchay'],2017,2,2017-S2
Grupo_1313,Latente,2017-08-31,Antamina,Antamina,['Distrito de Huarmey'],ÁNCASH,['Huarmey'],2017,2,2017-S2
Grupo_1468,Latente,2017-08-31,Antamina,Antamina,"['CP Cajacay', 'CP Santa Rosa']",ÁNCASH,"['CP Cajacay', 'CP Santa Rosa']",2017,2,2017-S2
Grupo_1440,Latente,2017-08-31,Antamina,Antamina,['CP Túpac Amaru'],ÁNCASH,['CP Tupac Amaru'],2017,2,2017-S2
Grupo_1391,Latente,2017-09-30,Antamina,Antamina,['CP Chipta'],ÁNCASH,['Huanchay'],2017,2,2017-S2
Grupo_1313,Latente,2017-09-30,Antamina,Antamina,['Distrito de Huarmey'],ÁNCASH,['Huarmey'],2017,2,2017-S2
Grupo_1468,Latente,2017-09-30,Antamina,Antamina,"['CP Cajacay', 'CP Santa Rosa']",ÁNCASH,"['CP Cajacay', 'CP Santa Rosa']",2017,2,2017-S2
Grupo_1440,Latente,2017-09-30,Antamina,Antamina,['CP Túpac Amaru'],ÁNCASH,['CP Tupac Amaru'],2017,2,2017-S2
Grupo_1391,Latente,2017-10-31,Antamina,Antamina,['CP Chipta'],ÁNCASH,['Huanchay'],2017,2,2017-S2
Grupo_1313,Latente,2017-10-31,Antamina,Antamina,['Distrito de Huarmey'],ÁNCASH,['Huarmey'],2017,2,2017-S2
Grupo_1468,Latente,2017-10-31,Antamina,Antamina,"['CP Cajacay', 'CP Santa Rosa']",ÁNCASH,"['CP Cajacay', 'CP Santa Rosa']",2017,2,2017-S2
Grupo_1440,Latente,2017-10-31,Antamina,Antamina,['CP Túpac Amaru'],ÁNCASH,['CP Tupac Amaru'],2017,2,2017-S2
Grupo_1391,Latente,2017-11-30,Antamina,Antamina,['CP Chipta'],ÁNCASH,['Huanchay'],2017,2,2017-S2
Grupo_1313,Latente,2017-11-30,Antamina,Antamina,['Distrito de Huarmey'],ÁNCASH,['Huarmey'],2017,2,2017-S2
Grupo_1468,Latente,2017-11-30,Antamina,Antamina,"['CP Cajacay', 'CP Santa Rosa']",ÁNCASH,"['CP Cajacay', 'CP Santa Rosa']",2017,2,2017-S2
Grupo_1440,Latente,2017-11-30,Antamina,Antamina,['CP Túpac Amaru'],ÁNCASH,['CP Tupac Amaru'],2017,2,2017-S2
Grupo_1313,Latente,2017-12-31,Antamina,Antamina,['Distrito de Huarmey'],ÁNCASH,['Huarmey'],2017,2,2017-S2
Grupo_1391,Latente,2017-12-31,Antamina,Antamina,['CP Chipta'],ÁNCASH,['Huanchay'],2017,2,2017-S2
Grupo_1468,Latente,2017-12-31,Antamina,Antamina,"['CP Cajacay', 'CP Santa Rosa']",ÁNCASH,"['CP Cajacay', 'CP Santa Rosa']",2017,2,2017-S2
Grupo_1440,Latente,2017-12-31,Antamina,Antamina,['CP Túpac Amaru'],ÁNCASH,['CP Tupac Amaru'],2017,2,2017-S2
Grupo_1391,Latente,2018-01-31,Antamina,Antamina,['CP Chipta'],ÁNCASH,['Huanchay'],2018,1,2018-S1
Grupo_1313,Latente,2018-01-31,Antamina,Antamina,['Distrito de Huarmey'],ÁNCASH,['Huarmey'],2018,1,2018-S1
Grupo_1468,Latente,2018-01-31,Antamina,Antamina,"['CP Cajacay', 'CP Santa Rosa']",ÁNCASH,"['CP Cajacay', 'CP Santa Rosa']",2018,1,2018-S1
Grupo_1440,Latente,2018-01-31,Antamina,Antamina,['CP Túpac Amaru'],ÁNCASH,['CP Tupac Amaru'],2018,1,2018-S1
Grupo_1391,Latente,2018-02-28,Antamina,Antamina,['CP Chipta'],ÁNCASH,['Huanchay'],2018,1,2018-S1
Grupo_1313,Latente,2018-02-28,Antamina,Antamina,['Distrito de Huarmey'],ÁNCASH,['Huarmey'],2018,1,2018-S1
Grupo_1468,Latente,2018-02-28,Antamina,Antamina,"['CP Cajacay', 'CP Santa Rosa']",ÁNCASH,"['CP Cajacay', 'CP Santa Rosa']",2018,1,2018-S1
Grupo_1440,Latente,2018-02-28,Antamina,Antamina,['CP Túpac Amaru'],ÁNCASH,['CP Tupac Amaru'],2018,1,2018-S1
Grupo_1391,Latente,2018-06-30,Antamina,Antamina,['CP Chipta'],ÁNCASH,['Huanchay'],2018,1,2018-S1
Grupo_1313,Latente,2018-06-30,Antamina,Antamina,['Distrito de Huarmey'],ÁNCASH,['Huarmey'],2018,1,2018-S1
Grupo_1468,Latente,2018-06-30,Antamina,Antamina,"['CP Cajacay', 'CP Santa Rosa']",ÁNCASH,"['CP Cajacay', 'CP Santa Rosa']",2018,1,2018-S1
Grupo_1484,Latente,2018-06-30,Yanacocha,Yanacocha,['Distrito Los Baños del Inca'],CAJAMARCA,['Los Baños del Inca'],2018,1,2018-S1
Grupo_2187,Latente,2018-06-30,Chungar,Volcan,['CC Baños'],LIMA PROVINCIAS,['Baños'],2018,1,2018-S1
Grupo_829,Latente,2023-03-31,Antamina,Antamina,"['CP Carhuayoc', 'CP Cátac']",ÁNCASH,"['CP Carhuayoc', 'CP Catac']",2023,1,2023-S1
Grupo_1768,Latente,2021-10-31,Cerro Corona,Gold Fields,['CP Tingo'],CAJAMARCA,['CP Tingo'],2021,2,2021-S2
Grupo_1853,Latente,2021-10-31,Las Bambas,Las Bambas,"['Provincia de Paruro', 'Distrito Paccarectambo', 'Distrito Yaurisque', 'Distrito Ccapi', 'Distrito Huanoquite']",CUSCO,"['Paruro', 'Paccarectambo', 'Yaurisque', 'Ccapi', 'Huanoquite']",2021,2,2021-S2
Grupo_1768,Latente,2021-12-31,Cerro Corona,Gold Fields,['CP Tingo'],CAJAMARCA,['CP Tingo'],2021,2,2021-S2
Grupo_1853,Latente,2021-12-31,Las Bambas,Las Bambas,"['Provincia de Paruro', 'Distrito Paccarectambo', 'Distrito Yaurisque', 'Distrito Ccapi', 'Distrito Huanoquite']",CUSCO,"['Paruro', 'Paccarectambo', 'Yaurisque', 'Ccapi', 'Huanoquite']",2021,2,2021-S2
Grupo_829,Latente,2022-07-31,Antamina,Antamina,"['CP Carhuayoc', 'CP Cátac']",ÁNCASH,"['CP Carhuayoc', 'CP Catac']",2022,2,2022-S2
Grupo_1768,Latente,2022-07-31,Cerro Corona,Gold Fields,['CP Tingo'],CAJAMARCA,['CP Tingo'],2022,2,2022-S2
Grupo_829,Latente,2022-12-31,Antamina,Antamina,"['CP Carhuayoc', 'CP Cátac']",ÁNCASH,"['CP Carhuayoc', 'CP Catac']",2022,2,2022-S2
Grupo_1768,Latente,2022-12-31,Cerro Corona,Gold Fields,['CP Tingo'],CAJAMARCA,['CP Tingo'],2022,2,2022-S2
Grupo_829,Latente,2024-02-29,Antamina,Antamina,"['CP Carhuayoc', 'CP Cátac']",ÁNCASH,"['CP Carhuayoc', 'CP Catac']",2024,1,2024-S1
Grupo_829,Latente,2024-05-31,Antamina,Antamina,"['CP Carhuayoc', 'CP Cátac']",ÁNCASH,"['CP Carhuayoc', 'CP Catac']",2024,1,2024-S1
Grupo_829,Latente,2024-06-30,Antamina,Antamina,"['CP Carhuayoc', 'CP Cátac']",ÁNCASH,"['CP Carhuayoc', 'CP Catac']",2024,1,2024-S1
Grupo_1884,Latente,2022-04-30,Yanacocha,Newmont,"['CP Totoracocha', 'CP El Alumbre']",CAJAMARCA,"['CP Totoracocha', 'CP El Alumbre']",2022,1,2022-S1
Grupo_1768,Latente,2022-04-30,Cerro Corona,Gold Fields,['CP Tingo'],CAJAMARCA,['CP Tingo'],2022,1,2022-S1
Grupo_829,Latente,2023-04-30,Antamina,Antamina,"['CP Carhuayoc', 'CP Cátac']",ÁNCASH,"['CP Carhuayoc', 'CP Catac']",2023,1,2023-S1
Grupo_2231,Latente,2023-04-30,Quellaveco,Angloamerican,"['Valle de Tambo', 'Punta de Bombón', 'La Ensenada-Mejía']",AREQUIPA,"['Valle de Tambo', 'Punta de Bombón', 'Mejia']",2023,1,2023-S1
Grupo_1391,Latente,2018-03-31,Antamina,Antamina,['CP Chipta'],ÁNCASH,['Huanchay'],2018,1,2018-S1
Grupo_1313,Latente,2018-03-31,Antamina,Antamina,['Distrito de Huarmey'],ÁNCASH,['Huarmey'],2018,1,2018-S1
Grupo_1468,Latente,2018-03-31,Antamina,Antamina,"['CP Cajacay', 'CP Santa Rosa']",ÁNCASH,"['CP Cajacay', 'CP Santa Rosa']",2018,1,2018-S1
Grupo_1440,Latente,2018-03-31,Antamina,Antamina,['CP Túpac Amaru'],ÁNCASH,['CP Tupac Amaru'],2018,1,2018-S1
Grupo_2187,Latente,2018-03-31,Chungar,Volcan,['CC Baños'],LIMA PROVINCIAS,['Baños'],2018,1,2018-S1
Grupo_1391,Latente,2018-04-30,Antamina,Antamina,['CP Chipta'],ÁNCASH,['Huanchay'],2018,1,2018-S1
Grupo_1313,Latente,2018-04-30,Antamina,Antamina,['Distrito de Huarmey'],ÁNCASH,['Huarmey'],2018,1,2018-S1
Grupo_1468,Latente,2018-04-30,Antamina,Antamina,"['CP Cajacay', 'CP Santa Rosa']",ÁNCASH,"['CP Cajacay', 'CP Santa Rosa']",2018,1,2018-S1
Grupo_1440,Latente,2018-04-30,Antamina,Antamina,['CP Túpac Amaru'],ÁNCASH,['CP Tupac Amaru'],2018,1,2018-S1
Grupo_1484,Latente,2018-04-30,Yanacocha,Yanacocha,['Distrito Los Baños del Inca'],CAJAMARCA,['Los Baños del Inca'],2018,1,2018-S1
Grupo_2187,Latente,2018-04-30,Chungar,Volcan,['CC Baños'],LIMA PROVINCIAS,['Baños'],2018,1,2018-S1
Grupo_1391,Latente,2018-05-31,Antamina,Antamina,['CP Chipta'],ÁNCASH,['Huanchay'],2018,1,2018-S1
Grupo_1313,Latente,2018-05-31,Antamina,Antamina,['Distrito de Huarmey'],ÁNCASH,['Huarmey'],2018,1,2018-S1
Grupo_1468,Latente,2018-05-31,Antamina,Antamina,"['CP Cajacay', 'CP Santa Rosa']",ÁNCASH,"['CP Cajacay', 'CP Santa Rosa']",2018,1,2018-S1
Grupo_1484,Latente,2018-05-31,Yanacocha,Yanacocha,['Distrito Los Baños del Inca'],CAJAMARCA,['Los Baños del Inca'],2018,1,2018-S1
Grupo_2187,Latente,2018-05-31,Chungar,Volcan,['CC Baños'],LIMA PROVINCIAS,['Baños'],2018,1,2018-S1
Grupo_1760,Latente,2020-04-30,Quellaveco,Angloamerican,"['Valle de Tambo (Punta de Bombón)', 'Irrigación Ensenada - Mejía - Mollendo de la provincia Islay']",AREQUIPA,"['Valle de Tambo', 'Mejía Islay']",2020,1,2020-S1
Grupo_1768,Latente,2020-04-30,Cerro Corona,Gold Fields,['CP Tingo'],CAJAMARCA,['CP Tingo'],2020,1,2020-S1
Grupo_2187,Latente,2020-04-30,Chungar,Volcan,['CC Baños'],LIMA PROVINCIAS,['Baños'],2020,1,2020-S1
Grupo_1760,Latente,2020-05-31,Quellaveco,Angloamerican,"['Valle de Tambo (Punta de Bombón)', 'Irrigación Ensenada - Mejía - Mollendo de la provincia Islay']",AREQUIPA,"['Valle de Tambo', 'Mejía Islay']",2020,1,2020-S1
Grupo_1768,Latente,2020-05-31,Cerro Corona,Gold Fields,['CP Tingo'],CAJAMARCA,['CP Tingo'],2020,1,2020-S1
Grupo_2187,Latente,2020-05-31,Chungar,Volcan,['CC Baños'],LIMA PROVINCIAS,['Baños'],2020,1,2020-S1
Grupo_1760,Latente,2020-06-30,Quellaveco,Angloamerican,"['Valle de Tambo (Punta de Bombón)', 'Irrigación Ensenada - Mejía - Mollendo de la provincia Islay']",AREQUIPA,"['Valle de Tambo', 'Mejía Islay']",2020,1,2020-S1
Grupo_1768,Latente,2020-06-30,Cerro Corona,Gold Fields,['CP Tingo'],CAJAMARCA,['CP Tingo'],2020,1,2020-S1
Grupo_2187,Latente,2020-06-30,Chungar,Volcan,['CC Baños'],LIMA PROVINCIAS,['Baños'],2020,1,2020-S1
Grupo_1760,Latente,2020-07-31,Quellaveco,Angloamerican,"['Valle de Tambo (Punta de Bombón)', 'Irrigación Ensenada - Mejía - Mollendo de la provincia Islay']",AREQUIPA,"['Valle de Tambo', 'Mejía Islay']",2020,2,2020-S2
Grupo_1768,Latente,2020-07-31,Cerro Corona,Gold Fields,['CP Tingo'],CAJAMARCA,['CP Tingo'],2020,2,2020-S2
Grupo_2187,Latente,2020-07-31,Chungar,Volcan,['CC Baños'],LIMA PROVINCIAS,['Baños'],2020,2,2020-S2
Grupo_1768,Latente,2020-09-30,Cerro Corona,Gold Fields,['CP Tingo'],CAJAMARCA,['CP Tingo'],2020,2,2020-S2
Grupo_2187,Latente,2020-09-30,Chungar,Volcan,['CC Baños'],LIMA PROVINCIAS,['Baños'],2020,2,2020-S2
Grupo_1768,Latente,2020-10-31,Cerro Corona,Gold Fields,['CP Tingo'],CAJAMARCA,['CP Tingo'],2020,2,2020-S2
Grupo_2187,Latente,2020-10-31,Chungar,Volcan,['CC Baños'],LIMA PROVINCIAS,['Baños'],2020,2,2020-S2
Grupo_1768,Latente,2020-11-30,Cerro Corona,Gold Fields,['CP Tingo'],CAJAMARCA,['CP Tingo'],2020,2,2020-S2
Grupo_2187,Latente,2020-11-30,Chungar,Volcan,['CC Baños'],LIMA PROVINCIAS,['Baños'],2020,2,2020-S2
Grupo_1768,Latente,2020-12-31,Cerro Corona,Gold Fields,['CP Tingo'],CAJAMARCA,['CP Tingo'],2020,2,2020-S2
Grupo_2187,Latente,2020-12-31,Chungar,Volcan,['CC Baños'],LIMA PROVINCIAS,['Baños'],2020,2,2020-S2
Grupo_1768,Latente,2021-01-31,Cerro Corona,Gold Fields,['CP Tingo'],CAJAMARCA,['CP Tingo'],2021,1,2021-S1
Grupo_2187,Latente,2021-01-31,Chungar,Volcan,['CC Baños'],LIMA PROVINCIAS,['Baños'],2021,1,2021-S1
Grupo_1768,Latente,2021-02-28,Cerro Corona,Gold Fields,['CP Tingo'],CAJAMARCA,['CP Tingo'],2021,1,2021-S1
Grupo_2187,Latente,2021-02-28,Chungar,Volcan,['CC Baños'],LIMA PROVINCIAS,['Baños'],2021,1,2021-S1
Grupo_1768,Latente,2021-03-31,Cerro Corona,Gold Fields,['CP Tingo'],CAJAMARCA,['CP Tingo'],2021,1,2021-S1
Grupo_2187,Latente,2021-03-31,Chungar,Volcan,['CC Baños'],LIMA PROVINCIAS,['Baños'],2021,1,2021-S1
Grupo_1768,Latente,2021-04-30,Cerro Corona,Gold Fields,['CP Tingo'],CAJAMARCA,['CP Tingo'],2021,1,2021-S1
Grupo_2187,Latente,2021-04-30,Chungar,Volcan,['CC Baños'],LIMA PROVINCIAS,['Baños'],2021,1,2021-S1
Grupo_1768,Latente,2021-05-31,Cerro Corona,Gold Fields,['CP Tingo'],CAJAMARCA,['CP Tingo'],2021,1,2021-S1
Grupo_2187,Latente,2021-05-31,Chungar,Volcan,['CC Baños'],LIMA PROVINCIAS,['Baños'],2021,1,2021-S1
Grupo_1768,Latente,2021-06-30,Cerro Corona,Gold Fields,['CP Tingo'],CAJAMARCA,['CP Tingo'],2021,1,2021-S1
Grupo_2187,Latente,2021-06-30,Chungar,Volcan,['CC Baños'],LIMA PROVINCIAS,['Baños'],2021,1,2021-S1
Grupo_1768,Latente,2021-07-31,Cerro Corona,Gold Fields,['CP Tingo'],CAJAMARCA,['CP Tingo'],2021,2,2021-S2
Grupo_2187,Latente,2021-07-31,Chungar,Volcan,['CC Baños'],LIMA PROVINCIAS,['Baños'],2021,2,2021-S2
Grupo_1768,Latente,2021-08-31,Cerro Corona,Gold Fields,['CP Tingo'],CAJAMARCA,['CP Tingo'],2021,2,2021-S2
Grupo_2187,Latente,2021-08-31,Chungar,Volcan,['CC Baños'],LIMA PROVINCIAS,['Baños'],2021,2,2021-S2
Grupo_1768,Latente,2021-09-30,Cerro Corona,Gold Fields,['CP Tingo'],CAJAMARCA,['CP Tingo'],2021,2,2021-S2
Grupo_2187,Latente,2021-09-30,Chungar,Volcan,['CC Baños'],LIMA PROVINCIAS,['Baños'],2021,2,2021-S2
Grupo_1768,Latente,2021-11-30,Cerro Corona,Gold Fields,['CP Tingo'],CAJAMARCA,['CP Tingo'],2021,2,2021-S2
Grupo_1853,Latente,2021-11-30,Las Bambas,Las Bambas,"['Provincia de Paruro', 'Distrito Paccarectambo', 'Distrito Yaurisque', 'Distrito Ccapi', 'Distrito Huanoquite']",CUSCO,"['Paruro', 'Paccarectambo', 'Yaurisque', 'Ccapi', 'Huanoquite']",2021,2,2021-S2
Grupo_1768,Latente,2022-01-31,Cerro Corona,Gold Fields,['CP Tingo'],CAJAMARCA,['CP Tingo'],2022,1,2022-S1
Grupo_1768,Latente,2022-02-28,Cerro Corona,Gold Fields,['CP Tingo'],CAJAMARCA,['CP Tingo'],2022,1,2022-S1
Grupo_1884,Latente,2022-03-31,Yanacocha,Newmont,"['CP Totoracocha', 'CP El Alumbre']",CAJAMARCA,"['CP Totoracocha', 'CP El Alumbre']",2022,1,2022-S1
Grupo_1768,Latente,2022-03-31,Cerro Corona,Gold Fields,['CP Tingo'],CAJAMARCA,['CP Tingo'],2022,1,2022-S1
Grupo_1884,Latente,2022-05-31,Yanacocha,Newmont,"['CP Totoracocha', 'CP El Alumbre']",CAJAMARCA,"['CP Totoracocha', 'CP El Alumbre']",2022,1,2022-S1
Grupo_1768,Latente,2022-05-31,Cerro Corona,Gold Fields,['CP Tingo'],CAJAMARCA,['CP Tingo'],2022,1,2022-S1
Grupo_829,Latente,2022-06-30,Antamina,Antamina,"['CP Carhuayoc', 'CP Cátac']",ÁNCASH,"['CP Carhuayoc', 'CP Catac']",2022,1,2022-S1
Grupo_1884,Latente,2022-06-30,Yanacocha,Newmont,"['CP Totoracocha', 'CP El Alumbre']",CAJAMARCA,"['CP Totoracocha', 'CP El Alumbre']",2022,1,2022-S1
Grupo_1768,Latente,2022-06-30,Cerro Corona,Gold Fields,['CP Tingo'],CAJAMARCA,['CP Tingo'],2022,1,2022-S1
Grupo_829,Latente,2022-08-31,Antamina,Antamina,"['CP Carhuayoc', 'CP Cátac']",ÁNCASH,"['CP Carhuayoc', 'CP Catac']",2022,2,2022-S2
Grupo_1768,Latente,2022-08-31,Cerro Corona,Gold Fields,['CP Tingo'],CAJAMARCA,['CP Tingo'],2022,2,2022-S2
Grupo_829,Latente,2022-09-30,Antamina,Antamina,"['CP Carhuayoc', 'CP Cátac']",ÁNCASH,"['CP Carhuayoc', 'CP Catac']",2022,2,2022-S2
Grupo_1768,Latente,2022-09-30,Cerro Corona,Gold Fields,['CP Tingo'],CAJAMARCA,['CP Tingo'],2022,2,2022-S2
Grupo_829,Latente,2022-10-31,Antamina,Antamina,"['CP Carhuayoc', 'CP Cátac']",ÁNCASH,"['CP Carhuayoc', 'CP Catac']",2022,2,2022-S2
Grupo_1768,Latente,2022-10-31,Cerro Corona,Gold Fields,['CP Tingo'],CAJAMARCA,['CP Tingo'],2022,2,2022-S2
Grupo_829,Latente,2022-11-30,Antamina,Antamina,"['CP Carhuayoc', 'CP Cátac']",ÁNCASH,"['CP Carhuayoc', 'CP Catac']",2022,2,2022-S2
Grupo_1768,Latente,2022-11-30,Cerro Corona,Gold Fields,['CP Tingo'],CAJAMARCA,['CP Tingo'],2022,2,2022-S2
Grupo_829,Latente,2023-01-31,Antamina,Antamina,"['CP Carhuayoc', 'CP Cátac']",ÁNCASH,"['CP Carhuayoc', 'CP Catac']",2023,1,2023-S1
Grupo_1768,Latente,2023-01-31,Cerro Corona,Gold Fields,['CP Tingo'],CAJAMARCA,['CP Tingo'],2023,1,2023-S1
Grupo_829,Latente,2023-02-28,Antamina,Antamina,"['CP Carhuayoc', 'CP Cátac']",ÁNCASH,"['CP Carhuayoc', 'CP Catac']",2023,1,2023-S1
Grupo_1749,Latente,2023-05-31,Antamina,Antamina,"['CP Ango Raju', 'CP Carhuayoc']",ÁNCASH,"['Huaraz', 'CP Carhuayoc']",2023,1,2023-S1
Grupo_829,Latente,2023-05-31,Antamina,Antamina,"['CP Carhuayoc', 'CP Cátac']",ÁNCASH,"['CP Carhuayoc', 'CP Catac']",2023,1,2023-S1
Grupo_2231,Latente,2023-05-31,Quellaveco,Angloamerican,"['Valle de Tambo', 'Punta de Bombón', 'La Ensenada-Mejía']",AREQUIPA,"['Valle de Tambo', 'Punta de Bombón', 'Mejia']",2023,1,2023-S1
Grupo_1749,Latente,2023-06-30,Antamina,Antamina,"['CP Ango Raju', 'CP Carhuayoc']",ÁNCASH,"['Huaraz', 'CP Carhuayoc']",2023,1,2023-S1
Grupo_829,Latente,2023-06-30,Antamina,Antamina,"['CP Carhuayoc', 'CP Cátac']",ÁNCASH,"['CP Carhuayoc', 'CP Catac']",2023,1,2023-S1
Grupo_2231,Latente,2023-06-30,Quellaveco,Angloamerican,"['Valle de Tambo', 'Punta de Bombón', 'La Ensenada-Mejía']",AREQUIPA,"['Valle de Tambo', 'Punta de Bombón', 'Mejia']",2023,1,2023-S1
Grupo_1749,Latente,2023-07-31,Antamina,Antamina,"['CP Ango Raju', 'CP Carhuayoc']",ÁNCASH,"['Huaraz', 'CP Carhuayoc']",2023,2,2023-S2
Grupo_829,Latente,2023-07-31,Antamina,Antamina,"['CP Carhuayoc', 'CP Cátac']",ÁNCASH,"['CP Carhuayoc', 'CP Catac']",2023,2,2023-S2
Grupo_2231,Latente,2023-07-31,Quellaveco,Angloamerican,"['Valle de Tambo', 'Punta de Bombón', 'La Ensenada-Mejía']",AREQUIPA,"['Valle de Tambo', 'Punta de Bombón', 'Mejia']",2023,2,2023-S2
Grupo_1749,Latente,2023-08-31,Antamina,Antamina,"['CP Ango Raju', 'CP Carhuayoc']",ÁNCASH,"['Huaraz', 'CP Carhuayoc']",2023,2,2023-S2
Grupo_829,Latente,2023-08-31,Antamina,Antamina,"['CP Carhuayoc', 'CP Cátac']",ÁNCASH,"['CP Carhuayoc', 'CP Catac']",2023,2,2023-S2
Grupo_2231,Latente,2023-08-31,Quellaveco,Angloamerican,"['Valle de Tambo', 'Punta de Bombón', 'La Ensenada-Mejía']",AREQUIPA,"['Valle de Tambo', 'Punta de Bombón', 'Mejia']",2023,2,2023-S2
Grupo_1749,Latente,2023-09-30,Antamina,Antamina,"['CP Ango Raju', 'CP Carhuayoc']",ÁNCASH,"['Huaraz', 'CP Carhuayoc']",2023,2,2023-S2
Grupo_829,Latente,2023-09-30,Antamina,Antamina,"['CP Carhuayoc', 'CP Cátac']",ÁNCASH,"['CP Carhuayoc', 'CP Catac']",2023,2,2023-S2
Grupo_2231,Latente,2023-09-30,Quellaveco,Angloamerican,"['Valle de Tambo', 'Punta de Bombón', 'La Ensenada-Mejía']",AREQUIPA,"['Valle de Tambo', 'Punta de Bombón', 'Mejia']",2023,2,2023-S2
Grupo_1749,Latente,2023-10-31,Antamina,Antamina,"['CP Ango Raju', 'CP Carhuayoc']",ÁNCASH,"['Huaraz', 'CP Carhuayoc']",2023,2,2023-S2
Grupo_829,Latente,2023-10-31,Antamina,Antamina,"['CP Carhuayoc', 'CP Cátac']",ÁNCASH,"['CP Carhuayoc', 'CP Catac']",2023,2,2023-S2
Grupo_2231,Latente,2023-10-31,Quellaveco,Angloamerican,"['Valle de Tambo', 'Punta de Bombón', 'La Ensenada-Mejía']",AREQUIPA,"['Valle de Tambo', 'Punta de Bombón', 'Mejia']",2023,2,2023-S2
Grupo_1749,Latente,2023-11-30,Antamina,Antamina,"['CP Ango Raju', 'CP Carhuayoc']",ÁNCASH,"['Huaraz', 'CP Carhuayoc']",2023,2,2023-S2
Grupo_829,Latente,2023-11-30,Antamina,Antamina,"['CP Carhuayoc', 'CP Cátac']",ÁNCASH,"['CP Carhuayoc', 'CP Catac']",2023,2,2023-S2
Grupo_2231,Latente,2023-11-30,Quellaveco,Angloamerican,"['Valle de Tambo', 'Punta de Bombón', 'La Ensenada-Mejía']",AREQUIPA,"['Valle de Tambo', 'Punta de Bombón', 'Mejia']",2023,2,2023-S2
Grupo_1749,Latente,2023-12-31,Antamina,Antamina,"['CP Ango Raju', 'CP Carhuayoc']",ÁNCASH,"['Huaraz', 'CP Carhuayoc']",2023,2,2023-S2
Grupo_829,Latente,2023-12-31,Antamina,Antamina,"['CP Carhuayoc', 'CP Cátac']",ÁNCASH,"['CP Carhuayoc', 'CP Catac']",2023,2,2023-S2
Grupo_2231,Latente,2023-12-31,Quellaveco,Angloamerican,"['Valle de Tambo', 'Punta de Bombón', 'La Ensenada-Mejía']",AREQUIPA,"['Valle de Tambo', 'Punta de Bombón', 'Mejia']",2023,2,2023-S2
Grupo_829,Latente,2024-01-31,Antamina,Antamina,"['CP Carhuayoc', 'CP Cátac']",ÁNCASH,"['CP Carhuayoc', 'CP Catac']",2024,1,2024-S1
Grupo_829,Latente,2024-08-31,Antamina,Antamina,"['CP Carhuayoc', 'CP Cátac']",ÁNCASH,"['CP Carhuayoc', 'CP Catac']",2024,2,2024-S2
Grupo_2238,Latente,2024-08-31,Las Bambas,Las Bambas,['CC Urinsaya'],CUSCO,['CC Urinsaya'],2024,2,2024-S2
Grupo_1853,Latente,2024-08-31,Las Bambas,Las Bambas,"['Provincia de Paruro', 'Distrito Paccarectambo', 'Distrito Yaurisque', 'Distrito Ccapi', 'Distrito Huanoquite']",CUSCO,"['Paruro', 'Paccarectambo', 'Yaurisque', 'Ccapi', 'Huanoquite']",2024,2,2024-S2
Grupo_829,Latente,2024-03-31,Antamina,Antamina,"['CP Carhuayoc', 'CP Cátac']",ÁNCASH,"['CP Carhuayoc', 'CP Catac']",2024,1,2024-S1
Grupo_829,Latente,2024-04-30,Antamina,Antamina,"['CP Carhuayoc', 'CP Cátac']",ÁNCASH,"['CP Carhuayoc', 'CP Catac']",2024,1,2024-S1
Grupo_829,Latente,2024-11-30,Antamina,Antamina,"['CP Carhuayoc', 'CP Cátac']",ÁNCASH,"['CP Carhuayoc', 'CP Catac']",2024,2,2024-S2
Grupo_1924,Latente,2024-11-30,Las Bambas,Las Bambas,['Distrito de Coporaque'],CUSCO,['Coporaque'],2024,2,2024-S2
Grupo_829,Latente,2024-12-31,Antamina,Antamina,"['CP Carhuayoc', 'CP Cátac']",ÁNCASH,"['CP Carhuayoc', 'CP Catac']",2024,2,2024-S2
Grupo_1924,Latente,2024-12-31,Las Bambas,Las Bambas,['Distrito de Coporaque'],CUSCO,['Coporaque'],2024,2,2024-S2
Grupo_829,Latente,2025-01-31,Antamina,Antamina,"['CP Carhuayoc', 'CP Cátac']",ÁNCASH,"['CP Carhuayoc', 'CP Catac']",2025,1,2025-S1
Grupo_1924,Latente,2025-01-31,Las Bambas,Las Bambas,['Distrito de Coporaque'],CUSCO,['Coporaque'],2025,1,2025-S1
Grupo_829,Latente,2024-10-31,Antamina,Antamina,"['CP Carhuayoc', 'CP Cátac']",ÁNCASH,"['CP Carhuayoc', 'CP Catac']",2024,2,2024-S2
Grupo_1853,Latente,2024-10-31,Las Bambas,Las Bambas,"['Provincia de Paruro', 'Distrito Paccarectambo', 'Distrito Yaurisque', 'Distrito Ccapi', 'Distrito Huanoquite']",CUSCO,"['Paruro', 'Paccarectambo', 'Yaurisque', 'Ccapi', 'Huanoquite']",2024,2,2024-S2
Grupo_2238,Latente,2024-10-31,Las Bambas,Las Bambas,['CC Urinsaya'],CUSCO,['CC Urinsaya'],2024,2,2024-S2
Grupo_1924,Latente,2024-10-31,Las Bambas,Las Bambas,['Distrito de Coporaque'],CUSCO,['Coporaque'],2024,2,2024-S2
Grupo_481,Inactivo,2009-07-31,Antamina,Antamina,"['CP Ayash Pichiú', 'CP Santa Cruz Pichiú']",ÁNCASH,"['CP Ayash Pichiu', 'Santa Cruz Pichiu']",2009,2,2009-S2
Grupo_2613,Inactivo,2009-07-31,Antamina,Antamina,['CP Chasquitambo'],ÁNCASH,['CP Chasquitambo'],2009,2,2009-S2
Grupo_847,Inactivo,2010-10-31,Yanacocha,Newmont,"['CP Pachachaca', 'CP Chanta Alta', 'CP El Alumbre', 'CP Totoracocha']",CAJAMARCA,"['Pachachaca', 'CP Chanta Alta', 'CP El Alumbre', 'CP Totoracocha']",2010,2,2010-S2
Grupo_940,Inactivo,2011-01-31,Atacocha,Nexa Resources,['Distrito de Ticlacayán'],PASCO,['Ticlacayán'],2011,1,2011-S1
Grupo_682,Inactivo,2011-07-31,Yanacocha,Newmont,"['CP Huambocancha Alta', 'CP El Batán']",CAJAMARCA,"['Cumbancha Alta', 'CP El Batán']",2011,2,2011-S2
Grupo_940,Inactivo,2009-12-31,Atacocha,Nexa Resources,['Distrito de Ticlacayán'],PASCO,['Ticlacayán'],2009,2,2009-S2
Grupo_525,Inactivo,2009-12-31,Atacocha,Nexa Resources,['Distrito de San Francisco de Asís de Yarusyacan'],PASCO,['San Francisco de Asis de Yarusyacan'],2009,2,2009-S2
Grupo_1444,Inactivo,2014-07-31,Las Bambas,Las Bambas,"['CP Fuerabamba', 'CP Nueva Fuerabamba', 'CP Chila', 'CP Choaquere', 'CP Minascucho']",APURÍMAC,"['CP Fuerabamba', 'CP Nueva Fuerabamba', 'CP Chila', 'CP Choaquere', 'CP Minascucho']",2014,2,2014-S2
Grupo_848,Inactivo,2012-07-31,Yanacocha,Newmont,"['CP Magdalena', 'CP Choropampa', 'CP San Juan']",CAJAMARCA,"['CP Magdalena', 'CP Choropampa', 'San Juan']",2012,2,2012-S2
Grupo_1440,Inactivo,2013-12-31,Antamina,Antamina,['CP Túpac Amaru'],ÁNCASH,['CP Tupac Amaru'],2013,2,2013-S2
Grupo_1045,Inactivo,2011-08-31,Yanacocha,Newmont,['CP Quishuar corral'],CAJAMARCA,['CP Quishuar corral'],2011,2,2011-S2
Grupo_1484,Inactivo,2018-11-30,Yanacocha,Yanacocha,['Distrito Los Baños del Inca'],CAJAMARCA,['Los Baños del Inca'],2018,2,2018-S2
Grupo_1313,Inactivo,2018-10-31,Antamina,Antamina,['Distrito de Huarmey'],ÁNCASH,['Huarmey'],2018,2,2018-S2
Grupo_1468,Inactivo,2018-10-31,Antamina,Antamina,"['CP Cajacay', 'CP Santa Rosa']",ÁNCASH,"['CP Cajacay', 'CP Santa Rosa']",2018,2,2018-S2
Grupo_1391,Inactivo,2018-12-31,Antamina,Antamina,['CP Chipta'],ÁNCASH,['Huanchay'],2018,2,2018-S2
Grupo_1760,Inactivo,2020-08-31,Quellaveco,Angloamerican,"['Valle de Tambo (Punta de Bombón)', 'Irrigación Ensenada - Mejía - Mollendo de la provincia Islay']",AREQUIPA,"['Valle de Tambo', 'Mejía Islay']",2020,2,2020-S2
Grupo_638,Inactivo,2015-05-31,Antamina,Antamina,['CP San Antonio de Juprog'],ÁNCASH,['CP San Antonio de Juprog'],2015,1,2015-S1
Grupo_1723,Inactivo,2016-09-30,Toromocho,Chinalco,['CP PACHACHACA (Yauli)'],JUNÍN,['PACHACHACA Yauli'],2016,2,2016-S2
Grupo_1325,Inactivo,2017-05-31,Yanacocha,Newmont,['Distrito de La Encañada'],CAJAMARCA,['La Encañada'],2017,1,2017-S1
Grupo_1604,Inactivo,2017-08-31,Las Bambas,Las Bambas,"['CP Ccahuapirhua', 'CP Chicñahui', 'CP Record Ccanccaja']",APURÍMAC,"['Ccahuapirhua', 'CP Chicñahui', 'Juliaca']",2017,2,2017-S2
Grupo_1884,Inactivo,2022-07-31,Yanacocha,Newmont,"['CP Totoracocha', 'CP El Alumbre']",CAJAMARCA,"['CP Totoracocha', 'CP El Alumbre']",2022,2,2022-S2
Grupo_1440,Inactivo,2018-05-31,Antamina,Antamina,['CP Túpac Amaru'],ÁNCASH,['CP Tupac Amaru'],2018,1,2018-S1
Grupo_1768,Inactivo,2023-02-28,Cerro Corona,Gold Fields,['CP Tingo'],CAJAMARCA,['CP Tingo'],2023,1,2023-S1
Grupo_2231,Inactivo,2024-01-31,Quellaveco,Angloamerican,"['Valle de Tambo', 'Punta de Bombón', 'La Ensenada-Mejía']",AREQUIPA,"['Valle de Tambo', 'Punta de Bombón', 'Mejia']",2024,1,2024-S1
Grupo_2238,Inactivo,2024-11-30,Las Bambas,Las Bambas,['CC Urinsaya'],CUSCO,['CC Urinsaya'],2024,2,2024-S2
Grupo_1853,Inactivo,2024-11-30,Las Bambas,Las Bambas,"['Provincia de Paruro', 'Distrito Paccarectambo', 'Distrito Yaurisque', 'Distrito Ccapi', 'Distrito Huanoquite']",CUSCO,"['Paruro', 'Paccarectambo', 'Yaurisque', 'Ccapi', 'Huanoquite']",2024,2,2024-S2
Grupo_191,Resuelto,2004-12-31,Yanacocha,Newmont,"['Quilish-38', 'Choropampa', 'San Juan']",CAJAMARCA,"['Quilish', 'Choropampa', 'San Juan']",2004,2,2004-S2
Grupo_191,Resuelto,2004-11-30,Yanacocha,Newmont,"['Quilish-38', 'Choropampa', 'San Juan']",CAJAMARCA,"['Quilish', 'Choropampa', 'San Juan']",2004,2,2004-S2
Grupo_784,Resuelto,2009-09-30,Chungar,Volcan,['CP Huayllay'],PASCO,['CP Huayllay'],2009,2,2009-S2
Grupo_1178,Resuelto,2010-08-31,Cerro Corona,Gold Fields,['Distrito de Hualgayoc'],CAJAMARCA,['Hualgayoc'],2010,2,2010-S2
Grupo_668,Resuelto,2009-07-31,Yanacocha,Newmont,"['CP LLanomayo', 'CP Llushcapampa Baja', 'CP Huambocancha Chica']",CAJAMARCA,"['CP LLanomayo', 'CP Llushcapampa Baja', 'Huambocancha']",2009,2,2009-S2
Grupo_278,Resuelto,2010-05-31,Las Bambas,Las Bambas,"['Cotabambas (Provincia)', 'Tambobamba', 'Chuquilambila']",APURÍMAC,"['Cotabambas', 'Tambobamba', 'Chuquibambilla']",2010,1,2010-S1
Grupo_350,Resuelto,2009-12-31,Yanacocha,Newmont,"['CP Quishuar corral', 'CP Aliso Colorado', 'CP San José']",CAJAMARCA,"['CP Quishuar corral', 'CP Aliso Colorado', 'CP San Jose']",2009,2,2009-S2
Grupo_256,Resuelto,2009-01-31,Yanacocha,Newmont,"['CP Ingatambo', 'CP Negritos', 'CP Lagunas', 'CP San Cirilo', 'CP Yanacanchilla Alta', 'CP Yanacanchilla Bajo']",CAJAMARCA,"['CP Ingatambo', 'CP Negritos', 'CP Lagunas', 'CP San Cirilo', 'CP Yanacanchilla Alta', 'Encañada Cajamarca']",2009,1,2009-S1
Grupo_674,Resuelto,2012-06-30,Yanacocha,Newmont,['CP La Ramada'],CAJAMARCA,['CP La Ramada'],2012,1,2012-S1
Grupo_965,Resuelto,2013-06-30,Antamina,Antamina,['CP Cajacay'],ÁNCASH,['CP Cajacay'],2013,1,2013-S1
Grupo_505,Resuelto,2012-07-31,Quellaveco,Angloamerican,['Distrito de Torata'],MOQUEGUA,['Distrito de Torata'],2012,2,2012-S2
Grupo_1445,Resuelto,2013-08-31,Las Bambas,Las Bambas,"['CC Huancuire', 'CC Pamputa']",APURÍMAC,"['CC Huancuire', 'CC Pamputa']",2013,2,2013-S2
Grupo_1692,Resuelto,2013-11-30,"Las Bambas, Antapaccay","Las Bambas,Glencore",['CP Urinsaya'],CUSCO,['CP Urinsaya'],2013,2,2013-S2
Grupo_1229,Resuelto,2011-08-31,Antamina,Antamina,"['CP Huaripampa Alto', 'CP Huaripampa Bajo', 'CP Huaripampa Centro']",ÁNCASH,"['CP Huaripampa Alto', 'CP Huaripampa Baja', 'CP Huaripampa Central']",2011,2,2011-S2
Grupo_2057,Resuelto,2024-09-30,Chungar,Volcan,['CP Cullhuay'],LIMA PROVINCIAS,['CP Cullhuay'],2024,2,2024-S2
Grupo_1783,Resuelto,2018-12-31,Antamina,Antamina,['Distrito de Llata'],HUÁNUCO,['Llata'],2018,2,2018-S2
Grupo_1251,Resuelto,2024-07-31,Cerro Corona,Gold Fields,['Distrito de Hualgayoc'],CAJAMARCA,['Hualgayoc'],2024,2,2024-S2
Grupo_2183,Resuelto,2017-04-30,Las Bambas,Las Bambas,"['Distrito Yauri', 'Distrito Velille', 'Distrito Ccapacmarca', 'CP Challhuahuacho']",CUSCO,"['Yauri', 'Velille', 'Ccapacmarca', 'CP Challhuahuacho']",2017,1,2017-S1
Grupo_1740,Resuelto,2020-09-30,Antamina,Antamina,"['Huaripampa Alto', 'Huaripampa Centro', 'Huaripampa Bajo']",ÁNCASH,"['Huaripampa Alto', 'Huaripampa Central', 'Huaripampa Baja']",2020,2,2020-S2
Grupo_1776,Resuelto,2021-02-28,Las Bambas,Las Bambas,"['Distrito de Velille', 'CP Tuntuma', 'CP Casa Blanca', 'CP Ccollana', 'CP Cullahuata', 'CP Urasana', 'CP Ayaccasi', 'CP Alccavictoria', 'CP Chacapampa']",CUSCO,"['Velille', 'CP Tuntuma', 'CP Casa Blanca', 'CP Ccollana', 'CP Cullahuata', 'CP Urasana', 'CP Ayaccasi', 'Vvelille', 'CP Chacapampa']",2021,1,2021-S1
Grupo_1870,Resuelto,2021-04-30,Atacocha,Nexa Resources,['CP San Pablo de Ticlacayán'],PASCO,['San Pablo de Ticlacayán'],2021,1,2021-S1
Grupo_2187,Resuelto,2022-10-31,Chungar,Volcan,['CC Baños'],LIMA PROVINCIAS,['Baños'],2022,2,2022-S2
Grupo_2237,Resuelto,2023-05-31,Las Bambas,Las Bambas,['CC Tuntuma'],CUSCO,['CC Tuntuma'],2023,1,2023-S1
Grupo_2258,Resuelto,2023-09-30,Atacocha,Nexa Resources,['CP Machcan'],PASCO,['CP Machcan'],2023,2,2023-S2
Grupo_2256,Resuelto,2023-09-30,Atacocha,Nexa Resources,['CP Joraoniyoc'],PASCO,['Joraoniyoc'],2023,2,2023-S2
Grupo_2257,Resuelto,2023-10-31,Atacocha,Nexa Resources,['CC Chinchán'],PASCO,['CC Chinchán'],2023,2,2023-S2
Grupo_2227,Resuelto,2023-11-30,Antamina,Antamina,"['CP Carhuayoc', 'CP Pichiu Quinuaragra']",ÁNCASH,"['CP Carhuayoc', 'CP Pichiu Quinhuaragra']",2023,2,2023-S2
Grupo_2246,Resuelto,2023-12-31,Toromocho,Chinalco,['CP San Francisco de Asís de Pucará'],JUNÍN,['San Francisco de Asis de Pucara'],2023,2,2023-S2
Grupo_481,Resuelto,2024-01-31,Antamina,Antamina,"['CP Ayash Pichiú', 'CP Santa Cruz Pichiú']",ÁNCASH,"['CP Ayash Pichiu', 'Santa Cruz Pichiu']",2024,1,2024-S1
Grupo_1749,Resuelto,2024-01-31,Antamina,Antamina,"['CP Ango Raju', 'CP Carhuayoc']",ÁNCASH,"['Huaraz', 'CP Carhuayoc']",2024,1,2024-S1
Grupo_2228,Resuelto,2024-01-31,Las Bambas,Las Bambas,['CC Choaquere'],APURÍMAC,['CC Choaquere'],2024,1,2024-S1
Grupo_2229,Resuelto,2024-01-31,Las Bambas,Las Bambas,['CC Pumamarca'],APURÍMAC,['CC Pumamarca'],2024,1,2024-S1
Grupo_1814,Resuelto,2024-11-30,Atacocha,Nexa Resources,['CP San Juan de Milpo'],PASCO,['CP San Juan de Milpo'],2024,2,2024-S2
Grupo_1900,Resuelto,2024-10-31,Las Bambas,Las Bambas,['CC Pumamarca'],APURÍMAC,['CC Pumamarca'],2024,2,2024-S2
